time="2025-11-20T19:13:03+01:00" level=warning msg="open() was used and is currently relative to 'file:///home/mgmdy/Work/Envs/Local/nightly/openedx-k6-loadtesting/authz/', but in the future it will be aligned with how `require` and imports work and will be relative to 'file:///home/mgmdy/Work/Envs/Local/nightly/openedx-k6-loadtesting/utils.js'. This means that in the future open will open relative path relative to the module/file it is written in. You can future proof this by using `import.meta.resolve()` to get relative paths to the file it is written in the current k6 version."

         /\      Grafana   /‾‾/  
    /\  /  \     |\  __   /  /   
   /  \/    \    | |/ /  /   ‾‾\ 
  /          \   |   (  |  (‾)  |
 / __________ \  |_|\_\  \_____/ 

     execution: local
        script: test_authz.js
        output: json (reports/authz-authz_medium-20251120-191302-cet.json)

     scenarios: (100.00%) 1 scenario, 30 max VUs, 16m30s max duration (incl. graceful stop):
              * default: Up to 30 looping VUs for 16m0s over 7 stages (gracefulRampDown: 30s, gracefulStop: 30s)

time="2025-11-20T19:13:03+01:00" level=info msg="Skipping setup phase (run_setup=false)" source=console
time="2025-11-20T19:13:03+01:00" level=info msg="VU 9: Attempting to get token for user: performance__user_9_browser" source=console
time="2025-11-20T19:13:03+01:00" level=info msg="VU 9: Authenticated as 'performance__user_9_browser' with role 'library_user'" source=console

running (00m01.0s), 01/30 VUs, 0 complete and 0 interrupted iterations
default   [   0% ] 01/30 VUs  00m01.0s/16m00.0s

running (00m02.0s), 01/30 VUs, 0 complete and 0 interrupted iterations
default   [   0% ] 01/30 VUs  00m02.0s/16m00.0s

running (00m03.0s), 01/30 VUs, 0 complete and 0 interrupted iterations
default   [   0% ] 01/30 VUs  00m03.0s/16m00.0s

running (00m04.0s), 01/30 VUs, 1 complete and 0 interrupted iterations
default   [   0% ] 01/30 VUs  00m04.0s/16m00.0s

running (00m05.0s), 01/30 VUs, 1 complete and 0 interrupted iterations
default   [   1% ] 01/30 VUs  00m05.0s/16m00.0s

running (00m06.0s), 01/30 VUs, 1 complete and 0 interrupted iterations
default   [   1% ] 01/30 VUs  00m06.0s/16m00.0s

running (00m07.0s), 01/30 VUs, 2 complete and 0 interrupted iterations
default   [   1% ] 01/30 VUs  00m07.0s/16m00.0s

running (00m08.0s), 01/30 VUs, 2 complete and 0 interrupted iterations
default   [   1% ] 01/30 VUs  00m08.0s/16m00.0s

running (00m09.0s), 01/30 VUs, 3 complete and 0 interrupted iterations
default   [   1% ] 01/30 VUs  00m09.0s/16m00.0s

running (00m10.0s), 01/30 VUs, 3 complete and 0 interrupted iterations
default   [   1% ] 01/30 VUs  00m10.0s/16m00.0s

running (00m11.0s), 01/30 VUs, 4 complete and 0 interrupted iterations
default   [   1% ] 01/30 VUs  00m11.0s/16m00.0s

running (00m12.0s), 01/30 VUs, 4 complete and 0 interrupted iterations
default   [   1% ] 01/30 VUs  00m12.0s/16m00.0s

running (00m13.0s), 01/30 VUs, 5 complete and 0 interrupted iterations
default   [   1% ] 01/30 VUs  00m13.0s/16m00.0s
time="2025-11-20T19:13:16+01:00" level=info msg="VU 1: Attempting to get token for user: performance__user_1_browser" source=console

running (00m14.0s), 02/30 VUs, 5 complete and 0 interrupted iterations
default   [   1% ] 02/30 VUs  00m14.0s/16m00.0s
time="2025-11-20T19:13:17+01:00" level=info msg="VU 1: Authenticated as 'performance__user_1_browser' with role 'library_admin'" source=console

running (00m15.0s), 02/30 VUs, 6 complete and 0 interrupted iterations
default   [   2% ] 02/30 VUs  00m15.0s/16m00.0s

running (00m16.0s), 02/30 VUs, 6 complete and 0 interrupted iterations
default   [   2% ] 02/30 VUs  00m16.0s/16m00.0s

running (00m17.0s), 02/30 VUs, 6 complete and 0 interrupted iterations
default   [   2% ] 02/30 VUs  00m17.0s/16m00.0s

running (00m18.0s), 02/30 VUs, 8 complete and 0 interrupted iterations
default   [   2% ] 02/30 VUs  00m18.0s/16m00.0s

running (00m19.0s), 02/30 VUs, 8 complete and 0 interrupted iterations
default   [   2% ] 02/30 VUs  00m19.0s/16m00.0s

running (00m20.0s), 02/30 VUs, 10 complete and 0 interrupted iterations
default   [   2% ] 02/30 VUs  00m20.0s/16m00.0s

running (00m21.0s), 02/30 VUs, 10 complete and 0 interrupted iterations
default   [   2% ] 02/30 VUs  00m21.0s/16m00.0s

running (00m22.0s), 02/30 VUs, 12 complete and 0 interrupted iterations
default   [   2% ] 02/30 VUs  00m22.0s/16m00.0s

running (00m23.0s), 02/30 VUs, 12 complete and 0 interrupted iterations
default   [   2% ] 02/30 VUs  00m23.0s/16m00.0s

running (00m24.0s), 02/30 VUs, 14 complete and 0 interrupted iterations
default   [   2% ] 02/30 VUs  00m24.0s/16m00.0s

running (00m25.0s), 02/30 VUs, 14 complete and 0 interrupted iterations
default   [   3% ] 02/30 VUs  00m25.0s/16m00.0s

running (00m26.0s), 02/30 VUs, 16 complete and 0 interrupted iterations
default   [   3% ] 02/30 VUs  00m26.0s/16m00.0s
time="2025-11-20T19:13:29+01:00" level=info msg="VU 7: Attempting to get token for user: performance__user_7_browser" source=console

running (00m27.0s), 03/30 VUs, 16 complete and 0 interrupted iterations
default   [   3% ] 03/30 VUs  00m27.0s/16m00.0s
time="2025-11-20T19:13:30+01:00" level=info msg="VU 7: Authenticated as 'performance__user_7_browser' with role 'library_admin'" source=console

running (00m28.0s), 03/30 VUs, 16 complete and 0 interrupted iterations
default   [   3% ] 03/30 VUs  00m28.0s/16m00.0s

running (00m29.0s), 03/30 VUs, 18 complete and 0 interrupted iterations
default   [   3% ] 03/30 VUs  00m29.0s/16m00.0s

running (00m30.0s), 03/30 VUs, 18 complete and 0 interrupted iterations
default   [   3% ] 03/30 VUs  00m30.0s/16m00.0s

running (00m31.0s), 03/30 VUs, 21 complete and 0 interrupted iterations
default   [   3% ] 03/30 VUs  00m31.0s/16m00.0s

running (00m32.0s), 03/30 VUs, 21 complete and 0 interrupted iterations
default   [   3% ] 03/30 VUs  00m32.0s/16m00.0s

running (00m33.0s), 03/30 VUs, 24 complete and 0 interrupted iterations
default   [   3% ] 03/30 VUs  00m33.0s/16m00.0s

running (00m34.0s), 03/30 VUs, 24 complete and 0 interrupted iterations
default   [   4% ] 03/30 VUs  00m34.0s/16m00.0s

running (00m35.0s), 03/30 VUs, 24 complete and 0 interrupted iterations
default   [   4% ] 03/30 VUs  00m35.0s/16m00.0s

running (00m36.0s), 03/30 VUs, 27 complete and 0 interrupted iterations
default   [   4% ] 03/30 VUs  00m36.0s/16m00.0s

running (00m37.0s), 03/30 VUs, 27 complete and 0 interrupted iterations
default   [   4% ] 03/30 VUs  00m37.0s/16m00.0s

running (00m38.0s), 03/30 VUs, 30 complete and 0 interrupted iterations
default   [   4% ] 03/30 VUs  00m38.0s/16m00.0s

running (00m39.0s), 03/30 VUs, 30 complete and 0 interrupted iterations
default   [   4% ] 03/30 VUs  00m39.0s/16m00.0s

running (00m40.0s), 03/30 VUs, 33 complete and 0 interrupted iterations
default   [   4% ] 03/30 VUs  00m40.0s/16m00.0s
time="2025-11-20T19:13:43+01:00" level=info msg="VU 5: Attempting to get token for user: performance__user_5_browser" source=console
time="2025-11-20T19:13:43+01:00" level=info msg="VU 5: Authenticated as 'performance__user_5_browser' with role 'library_author'" source=console

running (00m41.0s), 04/30 VUs, 33 complete and 0 interrupted iterations
default   [   4% ] 04/30 VUs  00m41.0s/16m00.0s

running (00m42.0s), 04/30 VUs, 33 complete and 0 interrupted iterations
default   [   4% ] 04/30 VUs  00m42.0s/16m00.0s

running (00m43.0s), 04/30 VUs, 36 complete and 0 interrupted iterations
default   [   4% ] 04/30 VUs  00m43.0s/16m00.0s

running (00m44.0s), 04/30 VUs, 36 complete and 0 interrupted iterations
default   [   5% ] 04/30 VUs  00m44.0s/16m00.0s

running (00m45.0s), 04/30 VUs, 40 complete and 0 interrupted iterations
default   [   5% ] 04/30 VUs  00m45.0s/16m00.0s

running (00m46.0s), 04/30 VUs, 40 complete and 0 interrupted iterations
default   [   5% ] 04/30 VUs  00m46.0s/16m00.0s

running (00m47.0s), 04/30 VUs, 44 complete and 0 interrupted iterations
default   [   5% ] 04/30 VUs  00m47.0s/16m00.0s

running (00m48.0s), 04/30 VUs, 44 complete and 0 interrupted iterations
default   [   5% ] 04/30 VUs  00m48.0s/16m00.0s

running (00m49.0s), 04/30 VUs, 44 complete and 0 interrupted iterations
default   [   5% ] 04/30 VUs  00m49.0s/16m00.0s

running (00m50.0s), 04/30 VUs, 48 complete and 0 interrupted iterations
default   [   5% ] 04/30 VUs  00m50.0s/16m00.0s

running (00m51.0s), 04/30 VUs, 48 complete and 0 interrupted iterations
default   [   5% ] 04/30 VUs  00m51.0s/16m00.0s

running (00m52.0s), 04/30 VUs, 52 complete and 0 interrupted iterations
default   [   5% ] 04/30 VUs  00m52.0s/16m00.0s

running (00m53.0s), 04/30 VUs, 52 complete and 0 interrupted iterations
default   [   6% ] 04/30 VUs  00m53.0s/16m00.0s
time="2025-11-20T19:13:56+01:00" level=info msg="VU 3: Attempting to get token for user: performance__user_3_browser" source=console

running (00m54.0s), 05/30 VUs, 52 complete and 0 interrupted iterations
default   [   6% ] 05/30 VUs  00m54.0s/16m00.0s

running (00m55.0s), 05/30 VUs, 56 complete and 0 interrupted iterations
default   [   6% ] 05/30 VUs  00m55.0s/16m00.0s

running (00m56.0s), 05/30 VUs, 56 complete and 0 interrupted iterations
default   [   6% ] 05/30 VUs  00m56.0s/16m00.0s
time="2025-11-20T19:13:59+01:00" level=info msg="VU 3: Authenticated as 'performance__user_3_browser' with role 'library_user'" source=console

running (00m57.0s), 05/30 VUs, 57 complete and 0 interrupted iterations
default   [   6% ] 05/30 VUs  00m57.0s/16m00.0s

running (00m58.0s), 05/30 VUs, 60 complete and 0 interrupted iterations
default   [   6% ] 05/30 VUs  00m58.0s/16m00.0s

running (00m59.0s), 05/30 VUs, 60 complete and 0 interrupted iterations
default   [   6% ] 05/30 VUs  00m59.0s/16m00.0s

running (01m00.0s), 05/30 VUs, 64 complete and 0 interrupted iterations
default   [   6% ] 05/30 VUs  01m00.0s/16m00.0s

running (01m01.0s), 05/30 VUs, 65 complete and 0 interrupted iterations
default   [   6% ] 05/30 VUs  01m01.0s/16m00.0s

running (01m02.0s), 05/30 VUs, 65 complete and 0 interrupted iterations
default   [   6% ] 05/30 VUs  01m02.0s/16m00.0s

running (01m03.0s), 05/30 VUs, 69 complete and 0 interrupted iterations
default   [   7% ] 05/30 VUs  01m03.0s/16m00.0s

running (01m04.0s), 05/30 VUs, 70 complete and 0 interrupted iterations
default   [   7% ] 05/30 VUs  01m04.0s/16m00.0s

running (01m05.0s), 05/30 VUs, 74 complete and 0 interrupted iterations
default   [   7% ] 05/30 VUs  01m05.0s/16m00.0s

running (01m06.0s), 05/30 VUs, 75 complete and 0 interrupted iterations
default   [   7% ] 05/30 VUs  01m06.0s/16m00.0s
time="2025-11-20T19:14:09+01:00" level=info msg="VU 6: Attempting to get token for user: performance__user_6_browser" source=console

running (01m07.0s), 06/30 VUs, 75 complete and 0 interrupted iterations
default   [   7% ] 06/30 VUs  01m07.0s/16m00.0s
time="2025-11-20T19:14:10+01:00" level=info msg="VU 6: Authenticated as 'performance__user_6_browser' with role 'library_user'" source=console

running (01m08.0s), 06/30 VUs, 79 complete and 0 interrupted iterations
default   [   7% ] 06/30 VUs  01m08.0s/16m00.0s

running (01m09.0s), 06/30 VUs, 80 complete and 0 interrupted iterations
default   [   7% ] 06/30 VUs  01m09.0s/16m00.0s

running (01m10.0s), 06/30 VUs, 84 complete and 0 interrupted iterations
default   [   7% ] 06/30 VUs  01m10.0s/16m00.0s

running (01m11.0s), 06/30 VUs, 86 complete and 0 interrupted iterations
default   [   7% ] 06/30 VUs  01m11.0s/16m00.0s

running (01m12.0s), 06/30 VUs, 86 complete and 0 interrupted iterations
default   [   7% ] 06/30 VUs  01m12.0s/16m00.0s

running (01m13.0s), 06/30 VUs, 90 complete and 0 interrupted iterations
default   [   8% ] 06/30 VUs  01m13.0s/16m00.0s

running (01m14.0s), 06/30 VUs, 92 complete and 0 interrupted iterations
default   [   8% ] 06/30 VUs  01m14.0s/16m00.0s

running (01m15.0s), 06/30 VUs, 96 complete and 0 interrupted iterations
default   [   8% ] 06/30 VUs  01m15.0s/16m00.0s

running (01m16.0s), 06/30 VUs, 96 complete and 0 interrupted iterations
default   [   8% ] 06/30 VUs  01m16.0s/16m00.0s

running (01m17.0s), 06/30 VUs, 98 complete and 0 interrupted iterations
default   [   8% ] 06/30 VUs  01m17.0s/16m00.0s

running (01m18.0s), 06/30 VUs, 102 complete and 0 interrupted iterations
default   [   8% ] 06/30 VUs  01m18.0s/16m00.0s

running (01m19.0s), 06/30 VUs, 104 complete and 0 interrupted iterations
default   [   8% ] 06/30 VUs  01m19.0s/16m00.0s

running (01m20.0s), 06/30 VUs, 104 complete and 0 interrupted iterations
default   [   8% ] 06/30 VUs  01m20.0s/16m00.0s
time="2025-11-20T19:14:23+01:00" level=info msg="VU 10: Attempting to get token for user: performance__user_10_browser" source=console
time="2025-11-20T19:14:23+01:00" level=info msg="VU 10: Authenticated as 'performance__user_10_browser' with role 'library_admin'" source=console

running (01m21.0s), 07/30 VUs, 108 complete and 0 interrupted iterations
default   [   8% ] 07/30 VUs  01m21.0s/16m00.0s

running (01m22.0s), 07/30 VUs, 110 complete and 0 interrupted iterations
default   [   9% ] 07/30 VUs  01m22.0s/16m00.0s

running (01m23.0s), 07/30 VUs, 113 complete and 0 interrupted iterations
default   [   9% ] 07/30 VUs  01m23.0s/16m00.0s

running (01m24.0s), 07/30 VUs, 116 complete and 0 interrupted iterations
default   [   9% ] 07/30 VUs  01m24.0s/16m00.0s

running (01m25.0s), 07/30 VUs, 117 complete and 0 interrupted iterations
default   [   9% ] 07/30 VUs  01m25.0s/16m00.0s

running (01m26.0s), 07/30 VUs, 121 complete and 0 interrupted iterations
default   [   9% ] 07/30 VUs  01m26.0s/16m00.0s

running (01m27.0s), 07/30 VUs, 124 complete and 0 interrupted iterations
default   [   9% ] 07/30 VUs  01m27.0s/16m00.0s

running (01m28.0s), 07/30 VUs, 127 complete and 0 interrupted iterations
default   [   9% ] 07/30 VUs  01m28.0s/16m00.0s

running (01m29.0s), 07/30 VUs, 128 complete and 0 interrupted iterations
default   [   9% ] 07/30 VUs  01m29.0s/16m00.0s

running (01m30.0s), 07/30 VUs, 131 complete and 0 interrupted iterations
default   [   9% ] 07/30 VUs  01m30.0s/16m00.0s

running (01m31.0s), 07/30 VUs, 134 complete and 0 interrupted iterations
default   [   9% ] 07/30 VUs  01m31.0s/16m00.0s

running (01m32.0s), 07/30 VUs, 138 complete and 0 interrupted iterations
default   [  10% ] 07/30 VUs  01m32.0s/16m00.0s

running (01m33.0s), 07/30 VUs, 139 complete and 0 interrupted iterations
default   [  10% ] 07/30 VUs  01m33.0s/16m00.0s
time="2025-11-20T19:14:36+01:00" level=info msg="VU 2: Attempting to get token for user: performance__user_2_browser" source=console

running (01m34.0s), 08/30 VUs, 142 complete and 0 interrupted iterations
default   [  10% ] 08/30 VUs  01m34.0s/16m00.0s
time="2025-11-20T19:14:37+01:00" level=info msg="VU 2: Authenticated as 'performance__user_2_browser' with role 'library_author'" source=console

running (01m35.0s), 08/30 VUs, 145 complete and 0 interrupted iterations
default   [  10% ] 08/30 VUs  01m35.0s/16m00.0s

running (01m36.0s), 08/30 VUs, 148 complete and 0 interrupted iterations
default   [  10% ] 08/30 VUs  01m36.0s/16m00.0s

running (01m37.0s), 08/30 VUs, 151 complete and 0 interrupted iterations
default   [  10% ] 08/30 VUs  01m37.0s/16m00.0s

running (01m38.0s), 08/30 VUs, 153 complete and 0 interrupted iterations
default   [  10% ] 08/30 VUs  01m38.0s/16m00.0s

running (01m39.0s), 08/30 VUs, 156 complete and 0 interrupted iterations
default   [  10% ] 08/30 VUs  01m39.0s/16m00.0s

running (01m40.0s), 08/30 VUs, 159 complete and 0 interrupted iterations
default   [  10% ] 08/30 VUs  01m40.0s/16m00.0s

running (01m41.0s), 08/30 VUs, 161 complete and 0 interrupted iterations
default   [  11% ] 08/30 VUs  01m41.0s/16m00.0s

running (01m42.0s), 08/30 VUs, 164 complete and 0 interrupted iterations
default   [  11% ] 08/30 VUs  01m42.0s/16m00.0s

running (01m43.0s), 08/30 VUs, 168 complete and 0 interrupted iterations
default   [  11% ] 08/30 VUs  01m43.0s/16m00.0s

running (01m44.0s), 08/30 VUs, 169 complete and 0 interrupted iterations
default   [  11% ] 08/30 VUs  01m44.0s/16m00.0s

running (01m45.0s), 08/30 VUs, 172 complete and 0 interrupted iterations
default   [  11% ] 08/30 VUs  01m45.0s/16m00.0s

running (01m46.0s), 08/30 VUs, 176 complete and 0 interrupted iterations
default   [  11% ] 08/30 VUs  01m46.0s/16m00.0s
time="2025-11-20T19:14:49+01:00" level=info msg="VU 12: Attempting to get token for user: performance__user_12_browser" source=console

running (01m47.0s), 09/30 VUs, 179 complete and 0 interrupted iterations
default   [  11% ] 09/30 VUs  01m47.0s/16m00.0s
time="2025-11-20T19:14:50+01:00" level=info msg="VU 12: Authenticated as 'performance__user_12_browser' with role 'library_user'" source=console

running (01m48.0s), 09/30 VUs, 181 complete and 0 interrupted iterations
default   [  11% ] 09/30 VUs  01m48.0s/16m00.0s

running (01m49.0s), 09/30 VUs, 184 complete and 0 interrupted iterations
default   [  11% ] 09/30 VUs  01m49.0s/16m00.0s

running (01m50.0s), 09/30 VUs, 186 complete and 0 interrupted iterations
default   [  11% ] 09/30 VUs  01m50.0s/16m00.0s

running (01m51.0s), 09/30 VUs, 189 complete and 0 interrupted iterations
default   [  12% ] 09/30 VUs  01m51.0s/16m00.0s

running (01m52.0s), 09/30 VUs, 192 complete and 0 interrupted iterations
default   [  12% ] 09/30 VUs  01m52.0s/16m00.0s

running (01m53.0s), 09/30 VUs, 195 complete and 0 interrupted iterations
default   [  12% ] 09/30 VUs  01m53.0s/16m00.0s

running (01m54.0s), 09/30 VUs, 197 complete and 0 interrupted iterations
default   [  12% ] 09/30 VUs  01m54.0s/16m00.0s

running (01m55.0s), 09/30 VUs, 200 complete and 0 interrupted iterations
default   [  12% ] 09/30 VUs  01m55.0s/16m00.0s

running (01m56.0s), 09/30 VUs, 203 complete and 0 interrupted iterations
default   [  12% ] 09/30 VUs  01m56.0s/16m00.0s

running (01m57.0s), 09/30 VUs, 205 complete and 0 interrupted iterations
default   [  12% ] 09/30 VUs  01m57.0s/16m00.0s

running (01m58.0s), 09/30 VUs, 208 complete and 0 interrupted iterations
default   [  12% ] 09/30 VUs  01m58.0s/16m00.0s

running (01m59.0s), 09/30 VUs, 211 complete and 0 interrupted iterations
default   [  12% ] 09/30 VUs  01m59.0s/16m00.0s

running (02m00.0s), 09/30 VUs, 214 complete and 0 interrupted iterations
default   [  12% ] 09/30 VUs  02m00.0s/16m00.0s
time="2025-11-20T19:15:03+01:00" level=info msg="VU 11: Attempting to get token for user: performance__user_11_browser" source=console

running (02m01.0s), 10/30 VUs, 216 complete and 0 interrupted iterations
default   [  13% ] 10/30 VUs  02m01.0s/16m00.0s
time="2025-11-20T19:15:04+01:00" level=info msg="VU 11: Authenticated as 'performance__user_11_browser' with role 'library_author'" source=console

running (02m02.0s), 10/30 VUs, 220 complete and 0 interrupted iterations
default   [  13% ] 10/30 VUs  02m02.0s/16m00.0s

running (02m03.0s), 10/30 VUs, 222 complete and 0 interrupted iterations
default   [  13% ] 10/30 VUs  02m03.0s/16m00.0s

running (02m04.0s), 10/30 VUs, 224 complete and 0 interrupted iterations
default   [  13% ] 10/30 VUs  02m04.0s/16m00.0s

running (02m05.0s), 10/30 VUs, 228 complete and 0 interrupted iterations
default   [  13% ] 10/30 VUs  02m05.0s/16m00.0s

running (02m06.0s), 10/30 VUs, 230 complete and 0 interrupted iterations
default   [  13% ] 10/30 VUs  02m06.0s/16m00.0s

running (02m07.0s), 10/30 VUs, 232 complete and 0 interrupted iterations
default   [  13% ] 10/30 VUs  02m07.0s/16m00.0s

running (02m08.0s), 10/30 VUs, 236 complete and 0 interrupted iterations
default   [  13% ] 10/30 VUs  02m08.0s/16m00.0s

running (02m09.0s), 10/30 VUs, 240 complete and 0 interrupted iterations
default   [  13% ] 10/30 VUs  02m09.0s/16m00.0s

running (02m10.0s), 10/30 VUs, 240 complete and 0 interrupted iterations
default   [  14% ] 10/30 VUs  02m10.0s/16m00.0s

running (02m11.0s), 10/30 VUs, 244 complete and 0 interrupted iterations
default   [  14% ] 10/30 VUs  02m11.0s/16m00.0s

running (02m12.0s), 10/30 VUs, 248 complete and 0 interrupted iterations
default   [  14% ] 10/30 VUs  02m12.0s/16m00.0s

running (02m13.0s), 10/30 VUs, 250 complete and 0 interrupted iterations
default   [  14% ] 10/30 VUs  02m13.0s/16m00.0s

running (02m14.0s), 10/30 VUs, 252 complete and 0 interrupted iterations
default   [  14% ] 10/30 VUs  02m14.0s/16m00.0s

running (02m15.0s), 10/30 VUs, 256 complete and 0 interrupted iterations
default   [  14% ] 10/30 VUs  02m15.0s/16m00.0s

running (02m16.0s), 10/30 VUs, 259 complete and 0 interrupted iterations
default   [  14% ] 10/30 VUs  02m16.0s/16m00.0s

running (02m17.0s), 10/30 VUs, 260 complete and 0 interrupted iterations
default   [  14% ] 10/30 VUs  02m17.0s/16m00.0s

running (02m18.0s), 10/30 VUs, 264 complete and 0 interrupted iterations
default   [  14% ] 10/30 VUs  02m18.0s/16m00.0s

running (02m19.0s), 10/30 VUs, 268 complete and 0 interrupted iterations
default   [  14% ] 10/30 VUs  02m19.0s/16m00.0s

running (02m20.0s), 10/30 VUs, 268 complete and 0 interrupted iterations
default   [  15% ] 10/30 VUs  02m20.0s/16m00.0s

running (02m21.0s), 10/30 VUs, 272 complete and 0 interrupted iterations
default   [  15% ] 10/30 VUs  02m21.0s/16m00.0s

running (02m22.0s), 10/30 VUs, 276 complete and 0 interrupted iterations
default   [  15% ] 10/30 VUs  02m22.0s/16m00.0s

running (02m23.0s), 10/30 VUs, 278 complete and 0 interrupted iterations
default   [  15% ] 10/30 VUs  02m23.0s/16m00.0s

running (02m24.0s), 10/30 VUs, 280 complete and 0 interrupted iterations
default   [  15% ] 10/30 VUs  02m24.0s/16m00.0s

running (02m25.0s), 10/30 VUs, 284 complete and 0 interrupted iterations
default   [  15% ] 10/30 VUs  02m25.0s/16m00.0s

running (02m26.0s), 10/30 VUs, 286 complete and 0 interrupted iterations
default   [  15% ] 10/30 VUs  02m26.0s/16m00.0s

running (02m27.0s), 10/30 VUs, 288 complete and 0 interrupted iterations
default   [  15% ] 10/30 VUs  02m27.0s/16m00.0s

running (02m28.0s), 10/30 VUs, 292 complete and 0 interrupted iterations
default   [  15% ] 10/30 VUs  02m28.0s/16m00.0s

running (02m29.0s), 10/30 VUs, 295 complete and 0 interrupted iterations
default   [  16% ] 10/30 VUs  02m29.0s/16m00.0s

running (02m30.0s), 10/30 VUs, 296 complete and 0 interrupted iterations
default   [  16% ] 10/30 VUs  02m30.0s/16m00.0s

running (02m31.0s), 10/30 VUs, 300 complete and 0 interrupted iterations
default   [  16% ] 10/30 VUs  02m31.0s/16m00.0s

running (02m32.0s), 10/30 VUs, 303 complete and 0 interrupted iterations
default   [  16% ] 10/30 VUs  02m32.0s/16m00.0s

running (02m33.0s), 10/30 VUs, 305 complete and 0 interrupted iterations
default   [  16% ] 10/30 VUs  02m33.0s/16m00.0s

running (02m34.0s), 10/30 VUs, 308 complete and 0 interrupted iterations
default   [  16% ] 10/30 VUs  02m34.0s/16m00.0s

running (02m35.0s), 10/30 VUs, 312 complete and 0 interrupted iterations
default   [  16% ] 10/30 VUs  02m35.0s/16m00.0s

running (02m36.0s), 10/30 VUs, 314 complete and 0 interrupted iterations
default   [  16% ] 10/30 VUs  02m36.0s/16m00.0s

running (02m37.0s), 10/30 VUs, 316 complete and 0 interrupted iterations
default   [  16% ] 10/30 VUs  02m37.0s/16m00.0s

running (02m38.0s), 10/30 VUs, 320 complete and 0 interrupted iterations
default   [  16% ] 10/30 VUs  02m38.0s/16m00.0s

running (02m39.0s), 10/30 VUs, 323 complete and 0 interrupted iterations
default   [  17% ] 10/30 VUs  02m39.0s/16m00.0s

running (02m40.0s), 10/30 VUs, 324 complete and 0 interrupted iterations
default   [  17% ] 10/30 VUs  02m40.0s/16m00.0s

running (02m41.0s), 10/30 VUs, 328 complete and 0 interrupted iterations
default   [  17% ] 10/30 VUs  02m41.0s/16m00.0s

running (02m42.0s), 10/30 VUs, 331 complete and 0 interrupted iterations
default   [  17% ] 10/30 VUs  02m42.0s/16m00.0s

running (02m43.0s), 10/30 VUs, 332 complete and 0 interrupted iterations
default   [  17% ] 10/30 VUs  02m43.0s/16m00.0s

running (02m44.0s), 10/30 VUs, 336 complete and 0 interrupted iterations
default   [  17% ] 10/30 VUs  02m44.0s/16m00.0s

running (02m45.0s), 10/30 VUs, 339 complete and 0 interrupted iterations
default   [  17% ] 10/30 VUs  02m45.0s/16m00.0s

running (02m46.0s), 10/30 VUs, 342 complete and 0 interrupted iterations
default   [  17% ] 10/30 VUs  02m46.0s/16m00.0s

running (02m47.0s), 10/30 VUs, 344 complete and 0 interrupted iterations
default   [  17% ] 10/30 VUs  02m47.0s/16m00.0s

running (02m48.0s), 10/30 VUs, 348 complete and 0 interrupted iterations
default   [  17% ] 10/30 VUs  02m48.0s/16m00.0s

running (02m49.0s), 10/30 VUs, 351 complete and 0 interrupted iterations
default   [  18% ] 10/30 VUs  02m49.0s/16m00.0s

running (02m50.0s), 10/30 VUs, 352 complete and 0 interrupted iterations
default   [  18% ] 10/30 VUs  02m50.0s/16m00.0s

running (02m51.0s), 10/30 VUs, 356 complete and 0 interrupted iterations
default   [  18% ] 10/30 VUs  02m51.0s/16m00.0s

running (02m52.0s), 10/30 VUs, 359 complete and 0 interrupted iterations
default   [  18% ] 10/30 VUs  02m52.0s/16m00.0s

running (02m53.0s), 10/30 VUs, 360 complete and 0 interrupted iterations
default   [  18% ] 10/30 VUs  02m53.0s/16m00.0s

running (02m54.0s), 10/30 VUs, 364 complete and 0 interrupted iterations
default   [  18% ] 10/30 VUs  02m54.0s/16m00.0s

running (02m55.0s), 10/30 VUs, 367 complete and 0 interrupted iterations
default   [  18% ] 10/30 VUs  02m55.0s/16m00.0s

running (02m56.0s), 10/30 VUs, 369 complete and 0 interrupted iterations
default   [  18% ] 10/30 VUs  02m56.0s/16m00.0s

running (02m57.0s), 10/30 VUs, 372 complete and 0 interrupted iterations
default   [  18% ] 10/30 VUs  02m57.0s/16m00.0s

running (02m58.0s), 10/30 VUs, 376 complete and 0 interrupted iterations
default   [  19% ] 10/30 VUs  02m58.0s/16m00.0s

running (02m59.0s), 10/30 VUs, 378 complete and 0 interrupted iterations
default   [  19% ] 10/30 VUs  02m59.0s/16m00.0s

running (03m00.0s), 10/30 VUs, 380 complete and 0 interrupted iterations
default   [  19% ] 10/30 VUs  03m00.0s/16m00.0s

running (03m01.0s), 10/30 VUs, 383 complete and 0 interrupted iterations
default   [  19% ] 10/30 VUs  03m01.0s/16m00.0s

running (03m02.0s), 10/30 VUs, 387 complete and 0 interrupted iterations
default   [  19% ] 10/30 VUs  03m02.0s/16m00.0s

running (03m03.0s), 10/30 VUs, 388 complete and 0 interrupted iterations
default   [  19% ] 10/30 VUs  03m03.0s/16m00.0s

running (03m04.0s), 10/30 VUs, 392 complete and 0 interrupted iterations
default   [  19% ] 10/30 VUs  03m04.0s/16m00.0s

running (03m05.0s), 10/30 VUs, 395 complete and 0 interrupted iterations
default   [  19% ] 10/30 VUs  03m05.0s/16m00.0s

running (03m06.0s), 10/30 VUs, 396 complete and 0 interrupted iterations
default   [  19% ] 10/30 VUs  03m06.0s/16m00.0s

running (03m07.0s), 10/30 VUs, 400 complete and 0 interrupted iterations
default   [  19% ] 10/30 VUs  03m07.0s/16m00.0s

running (03m08.0s), 10/30 VUs, 403 complete and 0 interrupted iterations
default   [  20% ] 10/30 VUs  03m08.0s/16m00.0s

running (03m09.0s), 10/30 VUs, 406 complete and 0 interrupted iterations
default   [  20% ] 10/30 VUs  03m09.0s/16m00.0s

running (03m10.0s), 10/30 VUs, 408 complete and 0 interrupted iterations
default   [  20% ] 10/30 VUs  03m10.0s/16m00.0s

running (03m11.0s), 10/30 VUs, 412 complete and 0 interrupted iterations
default   [  20% ] 10/30 VUs  03m11.0s/16m00.0s

running (03m12.0s), 10/30 VUs, 415 complete and 0 interrupted iterations
default   [  20% ] 10/30 VUs  03m12.0s/16m00.0s

running (03m13.0s), 10/30 VUs, 416 complete and 0 interrupted iterations
default   [  20% ] 10/30 VUs  03m13.0s/16m00.0s

running (03m14.0s), 10/30 VUs, 420 complete and 0 interrupted iterations
default   [  20% ] 10/30 VUs  03m14.0s/16m00.0s

running (03m15.0s), 10/30 VUs, 423 complete and 0 interrupted iterations
default   [  20% ] 10/30 VUs  03m15.0s/16m00.0s

running (03m16.0s), 10/30 VUs, 425 complete and 0 interrupted iterations
default   [  20% ] 10/30 VUs  03m16.0s/16m00.0s

running (03m17.0s), 10/30 VUs, 428 complete and 0 interrupted iterations
default   [  21% ] 10/30 VUs  03m17.0s/16m00.0s

running (03m18.0s), 10/30 VUs, 431 complete and 0 interrupted iterations
default   [  21% ] 10/30 VUs  03m18.0s/16m00.0s

running (03m19.0s), 10/30 VUs, 434 complete and 0 interrupted iterations
default   [  21% ] 10/30 VUs  03m19.0s/16m00.0s

running (03m20.0s), 10/30 VUs, 436 complete and 0 interrupted iterations
default   [  21% ] 10/30 VUs  03m20.0s/16m00.0s

running (03m21.0s), 10/30 VUs, 439 complete and 0 interrupted iterations
default   [  21% ] 10/30 VUs  03m21.0s/16m00.0s

running (03m22.0s), 10/30 VUs, 442 complete and 0 interrupted iterations
default   [  21% ] 10/30 VUs  03m22.0s/16m00.0s

running (03m23.0s), 10/30 VUs, 444 complete and 0 interrupted iterations
default   [  21% ] 10/30 VUs  03m23.0s/16m00.0s

running (03m24.0s), 10/30 VUs, 448 complete and 0 interrupted iterations
default   [  21% ] 10/30 VUs  03m24.0s/16m00.0s

running (03m25.0s), 10/30 VUs, 451 complete and 0 interrupted iterations
default   [  21% ] 10/30 VUs  03m25.0s/16m00.0s

running (03m26.0s), 10/30 VUs, 452 complete and 0 interrupted iterations
default   [  21% ] 10/30 VUs  03m26.0s/16m00.0s

running (03m27.0s), 10/30 VUs, 456 complete and 0 interrupted iterations
default   [  22% ] 10/30 VUs  03m27.0s/16m00.0s

running (03m28.0s), 10/30 VUs, 459 complete and 0 interrupted iterations
default   [  22% ] 10/30 VUs  03m28.0s/16m00.0s

running (03m29.0s), 10/30 VUs, 461 complete and 0 interrupted iterations
default   [  22% ] 10/30 VUs  03m29.0s/16m00.0s

running (03m30.0s), 10/30 VUs, 464 complete and 0 interrupted iterations
default   [  22% ] 10/30 VUs  03m30.0s/16m00.0s

running (03m31.0s), 10/30 VUs, 467 complete and 0 interrupted iterations
default   [  22% ] 10/30 VUs  03m31.0s/16m00.0s

running (03m32.0s), 10/30 VUs, 468 complete and 0 interrupted iterations
default   [  22% ] 10/30 VUs  03m32.0s/16m00.0s

running (03m33.0s), 10/30 VUs, 472 complete and 0 interrupted iterations
default   [  22% ] 10/30 VUs  03m33.0s/16m00.0s

running (03m34.0s), 10/30 VUs, 475 complete and 0 interrupted iterations
default   [  22% ] 10/30 VUs  03m34.0s/16m00.0s

running (03m35.0s), 10/30 VUs, 478 complete and 0 interrupted iterations
default   [  22% ] 10/30 VUs  03m35.0s/16m00.0s

running (03m36.0s), 10/30 VUs, 480 complete and 0 interrupted iterations
default   [  22% ] 10/30 VUs  03m36.0s/16m00.0s

running (03m37.0s), 10/30 VUs, 483 complete and 0 interrupted iterations
default   [  23% ] 10/30 VUs  03m37.0s/16m00.0s

running (03m38.0s), 10/30 VUs, 486 complete and 0 interrupted iterations
default   [  23% ] 10/30 VUs  03m38.0s/16m00.0s

running (03m39.0s), 10/30 VUs, 488 complete and 0 interrupted iterations
default   [  23% ] 10/30 VUs  03m39.0s/16m00.0s

running (03m40.0s), 10/30 VUs, 491 complete and 0 interrupted iterations
default   [  23% ] 10/30 VUs  03m40.0s/16m00.0s

running (03m41.0s), 10/30 VUs, 494 complete and 0 interrupted iterations
default   [  23% ] 10/30 VUs  03m41.0s/16m00.0s

running (03m42.0s), 10/30 VUs, 496 complete and 0 interrupted iterations
default   [  23% ] 10/30 VUs  03m42.0s/16m00.0s

running (03m43.0s), 10/30 VUs, 500 complete and 0 interrupted iterations
default   [  23% ] 10/30 VUs  03m43.0s/16m00.0s

running (03m44.0s), 10/30 VUs, 503 complete and 0 interrupted iterations
default   [  23% ] 10/30 VUs  03m44.0s/16m00.0s

running (03m45.0s), 10/30 VUs, 506 complete and 0 interrupted iterations
default   [  23% ] 10/30 VUs  03m45.0s/16m00.0s

running (03m46.0s), 10/30 VUs, 508 complete and 0 interrupted iterations
default   [  24% ] 10/30 VUs  03m46.0s/16m00.0s

running (03m47.0s), 10/30 VUs, 511 complete and 0 interrupted iterations
default   [  24% ] 10/30 VUs  03m47.0s/16m00.0s

running (03m48.0s), 10/30 VUs, 514 complete and 0 interrupted iterations
default   [  24% ] 10/30 VUs  03m48.0s/16m00.0s

running (03m49.0s), 10/30 VUs, 516 complete and 0 interrupted iterations
default   [  24% ] 10/30 VUs  03m49.0s/16m00.0s

running (03m50.0s), 10/30 VUs, 519 complete and 0 interrupted iterations
default   [  24% ] 10/30 VUs  03m50.0s/16m00.0s

running (03m51.0s), 10/30 VUs, 522 complete and 0 interrupted iterations
default   [  24% ] 10/30 VUs  03m51.0s/16m00.0s

running (03m52.0s), 10/30 VUs, 524 complete and 0 interrupted iterations
default   [  24% ] 10/30 VUs  03m52.0s/16m00.0s

running (03m53.0s), 10/30 VUs, 527 complete and 0 interrupted iterations
default   [  24% ] 10/30 VUs  03m53.0s/16m00.0s

running (03m54.0s), 10/30 VUs, 530 complete and 0 interrupted iterations
default   [  24% ] 10/30 VUs  03m54.0s/16m00.0s

running (03m55.0s), 10/30 VUs, 532 complete and 0 interrupted iterations
default   [  24% ] 10/30 VUs  03m55.0s/16m00.0s

running (03m56.0s), 10/30 VUs, 536 complete and 0 interrupted iterations
default   [  25% ] 10/30 VUs  03m56.0s/16m00.0s

running (03m57.0s), 10/30 VUs, 539 complete and 0 interrupted iterations
default   [  25% ] 10/30 VUs  03m57.0s/16m00.0s

running (03m58.0s), 10/30 VUs, 540 complete and 0 interrupted iterations
default   [  25% ] 10/30 VUs  03m58.0s/16m00.0s

running (03m59.0s), 10/30 VUs, 544 complete and 0 interrupted iterations
default   [  25% ] 10/30 VUs  03m59.0s/16m00.0s

running (04m00.0s), 10/30 VUs, 547 complete and 0 interrupted iterations
default   [  25% ] 10/30 VUs  04m00.0s/16m00.0s

running (04m01.0s), 10/30 VUs, 550 complete and 0 interrupted iterations
default   [  25% ] 10/30 VUs  04m01.0s/16m00.0s

running (04m02.0s), 10/30 VUs, 552 complete and 0 interrupted iterations
default   [  25% ] 10/30 VUs  04m02.0s/16m00.0s

running (04m03.0s), 10/30 VUs, 555 complete and 0 interrupted iterations
default   [  25% ] 10/30 VUs  04m03.0s/16m00.0s

running (04m04.0s), 10/30 VUs, 558 complete and 0 interrupted iterations
default   [  25% ] 10/30 VUs  04m04.0s/16m00.0s

running (04m05.0s), 10/30 VUs, 560 complete and 0 interrupted iterations
default   [  26% ] 10/30 VUs  04m05.0s/16m00.0s

running (04m06.0s), 10/30 VUs, 563 complete and 0 interrupted iterations
default   [  26% ] 10/30 VUs  04m06.0s/16m00.0s

running (04m07.0s), 10/30 VUs, 566 complete and 0 interrupted iterations
default   [  26% ] 10/30 VUs  04m07.0s/16m00.0s

running (04m08.0s), 10/30 VUs, 568 complete and 0 interrupted iterations
default   [  26% ] 10/30 VUs  04m08.0s/16m00.0s

running (04m09.0s), 10/30 VUs, 571 complete and 0 interrupted iterations
default   [  26% ] 10/30 VUs  04m09.0s/16m00.0s

running (04m10.0s), 10/30 VUs, 574 complete and 0 interrupted iterations
default   [  26% ] 10/30 VUs  04m10.0s/16m00.0s

running (04m11.0s), 10/30 VUs, 576 complete and 0 interrupted iterations
default   [  26% ] 10/30 VUs  04m11.0s/16m00.0s

running (04m12.0s), 10/30 VUs, 579 complete and 0 interrupted iterations
default   [  26% ] 10/30 VUs  04m12.0s/16m00.0s

running (04m13.0s), 10/30 VUs, 583 complete and 0 interrupted iterations
default   [  26% ] 10/30 VUs  04m13.0s/16m00.0s

running (04m14.0s), 10/30 VUs, 585 complete and 0 interrupted iterations
default   [  26% ] 10/30 VUs  04m14.0s/16m00.0s

running (04m15.0s), 10/30 VUs, 587 complete and 0 interrupted iterations
default   [  27% ] 10/30 VUs  04m15.0s/16m00.0s

running (04m16.0s), 10/30 VUs, 591 complete and 0 interrupted iterations
default   [  27% ] 10/30 VUs  04m16.0s/16m00.0s

running (04m17.0s), 10/30 VUs, 594 complete and 0 interrupted iterations
default   [  27% ] 10/30 VUs  04m17.0s/16m00.0s

running (04m18.0s), 10/30 VUs, 596 complete and 0 interrupted iterations
default   [  27% ] 10/30 VUs  04m18.0s/16m00.0s

running (04m19.0s), 10/30 VUs, 599 complete and 0 interrupted iterations
default   [  27% ] 10/30 VUs  04m19.0s/16m00.0s

running (04m20.0s), 10/30 VUs, 602 complete and 0 interrupted iterations
default   [  27% ] 10/30 VUs  04m20.0s/16m00.0s

running (04m21.0s), 10/30 VUs, 604 complete and 0 interrupted iterations
default   [  27% ] 10/30 VUs  04m21.0s/16m00.0s

running (04m22.0s), 10/30 VUs, 607 complete and 0 interrupted iterations
default   [  27% ] 10/30 VUs  04m22.0s/16m00.0s

running (04m23.0s), 10/30 VUs, 610 complete and 0 interrupted iterations
default   [  27% ] 10/30 VUs  04m23.0s/16m00.0s

running (04m24.0s), 10/30 VUs, 612 complete and 0 interrupted iterations
default   [  27% ] 10/30 VUs  04m24.0s/16m00.0s

running (04m25.0s), 10/30 VUs, 615 complete and 0 interrupted iterations
default   [  28% ] 10/30 VUs  04m25.0s/16m00.0s

running (04m26.0s), 10/30 VUs, 618 complete and 0 interrupted iterations
default   [  28% ] 10/30 VUs  04m26.0s/16m00.0s

running (04m27.0s), 10/30 VUs, 620 complete and 0 interrupted iterations
default   [  28% ] 10/30 VUs  04m27.0s/16m00.0s

running (04m28.0s), 10/30 VUs, 623 complete and 0 interrupted iterations
default   [  28% ] 10/30 VUs  04m28.0s/16m00.0s

running (04m29.0s), 10/30 VUs, 626 complete and 0 interrupted iterations
default   [  28% ] 10/30 VUs  04m29.0s/16m00.0s

running (04m30.0s), 10/30 VUs, 628 complete and 0 interrupted iterations
default   [  28% ] 10/30 VUs  04m30.0s/16m00.0s

running (04m31.0s), 10/30 VUs, 631 complete and 0 interrupted iterations
default   [  28% ] 10/30 VUs  04m31.0s/16m00.0s

running (04m32.0s), 10/30 VUs, 634 complete and 0 interrupted iterations
default   [  28% ] 10/30 VUs  04m32.0s/16m00.0s

running (04m33.0s), 10/30 VUs, 636 complete and 0 interrupted iterations
default   [  28% ] 10/30 VUs  04m33.0s/16m00.0s

running (04m34.0s), 10/30 VUs, 639 complete and 0 interrupted iterations
default   [  29% ] 10/30 VUs  04m34.0s/16m00.0s

running (04m35.0s), 10/30 VUs, 642 complete and 0 interrupted iterations
default   [  29% ] 10/30 VUs  04m35.0s/16m00.0s

running (04m36.0s), 10/30 VUs, 644 complete and 0 interrupted iterations
default   [  29% ] 10/30 VUs  04m36.0s/16m00.0s

running (04m37.0s), 10/30 VUs, 647 complete and 0 interrupted iterations
default   [  29% ] 10/30 VUs  04m37.0s/16m00.0s

running (04m38.0s), 10/30 VUs, 650 complete and 0 interrupted iterations
default   [  29% ] 10/30 VUs  04m38.0s/16m00.0s

running (04m39.0s), 10/30 VUs, 652 complete and 0 interrupted iterations
default   [  29% ] 10/30 VUs  04m39.0s/16m00.0s

running (04m40.0s), 10/30 VUs, 655 complete and 0 interrupted iterations
default   [  29% ] 10/30 VUs  04m40.0s/16m00.0s

running (04m41.0s), 10/30 VUs, 658 complete and 0 interrupted iterations
default   [  29% ] 10/30 VUs  04m41.0s/16m00.0s

running (04m42.0s), 10/30 VUs, 660 complete and 0 interrupted iterations
default   [  29% ] 10/30 VUs  04m42.0s/16m00.0s

running (04m43.0s), 10/30 VUs, 662 complete and 0 interrupted iterations
default   [  29% ] 10/30 VUs  04m43.0s/16m00.0s

running (04m44.0s), 10/30 VUs, 662 complete and 0 interrupted iterations
default   [  30% ] 10/30 VUs  04m44.0s/16m00.0s

running (04m45.0s), 10/30 VUs, 668 complete and 0 interrupted iterations
default   [  30% ] 10/30 VUs  04m45.0s/16m00.0s

running (04m46.0s), 10/30 VUs, 671 complete and 0 interrupted iterations
default   [  30% ] 10/30 VUs  04m46.0s/16m00.0s

running (04m47.0s), 10/30 VUs, 674 complete and 0 interrupted iterations
default   [  30% ] 10/30 VUs  04m47.0s/16m00.0s

running (04m48.0s), 10/30 VUs, 676 complete and 0 interrupted iterations
default   [  30% ] 10/30 VUs  04m48.0s/16m00.0s

running (04m49.0s), 10/30 VUs, 680 complete and 0 interrupted iterations
default   [  30% ] 10/30 VUs  04m49.0s/16m00.0s

running (04m50.0s), 10/30 VUs, 683 complete and 0 interrupted iterations
default   [  30% ] 10/30 VUs  04m50.0s/16m00.0s

running (04m51.0s), 10/30 VUs, 686 complete and 0 interrupted iterations
default   [  30% ] 10/30 VUs  04m51.0s/16m00.0s

running (04m52.0s), 10/30 VUs, 688 complete and 0 interrupted iterations
default   [  30% ] 10/30 VUs  04m52.0s/16m00.0s

running (04m53.0s), 10/30 VUs, 691 complete and 0 interrupted iterations
default   [  31% ] 10/30 VUs  04m53.0s/16m00.0s

running (04m54.0s), 10/30 VUs, 694 complete and 0 interrupted iterations
default   [  31% ] 10/30 VUs  04m54.0s/16m00.0s

running (04m55.0s), 10/30 VUs, 696 complete and 0 interrupted iterations
default   [  31% ] 10/30 VUs  04m55.0s/16m00.0s

running (04m56.0s), 10/30 VUs, 699 complete and 0 interrupted iterations
default   [  31% ] 10/30 VUs  04m56.0s/16m00.0s

running (04m57.0s), 10/30 VUs, 702 complete and 0 interrupted iterations
default   [  31% ] 10/30 VUs  04m57.0s/16m00.0s

running (04m58.0s), 10/30 VUs, 704 complete and 0 interrupted iterations
default   [  31% ] 10/30 VUs  04m58.0s/16m00.0s

running (04m59.0s), 10/30 VUs, 707 complete and 0 interrupted iterations
default   [  31% ] 10/30 VUs  04m59.0s/16m00.0s

running (05m00.0s), 10/30 VUs, 710 complete and 0 interrupted iterations
default   [  31% ] 10/30 VUs  05m00.0s/16m00.0s

running (05m01.0s), 10/30 VUs, 713 complete and 0 interrupted iterations
default   [  31% ] 10/30 VUs  05m01.0s/16m00.0s

running (05m02.0s), 10/30 VUs, 716 complete and 0 interrupted iterations
default   [  31% ] 10/30 VUs  05m02.0s/16m00.0s

running (05m03.0s), 10/30 VUs, 718 complete and 0 interrupted iterations
default   [  32% ] 10/30 VUs  05m03.0s/16m00.0s

running (05m04.0s), 10/30 VUs, 722 complete and 0 interrupted iterations
default   [  32% ] 10/30 VUs  05m04.0s/16m00.0s

running (05m05.0s), 10/30 VUs, 724 complete and 0 interrupted iterations
default   [  32% ] 10/30 VUs  05m05.0s/16m00.0s

running (05m06.0s), 10/30 VUs, 727 complete and 0 interrupted iterations
default   [  32% ] 10/30 VUs  05m06.0s/16m00.0s

running (05m07.0s), 10/30 VUs, 730 complete and 0 interrupted iterations
default   [  32% ] 10/30 VUs  05m07.0s/16m00.0s

running (05m08.0s), 10/30 VUs, 732 complete and 0 interrupted iterations
default   [  32% ] 10/30 VUs  05m08.0s/16m00.0s

running (05m09.0s), 10/30 VUs, 735 complete and 0 interrupted iterations
default   [  32% ] 10/30 VUs  05m09.0s/16m00.0s

running (05m10.0s), 10/30 VUs, 738 complete and 0 interrupted iterations
default   [  32% ] 10/30 VUs  05m10.0s/16m00.0s

running (05m11.0s), 10/30 VUs, 740 complete and 0 interrupted iterations
default   [  32% ] 10/30 VUs  05m11.0s/16m00.0s

running (05m12.0s), 10/30 VUs, 743 complete and 0 interrupted iterations
default   [  32% ] 10/30 VUs  05m12.0s/16m00.0s
time="2025-11-20T19:18:15+01:00" level=info msg="VU 4: Attempting to get token for user: performance__user_4_browser" source=console

running (05m13.0s), 11/30 VUs, 746 complete and 0 interrupted iterations
default   [  33% ] 11/30 VUs  05m13.0s/16m00.0s

running (05m14.0s), 11/30 VUs, 749 complete and 0 interrupted iterations
default   [  33% ] 11/30 VUs  05m14.0s/16m00.0s
time="2025-11-20T19:18:17+01:00" level=info msg="VU 4: Authenticated as 'performance__user_4_browser' with role 'library_admin'" source=console

running (05m15.0s), 11/30 VUs, 751 complete and 0 interrupted iterations
default   [  33% ] 11/30 VUs  05m15.0s/16m00.0s

running (05m16.0s), 11/30 VUs, 754 complete and 0 interrupted iterations
default   [  33% ] 11/30 VUs  05m16.0s/16m00.0s

running (05m17.0s), 11/30 VUs, 758 complete and 0 interrupted iterations
default   [  33% ] 11/30 VUs  05m17.0s/16m00.0s

running (05m18.0s), 11/30 VUs, 759 complete and 0 interrupted iterations
default   [  33% ] 11/30 VUs  05m18.0s/16m00.0s

running (05m19.0s), 11/30 VUs, 762 complete and 0 interrupted iterations
default   [  33% ] 11/30 VUs  05m19.0s/16m00.0s

running (05m20.0s), 11/30 VUs, 766 complete and 0 interrupted iterations
default   [  33% ] 11/30 VUs  05m20.0s/16m00.0s
time="2025-11-20T19:18:23+01:00" level=warning msg="Request Failed" error="Post \"https://singapore.edunext.cloud/api/authz/v1/permissions/validate/me\": unexpected EOF"
time="2025-11-20T19:18:23+01:00" level=warning msg="[0] https://singapore.edunext.cloud/api/authz/v1/permissions/validate/me - Retry 1/3 after 1000ms delay" source=console

running (05m21.0s), 11/30 VUs, 767 complete and 0 interrupted iterations
default   [  33% ] 11/30 VUs  05m21.0s/16m00.0s

running (05m22.0s), 11/30 VUs, 771 complete and 0 interrupted iterations
default   [  34% ] 11/30 VUs  05m22.0s/16m00.0s

running (05m23.0s), 11/30 VUs, 774 complete and 0 interrupted iterations
default   [  34% ] 11/30 VUs  05m23.0s/16m00.0s

running (05m24.0s), 11/30 VUs, 775 complete and 0 interrupted iterations
default   [  34% ] 11/30 VUs  05m24.0s/16m00.0s
time="2025-11-20T19:18:27+01:00" level=info msg="VU 15: Attempting to get token for user: performance__user_15_browser" source=console
time="2025-11-20T19:18:27+01:00" level=info msg="[200] https://singapore.edunext.cloud/api/authz/v1/permissions/validate/me - Validated after 1 retries" source=console

running (05m25.0s), 12/30 VUs, 778 complete and 0 interrupted iterations
default   [  34% ] 12/30 VUs  05m25.0s/16m00.0s

running (05m26.0s), 12/30 VUs, 781 complete and 0 interrupted iterations
default   [  34% ] 12/30 VUs  05m26.0s/16m00.0s
time="2025-11-20T19:18:29+01:00" level=info msg="VU 15: Authenticated as 'performance__user_15_browser' with role 'library_user'" source=console

running (05m27.0s), 12/30 VUs, 783 complete and 0 interrupted iterations
default   [  34% ] 12/30 VUs  05m27.0s/16m00.0s

running (05m28.0s), 12/30 VUs, 786 complete and 0 interrupted iterations
default   [  34% ] 12/30 VUs  05m28.0s/16m00.0s

running (05m29.0s), 12/30 VUs, 789 complete and 0 interrupted iterations
default   [  34% ] 12/30 VUs  05m29.0s/16m00.0s

running (05m30.0s), 12/30 VUs, 791 complete and 0 interrupted iterations
default   [  34% ] 12/30 VUs  05m30.0s/16m00.0s

running (05m31.0s), 12/30 VUs, 794 complete and 0 interrupted iterations
default   [  34% ] 12/30 VUs  05m31.0s/16m00.0s

running (05m32.0s), 12/30 VUs, 797 complete and 0 interrupted iterations
default   [  35% ] 12/30 VUs  05m32.0s/16m00.0s

running (05m33.0s), 12/30 VUs, 799 complete and 0 interrupted iterations
default   [  35% ] 12/30 VUs  05m33.0s/16m00.0s

running (05m34.0s), 12/30 VUs, 802 complete and 0 interrupted iterations
default   [  35% ] 12/30 VUs  05m34.0s/16m00.0s

running (05m35.0s), 12/30 VUs, 805 complete and 0 interrupted iterations
default   [  35% ] 12/30 VUs  05m35.0s/16m00.0s

running (05m36.0s), 12/30 VUs, 807 complete and 0 interrupted iterations
default   [  35% ] 12/30 VUs  05m36.0s/16m00.0s
time="2025-11-20T19:18:39+01:00" level=info msg="VU 17: Attempting to get token for user: performance__user_17_browser" source=console

running (05m37.0s), 13/30 VUs, 810 complete and 0 interrupted iterations
default   [  35% ] 13/30 VUs  05m37.0s/16m00.0s

running (05m38.0s), 13/30 VUs, 813 complete and 0 interrupted iterations
default   [  35% ] 13/30 VUs  05m38.0s/16m00.0s
time="2025-11-20T19:18:41+01:00" level=info msg="VU 17: Authenticated as 'performance__user_17_browser' with role 'library_author'" source=console

running (05m39.0s), 13/30 VUs, 815 complete and 0 interrupted iterations
default   [  35% ] 13/30 VUs  05m39.0s/16m00.0s

running (05m40.0s), 13/30 VUs, 818 complete and 0 interrupted iterations
default   [  35% ] 13/30 VUs  05m40.0s/16m00.0s

running (05m41.0s), 13/30 VUs, 821 complete and 0 interrupted iterations
default   [  36% ] 13/30 VUs  05m41.0s/16m00.0s

running (05m42.0s), 13/30 VUs, 824 complete and 0 interrupted iterations
default   [  36% ] 13/30 VUs  05m42.0s/16m00.0s

running (05m43.0s), 13/30 VUs, 826 complete and 0 interrupted iterations
default   [  36% ] 13/30 VUs  05m43.0s/16m00.0s

running (05m44.0s), 13/30 VUs, 829 complete and 0 interrupted iterations
default   [  36% ] 13/30 VUs  05m44.0s/16m00.0s

running (05m45.0s), 13/30 VUs, 831 complete and 0 interrupted iterations
default   [  36% ] 13/30 VUs  05m45.0s/16m00.0s

running (05m46.0s), 13/30 VUs, 834 complete and 0 interrupted iterations
default   [  36% ] 13/30 VUs  05m46.0s/16m00.0s

running (05m47.0s), 13/30 VUs, 837 complete and 0 interrupted iterations
default   [  36% ] 13/30 VUs  05m47.0s/16m00.0s

running (05m48.0s), 13/30 VUs, 839 complete and 0 interrupted iterations
default   [  36% ] 13/30 VUs  05m48.0s/16m00.0s
time="2025-11-20T19:18:51+01:00" level=info msg="VU 13: Attempting to get token for user: performance__user_13_browser" source=console

running (05m49.0s), 14/30 VUs, 843 complete and 0 interrupted iterations
default   [  36% ] 14/30 VUs  05m49.0s/16m00.0s

running (05m50.0s), 14/30 VUs, 845 complete and 0 interrupted iterations
default   [  36% ] 14/30 VUs  05m50.0s/16m00.0s

running (05m51.0s), 14/30 VUs, 848 complete and 0 interrupted iterations
default   [  37% ] 14/30 VUs  05m51.0s/16m00.0s
time="2025-11-20T19:18:54+01:00" level=info msg="VU 13: Authenticated as 'performance__user_13_browser' with role 'library_admin'" source=console

running (05m52.0s), 14/30 VUs, 851 complete and 0 interrupted iterations
default   [  37% ] 14/30 VUs  05m52.0s/16m00.0s

running (05m53.0s), 14/30 VUs, 853 complete and 0 interrupted iterations
default   [  37% ] 14/30 VUs  05m53.0s/16m00.0s

running (05m54.0s), 14/30 VUs, 855 complete and 0 interrupted iterations
default   [  37% ] 14/30 VUs  05m54.0s/16m00.0s

running (05m55.0s), 14/30 VUs, 858 complete and 0 interrupted iterations
default   [  37% ] 14/30 VUs  05m55.0s/16m00.0s

running (05m56.0s), 14/30 VUs, 861 complete and 0 interrupted iterations
default   [  37% ] 14/30 VUs  05m56.0s/16m00.0s

running (05m57.0s), 14/30 VUs, 864 complete and 0 interrupted iterations
default   [  37% ] 14/30 VUs  05m57.0s/16m00.0s

running (05m58.0s), 14/30 VUs, 866 complete and 0 interrupted iterations
default   [  37% ] 14/30 VUs  05m58.0s/16m00.0s

running (05m59.0s), 14/30 VUs, 869 complete and 0 interrupted iterations
default   [  37% ] 14/30 VUs  05m59.0s/16m00.0s

running (06m00.0s), 14/30 VUs, 873 complete and 0 interrupted iterations
default   [  37% ] 14/30 VUs  06m00.0s/16m00.0s
time="2025-11-20T19:19:03+01:00" level=info msg="VU 18: Attempting to get token for user: performance__user_18_browser" source=console

running (06m01.0s), 15/30 VUs, 874 complete and 0 interrupted iterations
default   [  38% ] 15/30 VUs  06m01.0s/16m00.0s

running (06m02.0s), 15/30 VUs, 877 complete and 0 interrupted iterations
default   [  38% ] 15/30 VUs  06m02.0s/16m00.0s

running (06m03.0s), 15/30 VUs, 881 complete and 0 interrupted iterations
default   [  38% ] 15/30 VUs  06m03.0s/16m00.0s
time="2025-11-20T19:19:06+01:00" level=info msg="VU 18: Authenticated as 'performance__user_18_browser' with role 'library_user'" source=console

running (06m04.0s), 15/30 VUs, 883 complete and 0 interrupted iterations
default   [  38% ] 15/30 VUs  06m04.0s/16m00.0s

running (06m05.0s), 15/30 VUs, 885 complete and 0 interrupted iterations
default   [  38% ] 15/30 VUs  06m05.0s/16m00.0s

running (06m06.0s), 15/30 VUs, 888 complete and 0 interrupted iterations
default   [  38% ] 15/30 VUs  06m06.0s/16m00.0s

running (06m07.0s), 15/30 VUs, 891 complete and 0 interrupted iterations
default   [  38% ] 15/30 VUs  06m07.0s/16m00.0s

running (06m08.0s), 15/30 VUs, 894 complete and 0 interrupted iterations
default   [  38% ] 15/30 VUs  06m08.0s/16m00.0s

running (06m09.0s), 15/30 VUs, 897 complete and 0 interrupted iterations
default   [  38% ] 15/30 VUs  06m09.0s/16m00.0s

running (06m10.0s), 15/30 VUs, 899 complete and 0 interrupted iterations
default   [  39% ] 15/30 VUs  06m10.0s/16m00.0s

running (06m11.0s), 15/30 VUs, 902 complete and 0 interrupted iterations
default   [  39% ] 15/30 VUs  06m11.0s/16m00.0s

running (06m12.0s), 15/30 VUs, 905 complete and 0 interrupted iterations
default   [  39% ] 15/30 VUs  06m12.0s/16m00.0s
time="2025-11-20T19:19:15+01:00" level=info msg="VU 16: Attempting to get token for user: performance__user_16_browser" source=console

running (06m13.0s), 16/30 VUs, 907 complete and 0 interrupted iterations
default   [  39% ] 16/30 VUs  06m13.0s/16m00.0s

running (06m14.0s), 16/30 VUs, 910 complete and 0 interrupted iterations
default   [  39% ] 16/30 VUs  06m14.0s/16m00.0s

running (06m15.0s), 16/30 VUs, 913 complete and 0 interrupted iterations
default   [  39% ] 16/30 VUs  06m15.0s/16m00.0s
time="2025-11-20T19:19:18+01:00" level=info msg="VU 16: Authenticated as 'performance__user_16_browser' with role 'library_admin'" source=console

running (06m16.0s), 16/30 VUs, 915 complete and 0 interrupted iterations
default   [  39% ] 16/30 VUs  06m16.0s/16m00.0s

running (06m17.0s), 16/30 VUs, 918 complete and 0 interrupted iterations
default   [  39% ] 16/30 VUs  06m17.0s/16m00.0s

running (06m18.0s), 16/30 VUs, 921 complete and 0 interrupted iterations
default   [  39% ] 16/30 VUs  06m18.0s/16m00.0s

running (06m19.0s), 16/30 VUs, 923 complete and 0 interrupted iterations
default   [  39% ] 16/30 VUs  06m19.0s/16m00.0s

running (06m20.0s), 16/30 VUs, 926 complete and 0 interrupted iterations
default   [  40% ] 16/30 VUs  06m20.0s/16m00.0s

running (06m21.0s), 16/30 VUs, 929 complete and 0 interrupted iterations
default   [  40% ] 16/30 VUs  06m21.0s/16m00.0s

running (06m22.0s), 16/30 VUs, 933 complete and 0 interrupted iterations
default   [  40% ] 16/30 VUs  06m22.0s/16m00.0s

running (06m23.0s), 16/30 VUs, 934 complete and 0 interrupted iterations
default   [  40% ] 16/30 VUs  06m23.0s/16m00.0s

running (06m24.0s), 16/30 VUs, 937 complete and 0 interrupted iterations
default   [  40% ] 16/30 VUs  06m24.0s/16m00.0s
time="2025-11-20T19:19:27+01:00" level=info msg="VU 14: Attempting to get token for user: performance__user_14_browser" source=console

running (06m25.0s), 17/30 VUs, 941 complete and 0 interrupted iterations
default   [  40% ] 17/30 VUs  06m25.0s/16m00.0s

running (06m26.0s), 17/30 VUs, 943 complete and 0 interrupted iterations
default   [  40% ] 17/30 VUs  06m26.0s/16m00.0s

running (06m27.0s), 17/30 VUs, 945 complete and 0 interrupted iterations
default   [  40% ] 17/30 VUs  06m27.0s/16m00.0s

running (06m28.0s), 17/30 VUs, 949 complete and 0 interrupted iterations
default   [  40% ] 17/30 VUs  06m28.0s/16m00.0s
time="2025-11-20T19:19:31+01:00" level=info msg="VU 14: Authenticated as 'performance__user_14_browser' with role 'library_author'" source=console

running (06m29.0s), 17/30 VUs, 951 complete and 0 interrupted iterations
default   [  41% ] 17/30 VUs  06m29.0s/16m00.0s

running (06m30.0s), 17/30 VUs, 953 complete and 0 interrupted iterations
default   [  41% ] 17/30 VUs  06m30.0s/16m00.0s

running (06m31.0s), 17/30 VUs, 957 complete and 0 interrupted iterations
default   [  41% ] 17/30 VUs  06m31.0s/16m00.0s

running (06m32.0s), 17/30 VUs, 958 complete and 0 interrupted iterations
default   [  41% ] 17/30 VUs  06m32.0s/16m00.0s

running (06m33.0s), 17/30 VUs, 962 complete and 0 interrupted iterations
default   [  41% ] 17/30 VUs  06m33.0s/16m00.0s

running (06m34.0s), 17/30 VUs, 965 complete and 0 interrupted iterations
default   [  41% ] 17/30 VUs  06m34.0s/16m00.0s

running (06m35.0s), 17/30 VUs, 967 complete and 0 interrupted iterations
default   [  41% ] 17/30 VUs  06m35.0s/16m00.0s

running (06m36.0s), 17/30 VUs, 970 complete and 0 interrupted iterations
default   [  41% ] 17/30 VUs  06m36.0s/16m00.0s
time="2025-11-20T19:19:39+01:00" level=info msg="VU 20: Attempting to get token for user: performance__user_20_browser" source=console

running (06m37.0s), 18/30 VUs, 973 complete and 0 interrupted iterations
default   [  41% ] 18/30 VUs  06m37.0s/16m00.0s

running (06m38.0s), 18/30 VUs, 976 complete and 0 interrupted iterations
default   [  41% ] 18/30 VUs  06m38.0s/16m00.0s

running (06m39.0s), 18/30 VUs, 978 complete and 0 interrupted iterations
default   [  42% ] 18/30 VUs  06m39.0s/16m00.0s

running (06m40.0s), 18/30 VUs, 981 complete and 0 interrupted iterations
default   [  42% ] 18/30 VUs  06m40.0s/16m00.0s
time="2025-11-20T19:19:43+01:00" level=info msg="VU 20: Authenticated as 'performance__user_20_browser' with role 'library_author'" source=console

running (06m41.0s), 18/30 VUs, 984 complete and 0 interrupted iterations
default   [  42% ] 18/30 VUs  06m41.0s/16m00.0s

running (06m42.0s), 18/30 VUs, 986 complete and 0 interrupted iterations
default   [  42% ] 18/30 VUs  06m42.0s/16m00.0s

running (06m43.0s), 18/30 VUs, 989 complete and 0 interrupted iterations
default   [  42% ] 18/30 VUs  06m43.0s/16m00.0s

running (06m44.0s), 18/30 VUs, 991 complete and 0 interrupted iterations
default   [  42% ] 18/30 VUs  06m44.0s/16m00.0s

running (06m45.0s), 18/30 VUs, 994 complete and 0 interrupted iterations
default   [  42% ] 18/30 VUs  06m45.0s/16m00.0s

running (06m46.0s), 18/30 VUs, 997 complete and 0 interrupted iterations
default   [  42% ] 18/30 VUs  06m46.0s/16m00.0s

running (06m47.0s), 18/30 VUs, 999 complete and 0 interrupted iterations
default   [  42% ] 18/30 VUs  06m47.0s/16m00.0s

running (06m48.0s), 18/30 VUs, 1002 complete and 0 interrupted iterations
default   [  42% ] 18/30 VUs  06m48.0s/16m00.0s
time="2025-11-20T19:19:51+01:00" level=info msg="VU 19: Attempting to get token for user: performance__user_19_browser" source=console

running (06m49.0s), 19/30 VUs, 1005 complete and 0 interrupted iterations
default   [  43% ] 19/30 VUs  06m49.0s/16m00.0s

running (06m50.0s), 19/30 VUs, 1009 complete and 0 interrupted iterations
default   [  43% ] 19/30 VUs  06m50.0s/16m00.0s

running (06m51.0s), 19/30 VUs, 1010 complete and 0 interrupted iterations
default   [  43% ] 19/30 VUs  06m51.0s/16m00.0s

running (06m52.0s), 19/30 VUs, 1013 complete and 0 interrupted iterations
default   [  43% ] 19/30 VUs  06m52.0s/16m00.0s
time="2025-11-20T19:19:55+01:00" level=info msg="VU 19: Authenticated as 'performance__user_19_browser' with role 'library_admin'" source=console

running (06m53.0s), 19/30 VUs, 1017 complete and 0 interrupted iterations
default   [  43% ] 19/30 VUs  06m53.0s/16m00.0s

running (06m54.0s), 19/30 VUs, 1018 complete and 0 interrupted iterations
default   [  43% ] 19/30 VUs  06m54.0s/16m00.0s

running (06m55.0s), 19/30 VUs, 1021 complete and 0 interrupted iterations
default   [  43% ] 19/30 VUs  06m55.0s/16m00.0s

running (06m56.0s), 19/30 VUs, 1025 complete and 0 interrupted iterations
default   [  43% ] 19/30 VUs  06m56.0s/16m00.0s

running (06m57.0s), 19/30 VUs, 1027 complete and 0 interrupted iterations
default   [  43% ] 19/30 VUs  06m57.0s/16m00.0s

running (06m58.0s), 19/30 VUs, 1029 complete and 0 interrupted iterations
default   [  44% ] 19/30 VUs  06m58.0s/16m00.0s

running (06m59.0s), 19/30 VUs, 1033 complete and 0 interrupted iterations
default   [  44% ] 19/30 VUs  06m59.0s/16m00.0s

running (07m00.0s), 19/30 VUs, 1035 complete and 0 interrupted iterations
default   [  44% ] 19/30 VUs  07m00.0s/16m00.0s
time="2025-11-20T19:20:03+01:00" level=info msg="VU 8: Attempting to get token for user: performance__user_8_browser" source=console

running (07m01.0s), 20/30 VUs, 1037 complete and 0 interrupted iterations
default   [  44% ] 20/30 VUs  07m01.0s/16m00.0s

running (07m02.0s), 20/30 VUs, 1041 complete and 0 interrupted iterations
default   [  44% ] 20/30 VUs  07m02.0s/16m00.0s

running (07m03.0s), 20/30 VUs, 1045 complete and 0 interrupted iterations
default   [  44% ] 20/30 VUs  07m03.0s/16m00.0s

running (07m04.0s), 20/30 VUs, 1046 complete and 0 interrupted iterations
default   [  44% ] 20/30 VUs  07m04.0s/16m00.0s

running (07m05.0s), 20/30 VUs, 1049 complete and 0 interrupted iterations
default   [  44% ] 20/30 VUs  07m05.0s/16m00.0s
time="2025-11-20T19:20:08+01:00" level=info msg="VU 8: Authenticated as 'performance__user_8_browser' with role 'library_author'" source=console

running (07m06.0s), 20/30 VUs, 1053 complete and 0 interrupted iterations
default   [  44% ] 20/30 VUs  07m06.0s/16m00.0s

running (07m07.0s), 20/30 VUs, 1054 complete and 0 interrupted iterations
default   [  44% ] 20/30 VUs  07m07.0s/16m00.0s

running (07m08.0s), 20/30 VUs, 1057 complete and 0 interrupted iterations
default   [  45% ] 20/30 VUs  07m08.0s/16m00.0s

running (07m09.0s), 20/30 VUs, 1060 complete and 0 interrupted iterations
default   [  45% ] 20/30 VUs  07m09.0s/16m00.0s

running (07m10.0s), 20/30 VUs, 1062 complete and 0 interrupted iterations
default   [  45% ] 20/30 VUs  07m10.0s/16m00.0s

running (07m11.0s), 20/30 VUs, 1065 complete and 0 interrupted iterations
default   [  45% ] 20/30 VUs  07m11.0s/16m00.0s

running (07m12.0s), 20/30 VUs, 1068 complete and 0 interrupted iterations
default   [  45% ] 20/30 VUs  07m12.0s/16m00.0s

running (07m13.0s), 20/30 VUs, 1070 complete and 0 interrupted iterations
default   [  45% ] 20/30 VUs  07m13.0s/16m00.0s

running (07m14.0s), 20/30 VUs, 1073 complete and 0 interrupted iterations
default   [  45% ] 20/30 VUs  07m14.0s/16m00.0s

running (07m15.0s), 20/30 VUs, 1076 complete and 0 interrupted iterations
default   [  45% ] 20/30 VUs  07m15.0s/16m00.0s

running (07m16.0s), 20/30 VUs, 1079 complete and 0 interrupted iterations
default   [  45% ] 20/30 VUs  07m16.0s/16m00.0s

running (07m17.0s), 20/30 VUs, 1081 complete and 0 interrupted iterations
default   [  46% ] 20/30 VUs  07m17.0s/16m00.0s

running (07m18.0s), 20/30 VUs, 1084 complete and 0 interrupted iterations
default   [  46% ] 20/30 VUs  07m18.0s/16m00.0s

running (07m19.0s), 20/30 VUs, 1087 complete and 0 interrupted iterations
default   [  46% ] 20/30 VUs  07m19.0s/16m00.0s

running (07m20.0s), 20/30 VUs, 1089 complete and 0 interrupted iterations
default   [  46% ] 20/30 VUs  07m20.0s/16m00.0s

running (07m21.0s), 20/30 VUs, 1093 complete and 0 interrupted iterations
default   [  46% ] 20/30 VUs  07m21.0s/16m00.0s

running (07m22.0s), 20/30 VUs, 1095 complete and 0 interrupted iterations
default   [  46% ] 20/30 VUs  07m22.0s/16m00.0s

running (07m23.0s), 20/30 VUs, 1097 complete and 0 interrupted iterations
default   [  46% ] 20/30 VUs  07m23.0s/16m00.0s

running (07m24.0s), 20/30 VUs, 1101 complete and 0 interrupted iterations
default   [  46% ] 20/30 VUs  07m24.0s/16m00.0s

running (07m25.0s), 20/30 VUs, 1104 complete and 0 interrupted iterations
default   [  46% ] 20/30 VUs  07m25.0s/16m00.0s

running (07m26.0s), 20/30 VUs, 1106 complete and 0 interrupted iterations
default   [  46% ] 20/30 VUs  07m26.0s/16m00.0s

running (07m27.0s), 20/30 VUs, 1109 complete and 0 interrupted iterations
default   [  47% ] 20/30 VUs  07m27.0s/16m00.0s

running (07m28.0s), 20/30 VUs, 1112 complete and 0 interrupted iterations
default   [  47% ] 20/30 VUs  07m28.0s/16m00.0s

running (07m29.0s), 20/30 VUs, 1114 complete and 0 interrupted iterations
default   [  47% ] 20/30 VUs  07m29.0s/16m00.0s

running (07m30.0s), 20/30 VUs, 1117 complete and 0 interrupted iterations
default   [  47% ] 20/30 VUs  07m30.0s/16m00.0s

running (07m31.0s), 20/30 VUs, 1120 complete and 0 interrupted iterations
default   [  47% ] 20/30 VUs  07m31.0s/16m00.0s

running (07m32.0s), 20/30 VUs, 1122 complete and 0 interrupted iterations
default   [  47% ] 20/30 VUs  07m32.0s/16m00.0s

running (07m33.0s), 20/30 VUs, 1125 complete and 0 interrupted iterations
default   [  47% ] 20/30 VUs  07m33.0s/16m00.0s

running (07m34.0s), 20/30 VUs, 1128 complete and 0 interrupted iterations
default   [  47% ] 20/30 VUs  07m34.0s/16m00.0s

running (07m35.0s), 20/30 VUs, 1130 complete and 0 interrupted iterations
default   [  47% ] 20/30 VUs  07m35.0s/16m00.0s

running (07m36.0s), 20/30 VUs, 1134 complete and 0 interrupted iterations
default   [  47% ] 20/30 VUs  07m36.0s/16m00.0s

running (07m37.0s), 20/30 VUs, 1137 complete and 0 interrupted iterations
default   [  48% ] 20/30 VUs  07m37.0s/16m00.0s

running (07m38.0s), 20/30 VUs, 1140 complete and 0 interrupted iterations
default   [  48% ] 20/30 VUs  07m38.0s/16m00.0s

running (07m39.0s), 20/30 VUs, 1142 complete and 0 interrupted iterations
default   [  48% ] 20/30 VUs  07m39.0s/16m00.0s

running (07m40.0s), 20/30 VUs, 1145 complete and 0 interrupted iterations
default   [  48% ] 20/30 VUs  07m40.0s/16m00.0s

running (07m41.0s), 20/30 VUs, 1148 complete and 0 interrupted iterations
default   [  48% ] 20/30 VUs  07m41.0s/16m00.0s

running (07m42.0s), 20/30 VUs, 1150 complete and 0 interrupted iterations
default   [  48% ] 20/30 VUs  07m42.0s/16m00.0s

running (07m43.0s), 20/30 VUs, 1153 complete and 0 interrupted iterations
default   [  48% ] 20/30 VUs  07m43.0s/16m00.0s

running (07m44.0s), 20/30 VUs, 1156 complete and 0 interrupted iterations
default   [  48% ] 20/30 VUs  07m44.0s/16m00.0s

running (07m45.0s), 20/30 VUs, 1158 complete and 0 interrupted iterations
default   [  48% ] 20/30 VUs  07m45.0s/16m00.0s

running (07m46.0s), 20/30 VUs, 1161 complete and 0 interrupted iterations
default   [  49% ] 20/30 VUs  07m46.0s/16m00.0s

running (07m47.0s), 20/30 VUs, 1164 complete and 0 interrupted iterations
default   [  49% ] 20/30 VUs  07m47.0s/16m00.0s

running (07m48.0s), 20/30 VUs, 1166 complete and 0 interrupted iterations
default   [  49% ] 20/30 VUs  07m48.0s/16m00.0s

running (07m49.0s), 20/30 VUs, 1169 complete and 0 interrupted iterations
default   [  49% ] 20/30 VUs  07m49.0s/16m00.0s

running (07m50.0s), 20/30 VUs, 1172 complete and 0 interrupted iterations
default   [  49% ] 20/30 VUs  07m50.0s/16m00.0s

running (07m51.0s), 20/30 VUs, 1174 complete and 0 interrupted iterations
default   [  49% ] 20/30 VUs  07m51.0s/16m00.0s

running (07m52.0s), 20/30 VUs, 1177 complete and 0 interrupted iterations
default   [  49% ] 20/30 VUs  07m52.0s/16m00.0s

running (07m53.0s), 20/30 VUs, 1180 complete and 0 interrupted iterations
default   [  49% ] 20/30 VUs  07m53.0s/16m00.0s

running (07m54.0s), 20/30 VUs, 1184 complete and 0 interrupted iterations
default   [  49% ] 20/30 VUs  07m54.0s/16m00.0s

running (07m55.0s), 20/30 VUs, 1186 complete and 0 interrupted iterations
default   [  49% ] 20/30 VUs  07m55.0s/16m00.0s

running (07m56.0s), 20/30 VUs, 1189 complete and 0 interrupted iterations
default   [  50% ] 20/30 VUs  07m56.0s/16m00.0s

running (07m57.0s), 20/30 VUs, 1192 complete and 0 interrupted iterations
default   [  50% ] 20/30 VUs  07m57.0s/16m00.0s

running (07m58.0s), 20/30 VUs, 1194 complete and 0 interrupted iterations
default   [  50% ] 20/30 VUs  07m58.0s/16m00.0s

running (07m59.0s), 20/30 VUs, 1197 complete and 0 interrupted iterations
default   [  50% ] 20/30 VUs  07m59.0s/16m00.0s

running (08m00.0s), 20/30 VUs, 1200 complete and 0 interrupted iterations
default   [  50% ] 20/30 VUs  08m00.0s/16m00.0s

running (08m01.0s), 20/30 VUs, 1202 complete and 0 interrupted iterations
default   [  50% ] 20/30 VUs  08m01.0s/16m00.0s

running (08m02.0s), 20/30 VUs, 1205 complete and 0 interrupted iterations
default   [  50% ] 20/30 VUs  08m02.0s/16m00.0s

running (08m03.0s), 20/30 VUs, 1208 complete and 0 interrupted iterations
default   [  50% ] 20/30 VUs  08m03.0s/16m00.0s

running (08m04.0s), 20/30 VUs, 1210 complete and 0 interrupted iterations
default   [  50% ] 20/30 VUs  08m04.0s/16m00.0s

running (08m05.0s), 20/30 VUs, 1213 complete and 0 interrupted iterations
default   [  51% ] 20/30 VUs  08m05.0s/16m00.0s

running (08m06.0s), 20/30 VUs, 1216 complete and 0 interrupted iterations
default   [  51% ] 20/30 VUs  08m06.0s/16m00.0s

running (08m07.0s), 20/30 VUs, 1218 complete and 0 interrupted iterations
default   [  51% ] 20/30 VUs  08m07.0s/16m00.0s

running (08m08.0s), 20/30 VUs, 1222 complete and 0 interrupted iterations
default   [  51% ] 20/30 VUs  08m08.0s/16m00.0s

running (08m09.0s), 20/30 VUs, 1224 complete and 0 interrupted iterations
default   [  51% ] 20/30 VUs  08m09.0s/16m00.0s

running (08m10.0s), 20/30 VUs, 1226 complete and 0 interrupted iterations
default   [  51% ] 20/30 VUs  08m10.0s/16m00.0s

running (08m11.0s), 20/30 VUs, 1230 complete and 0 interrupted iterations
default   [  51% ] 20/30 VUs  08m11.0s/16m00.0s

running (08m12.0s), 20/30 VUs, 1233 complete and 0 interrupted iterations
default   [  51% ] 20/30 VUs  08m12.0s/16m00.0s

running (08m13.0s), 20/30 VUs, 1236 complete and 0 interrupted iterations
default   [  51% ] 20/30 VUs  08m13.0s/16m00.0s

running (08m14.0s), 20/30 VUs, 1238 complete and 0 interrupted iterations
default   [  51% ] 20/30 VUs  08m14.0s/16m00.0s

running (08m15.0s), 20/30 VUs, 1241 complete and 0 interrupted iterations
default   [  52% ] 20/30 VUs  08m15.0s/16m00.0s

running (08m16.0s), 20/30 VUs, 1244 complete and 0 interrupted iterations
default   [  52% ] 20/30 VUs  08m16.0s/16m00.0s

running (08m17.0s), 20/30 VUs, 1246 complete and 0 interrupted iterations
default   [  52% ] 20/30 VUs  08m17.0s/16m00.0s

running (08m18.0s), 20/30 VUs, 1249 complete and 0 interrupted iterations
default   [  52% ] 20/30 VUs  08m18.0s/16m00.0s

running (08m19.0s), 20/30 VUs, 1252 complete and 0 interrupted iterations
default   [  52% ] 20/30 VUs  08m19.0s/16m00.0s

running (08m20.0s), 20/30 VUs, 1254 complete and 0 interrupted iterations
default   [  52% ] 20/30 VUs  08m20.0s/16m00.0s

running (08m21.0s), 20/30 VUs, 1257 complete and 0 interrupted iterations
default   [  52% ] 20/30 VUs  08m21.0s/16m00.0s

running (08m22.0s), 20/30 VUs, 1260 complete and 0 interrupted iterations
default   [  52% ] 20/30 VUs  08m22.0s/16m00.0s

running (08m23.0s), 20/30 VUs, 1262 complete and 0 interrupted iterations
default   [  52% ] 20/30 VUs  08m23.0s/16m00.0s

running (08m24.0s), 20/30 VUs, 1266 complete and 0 interrupted iterations
default   [  52% ] 20/30 VUs  08m24.0s/16m00.0s

running (08m25.0s), 20/30 VUs, 1268 complete and 0 interrupted iterations
default   [  53% ] 20/30 VUs  08m25.0s/16m00.0s

running (08m26.0s), 20/30 VUs, 1272 complete and 0 interrupted iterations
default   [  53% ] 20/30 VUs  08m26.0s/16m00.0s

running (08m27.0s), 20/30 VUs, 1274 complete and 0 interrupted iterations
default   [  53% ] 20/30 VUs  08m27.0s/16m00.0s

running (08m28.0s), 20/30 VUs, 1277 complete and 0 interrupted iterations
default   [  53% ] 20/30 VUs  08m28.0s/16m00.0s

running (08m29.0s), 20/30 VUs, 1280 complete and 0 interrupted iterations
default   [  53% ] 20/30 VUs  08m29.0s/16m00.0s

running (08m30.0s), 20/30 VUs, 1282 complete and 0 interrupted iterations
default   [  53% ] 20/30 VUs  08m30.0s/16m00.0s

running (08m31.0s), 20/30 VUs, 1285 complete and 0 interrupted iterations
default   [  53% ] 20/30 VUs  08m31.0s/16m00.0s

running (08m32.0s), 20/30 VUs, 1288 complete and 0 interrupted iterations
default   [  53% ] 20/30 VUs  08m32.0s/16m00.0s

running (08m33.0s), 20/30 VUs, 1290 complete and 0 interrupted iterations
default   [  53% ] 20/30 VUs  08m33.0s/16m00.0s

running (08m34.0s), 20/30 VUs, 1293 complete and 0 interrupted iterations
default   [  54% ] 20/30 VUs  08m34.0s/16m00.0s

running (08m35.0s), 20/30 VUs, 1296 complete and 0 interrupted iterations
default   [  54% ] 20/30 VUs  08m35.0s/16m00.0s

running (08m36.0s), 20/30 VUs, 1298 complete and 0 interrupted iterations
default   [  54% ] 20/30 VUs  08m36.0s/16m00.0s

running (08m37.0s), 20/30 VUs, 1301 complete and 0 interrupted iterations
default   [  54% ] 20/30 VUs  08m37.0s/16m00.0s

running (08m38.0s), 20/30 VUs, 1304 complete and 0 interrupted iterations
default   [  54% ] 20/30 VUs  08m38.0s/16m00.0s

running (08m39.0s), 20/30 VUs, 1306 complete and 0 interrupted iterations
default   [  54% ] 20/30 VUs  08m39.0s/16m00.0s

running (08m40.0s), 20/30 VUs, 1309 complete and 0 interrupted iterations
default   [  54% ] 20/30 VUs  08m40.0s/16m00.0s

running (08m41.0s), 20/30 VUs, 1312 complete and 0 interrupted iterations
default   [  54% ] 20/30 VUs  08m41.0s/16m00.0s

running (08m42.0s), 20/30 VUs, 1316 complete and 0 interrupted iterations
default   [  54% ] 20/30 VUs  08m42.0s/16m00.0s

running (08m43.0s), 20/30 VUs, 1318 complete and 0 interrupted iterations
default   [  54% ] 20/30 VUs  08m43.0s/16m00.0s

running (08m44.0s), 20/30 VUs, 1320 complete and 0 interrupted iterations
default   [  55% ] 20/30 VUs  08m44.0s/16m00.0s

running (08m45.0s), 20/30 VUs, 1324 complete and 0 interrupted iterations
default   [  55% ] 20/30 VUs  08m45.0s/16m00.0s

running (08m46.0s), 20/30 VUs, 1326 complete and 0 interrupted iterations
default   [  55% ] 20/30 VUs  08m46.0s/16m00.0s

running (08m47.0s), 20/30 VUs, 1328 complete and 0 interrupted iterations
default   [  55% ] 20/30 VUs  08m47.0s/16m00.0s

running (08m48.0s), 20/30 VUs, 1332 complete and 0 interrupted iterations
default   [  55% ] 20/30 VUs  08m48.0s/16m00.0s

running (08m49.0s), 20/30 VUs, 1334 complete and 0 interrupted iterations
default   [  55% ] 20/30 VUs  08m49.0s/16m00.0s

running (08m50.0s), 20/30 VUs, 1336 complete and 0 interrupted iterations
default   [  55% ] 20/30 VUs  08m50.0s/16m00.0s

running (08m51.0s), 20/30 VUs, 1340 complete and 0 interrupted iterations
default   [  55% ] 20/30 VUs  08m51.0s/16m00.0s

running (08m52.0s), 20/30 VUs, 1342 complete and 0 interrupted iterations
default   [  55% ] 20/30 VUs  08m52.0s/16m00.0s

running (08m53.0s), 20/30 VUs, 1346 complete and 0 interrupted iterations
default   [  56% ] 20/30 VUs  08m53.0s/16m00.0s

running (08m54.0s), 20/30 VUs, 1348 complete and 0 interrupted iterations
default   [  56% ] 20/30 VUs  08m54.0s/16m00.0s

running (08m55.0s), 20/30 VUs, 1350 complete and 0 interrupted iterations
default   [  56% ] 20/30 VUs  08m55.0s/16m00.0s

running (08m56.0s), 20/30 VUs, 1354 complete and 0 interrupted iterations
default   [  56% ] 20/30 VUs  08m56.0s/16m00.0s

running (08m57.0s), 20/30 VUs, 1356 complete and 0 interrupted iterations
default   [  56% ] 20/30 VUs  08m57.0s/16m00.0s

running (08m58.0s), 20/30 VUs, 1358 complete and 0 interrupted iterations
default   [  56% ] 20/30 VUs  08m58.0s/16m00.0s

running (08m59.0s), 20/30 VUs, 1362 complete and 0 interrupted iterations
default   [  56% ] 20/30 VUs  08m59.0s/16m00.0s

running (09m00.0s), 20/30 VUs, 1364 complete and 0 interrupted iterations
default   [  56% ] 20/30 VUs  09m00.0s/16m00.0s

running (09m01.0s), 20/30 VUs, 1367 complete and 0 interrupted iterations
default   [  56% ] 20/30 VUs  09m01.0s/16m00.0s

running (09m02.0s), 20/30 VUs, 1370 complete and 0 interrupted iterations
default   [  56% ] 20/30 VUs  09m02.0s/16m00.0s

running (09m03.0s), 20/30 VUs, 1372 complete and 0 interrupted iterations
default   [  57% ] 20/30 VUs  09m03.0s/16m00.0s

running (09m04.0s), 20/30 VUs, 1374 complete and 0 interrupted iterations
default   [  57% ] 20/30 VUs  09m04.0s/16m00.0s

running (09m05.0s), 20/30 VUs, 1378 complete and 0 interrupted iterations
default   [  57% ] 20/30 VUs  09m05.0s/16m00.0s

running (09m06.0s), 20/30 VUs, 1380 complete and 0 interrupted iterations
default   [  57% ] 20/30 VUs  09m06.0s/16m00.0s

running (09m07.0s), 20/30 VUs, 1384 complete and 0 interrupted iterations
default   [  57% ] 20/30 VUs  09m07.0s/16m00.0s

running (09m08.0s), 20/30 VUs, 1386 complete and 0 interrupted iterations
default   [  57% ] 20/30 VUs  09m08.0s/16m00.0s

running (09m09.0s), 20/30 VUs, 1390 complete and 0 interrupted iterations
default   [  57% ] 20/30 VUs  09m09.0s/16m00.0s

running (09m10.0s), 20/30 VUs, 1392 complete and 0 interrupted iterations
default   [  57% ] 20/30 VUs  09m10.0s/16m00.0s

running (09m11.0s), 20/30 VUs, 1394 complete and 0 interrupted iterations
default   [  57% ] 20/30 VUs  09m11.0s/16m00.0s

running (09m12.0s), 20/30 VUs, 1398 complete and 0 interrupted iterations
default   [  57% ] 20/30 VUs  09m12.0s/16m00.0s

running (09m13.0s), 20/30 VUs, 1400 complete and 0 interrupted iterations
default   [  58% ] 20/30 VUs  09m13.0s/16m00.0s

running (09m14.0s), 20/30 VUs, 1402 complete and 0 interrupted iterations
default   [  58% ] 20/30 VUs  09m14.0s/16m00.0s

running (09m15.0s), 20/30 VUs, 1406 complete and 0 interrupted iterations
default   [  58% ] 20/30 VUs  09m15.0s/16m00.0s

running (09m16.0s), 20/30 VUs, 1408 complete and 0 interrupted iterations
default   [  58% ] 20/30 VUs  09m16.0s/16m00.0s

running (09m17.0s), 20/30 VUs, 1410 complete and 0 interrupted iterations
default   [  58% ] 20/30 VUs  09m17.0s/16m00.0s

running (09m18.0s), 20/30 VUs, 1414 complete and 0 interrupted iterations
default   [  58% ] 20/30 VUs  09m18.0s/16m00.0s

running (09m19.0s), 20/30 VUs, 1416 complete and 0 interrupted iterations
default   [  58% ] 20/30 VUs  09m19.0s/16m00.0s

running (09m20.0s), 20/30 VUs, 1419 complete and 0 interrupted iterations
default   [  58% ] 20/30 VUs  09m20.0s/16m00.0s

running (09m21.0s), 20/30 VUs, 1422 complete and 0 interrupted iterations
default   [  58% ] 20/30 VUs  09m21.0s/16m00.0s

running (09m22.0s), 20/30 VUs, 1424 complete and 0 interrupted iterations
default   [  59% ] 20/30 VUs  09m22.0s/16m00.0s

running (09m23.0s), 20/30 VUs, 1427 complete and 0 interrupted iterations
default   [  59% ] 20/30 VUs  09m23.0s/16m00.0s

running (09m24.0s), 20/30 VUs, 1430 complete and 0 interrupted iterations
default   [  59% ] 20/30 VUs  09m24.0s/16m00.0s

running (09m25.0s), 20/30 VUs, 1432 complete and 0 interrupted iterations
default   [  59% ] 20/30 VUs  09m25.0s/16m00.0s

running (09m26.0s), 20/30 VUs, 1436 complete and 0 interrupted iterations
default   [  59% ] 20/30 VUs  09m26.0s/16m00.0s

running (09m27.0s), 20/30 VUs, 1438 complete and 0 interrupted iterations
default   [  59% ] 20/30 VUs  09m27.0s/16m00.0s

running (09m28.0s), 20/30 VUs, 1442 complete and 0 interrupted iterations
default   [  59% ] 20/30 VUs  09m28.0s/16m00.0s

running (09m29.0s), 20/30 VUs, 1444 complete and 0 interrupted iterations
default   [  59% ] 20/30 VUs  09m29.0s/16m00.0s

running (09m30.0s), 20/30 VUs, 1446 complete and 0 interrupted iterations
default   [  59% ] 20/30 VUs  09m30.0s/16m00.0s

running (09m31.0s), 20/30 VUs, 1450 complete and 0 interrupted iterations
default   [  59% ] 20/30 VUs  09m31.0s/16m00.0s

running (09m32.0s), 20/30 VUs, 1452 complete and 0 interrupted iterations
default   [  60% ] 20/30 VUs  09m32.0s/16m00.0s

running (09m33.0s), 20/30 VUs, 1454 complete and 0 interrupted iterations
default   [  60% ] 20/30 VUs  09m33.0s/16m00.0s

running (09m34.0s), 20/30 VUs, 1458 complete and 0 interrupted iterations
default   [  60% ] 20/30 VUs  09m34.0s/16m00.0s

running (09m35.0s), 20/30 VUs, 1460 complete and 0 interrupted iterations
default   [  60% ] 20/30 VUs  09m35.0s/16m00.0s

running (09m36.0s), 20/30 VUs, 1462 complete and 0 interrupted iterations
default   [  60% ] 20/30 VUs  09m36.0s/16m00.0s

running (09m37.0s), 20/30 VUs, 1466 complete and 0 interrupted iterations
default   [  60% ] 20/30 VUs  09m37.0s/16m00.0s

running (09m38.0s), 20/30 VUs, 1468 complete and 0 interrupted iterations
default   [  60% ] 20/30 VUs  09m38.0s/16m00.0s

running (09m39.0s), 20/30 VUs, 1472 complete and 0 interrupted iterations
default   [  60% ] 20/30 VUs  09m39.0s/16m00.0s

running (09m40.0s), 20/30 VUs, 1474 complete and 0 interrupted iterations
default   [  60% ] 20/30 VUs  09m40.0s/16m00.0s

running (09m41.0s), 20/30 VUs, 1476 complete and 0 interrupted iterations
default   [  61% ] 20/30 VUs  09m41.0s/16m00.0s

running (09m42.0s), 20/30 VUs, 1478 complete and 0 interrupted iterations
default   [  61% ] 20/30 VUs  09m42.0s/16m00.0s

running (09m43.0s), 20/30 VUs, 1482 complete and 0 interrupted iterations
default   [  61% ] 20/30 VUs  09m43.0s/16m00.0s

running (09m44.0s), 20/30 VUs, 1484 complete and 0 interrupted iterations
default   [  61% ] 20/30 VUs  09m44.0s/16m00.0s

running (09m45.0s), 20/30 VUs, 1488 complete and 0 interrupted iterations
default   [  61% ] 20/30 VUs  09m45.0s/16m00.0s

running (09m46.0s), 20/30 VUs, 1490 complete and 0 interrupted iterations
default   [  61% ] 20/30 VUs  09m46.0s/16m00.0s

running (09m47.0s), 20/30 VUs, 1494 complete and 0 interrupted iterations
default   [  61% ] 20/30 VUs  09m47.0s/16m00.0s

running (09m48.0s), 20/30 VUs, 1496 complete and 0 interrupted iterations
default   [  61% ] 20/30 VUs  09m48.0s/16m00.0s

running (09m49.0s), 20/30 VUs, 1498 complete and 0 interrupted iterations
default   [  61% ] 20/30 VUs  09m49.0s/16m00.0s

running (09m50.0s), 20/30 VUs, 1502 complete and 0 interrupted iterations
default   [  61% ] 20/30 VUs  09m50.0s/16m00.0s

running (09m51.0s), 20/30 VUs, 1504 complete and 0 interrupted iterations
default   [  62% ] 20/30 VUs  09m51.0s/16m00.0s

running (09m52.0s), 20/30 VUs, 1506 complete and 0 interrupted iterations
default   [  62% ] 20/30 VUs  09m52.0s/16m00.0s

running (09m53.0s), 20/30 VUs, 1510 complete and 0 interrupted iterations
default   [  62% ] 20/30 VUs  09m53.0s/16m00.0s

running (09m54.0s), 20/30 VUs, 1512 complete and 0 interrupted iterations
default   [  62% ] 20/30 VUs  09m54.0s/16m00.0s

running (09m55.0s), 20/30 VUs, 1514 complete and 0 interrupted iterations
default   [  62% ] 20/30 VUs  09m55.0s/16m00.0s

running (09m56.0s), 20/30 VUs, 1518 complete and 0 interrupted iterations
default   [  62% ] 20/30 VUs  09m56.0s/16m00.0s

running (09m57.0s), 20/30 VUs, 1520 complete and 0 interrupted iterations
default   [  62% ] 20/30 VUs  09m57.0s/16m00.0s

running (09m58.0s), 20/30 VUs, 1522 complete and 0 interrupted iterations
default   [  62% ] 20/30 VUs  09m58.0s/16m00.0s

running (09m59.0s), 20/30 VUs, 1526 complete and 0 interrupted iterations
default   [  62% ] 20/30 VUs  09m59.0s/16m00.0s

running (10m00.0s), 20/30 VUs, 1528 complete and 0 interrupted iterations
default   [  62% ] 20/30 VUs  10m00.0s/16m00.0s

running (10m01.0s), 20/30 VUs, 1532 complete and 0 interrupted iterations
default   [  63% ] 20/30 VUs  10m01.0s/16m00.0s

running (10m02.0s), 20/30 VUs, 1534 complete and 0 interrupted iterations
default   [  63% ] 20/30 VUs  10m02.0s/16m00.0s

running (10m03.0s), 20/30 VUs, 1537 complete and 0 interrupted iterations
default   [  63% ] 20/30 VUs  10m03.0s/16m00.0s

running (10m04.0s), 20/30 VUs, 1540 complete and 0 interrupted iterations
default   [  63% ] 20/30 VUs  10m04.0s/16m00.0s

running (10m05.0s), 20/30 VUs, 1542 complete and 0 interrupted iterations
default   [  63% ] 20/30 VUs  10m05.0s/16m00.0s

running (10m06.0s), 20/30 VUs, 1546 complete and 0 interrupted iterations
default   [  63% ] 20/30 VUs  10m06.0s/16m00.0s

running (10m07.0s), 20/30 VUs, 1548 complete and 0 interrupted iterations
default   [  63% ] 20/30 VUs  10m07.0s/16m00.0s

running (10m08.0s), 20/30 VUs, 1550 complete and 0 interrupted iterations
default   [  63% ] 20/30 VUs  10m08.0s/16m00.0s

running (10m09.0s), 20/30 VUs, 1554 complete and 0 interrupted iterations
default   [  63% ] 20/30 VUs  10m09.0s/16m00.0s

running (10m10.0s), 20/30 VUs, 1556 complete and 0 interrupted iterations
default   [  64% ] 20/30 VUs  10m10.0s/16m00.0s

running (10m11.0s), 20/30 VUs, 1558 complete and 0 interrupted iterations
default   [  64% ] 20/30 VUs  10m11.0s/16m00.0s

running (10m12.0s), 20/30 VUs, 1562 complete and 0 interrupted iterations
default   [  64% ] 20/30 VUs  10m12.0s/16m00.0s
time="2025-11-20T19:23:15+01:00" level=info msg="VU 21: Attempting to get token for user: performance__user_21_browser" source=console

running (10m13.0s), 21/30 VUs, 1564 complete and 0 interrupted iterations
default   [  64% ] 21/30 VUs  10m13.0s/16m00.0s

running (10m14.0s), 21/30 VUs, 1566 complete and 0 interrupted iterations
default   [  64% ] 21/30 VUs  10m14.0s/16m00.0s

running (10m15.0s), 21/30 VUs, 1570 complete and 0 interrupted iterations
default   [  64% ] 21/30 VUs  10m15.0s/16m00.0s

running (10m16.0s), 21/30 VUs, 1572 complete and 0 interrupted iterations
default   [  64% ] 21/30 VUs  10m16.0s/16m00.0s

running (10m17.0s), 21/30 VUs, 1576 complete and 0 interrupted iterations
default   [  64% ] 21/30 VUs  10m17.0s/16m00.0s
time="2025-11-20T19:23:20+01:00" level=info msg="VU 21: Authenticated as 'performance__user_21_browser' with role 'library_user'" source=console

running (10m18.0s), 21/30 VUs, 1578 complete and 0 interrupted iterations
default   [  64% ] 21/30 VUs  10m18.0s/16m00.0s

running (10m19.0s), 21/30 VUs, 1580 complete and 0 interrupted iterations
default   [  64% ] 21/30 VUs  10m19.0s/16m00.0s

running (10m20.0s), 21/30 VUs, 1583 complete and 0 interrupted iterations
default   [  65% ] 21/30 VUs  10m20.0s/16m00.0s

running (10m21.0s), 21/30 VUs, 1586 complete and 0 interrupted iterations
default   [  65% ] 21/30 VUs  10m21.0s/16m00.0s

running (10m22.0s), 21/30 VUs, 1588 complete and 0 interrupted iterations
default   [  65% ] 21/30 VUs  10m22.0s/16m00.0s

running (10m23.0s), 21/30 VUs, 1591 complete and 0 interrupted iterations
default   [  65% ] 21/30 VUs  10m23.0s/16m00.0s

running (10m24.0s), 21/30 VUs, 1594 complete and 0 interrupted iterations
default   [  65% ] 21/30 VUs  10m24.0s/16m00.0s
time="2025-11-20T19:23:27+01:00" level=info msg="VU 26: Attempting to get token for user: performance__user_26_browser" source=console

running (10m25.0s), 22/30 VUs, 1598 complete and 0 interrupted iterations
default   [  65% ] 22/30 VUs  10m25.0s/16m00.0s

running (10m26.0s), 22/30 VUs, 1599 complete and 0 interrupted iterations
default   [  65% ] 22/30 VUs  10m26.0s/16m00.0s

running (10m27.0s), 22/30 VUs, 1602 complete and 0 interrupted iterations
default   [  65% ] 22/30 VUs  10m27.0s/16m00.0s

running (10m28.0s), 22/30 VUs, 1606 complete and 0 interrupted iterations
default   [  65% ] 22/30 VUs  10m28.0s/16m00.0s

running (10m29.0s), 22/30 VUs, 1607 complete and 0 interrupted iterations
default   [  66% ] 22/30 VUs  10m29.0s/16m00.0s

running (10m30.0s), 22/30 VUs, 1610 complete and 0 interrupted iterations
default   [  66% ] 22/30 VUs  10m30.0s/16m00.0s
time="2025-11-20T19:23:33+01:00" level=info msg="VU 26: Authenticated as 'performance__user_26_browser' with role 'library_author'" source=console

running (10m31.0s), 22/30 VUs, 1614 complete and 0 interrupted iterations
default   [  66% ] 22/30 VUs  10m31.0s/16m00.0s

running (10m32.0s), 22/30 VUs, 1615 complete and 0 interrupted iterations
default   [  66% ] 22/30 VUs  10m32.0s/16m00.0s

running (10m33.0s), 22/30 VUs, 1618 complete and 0 interrupted iterations
default   [  66% ] 22/30 VUs  10m33.0s/16m00.0s

running (10m34.0s), 22/30 VUs, 1622 complete and 0 interrupted iterations
default   [  66% ] 22/30 VUs  10m34.0s/16m00.0s

running (10m35.0s), 22/30 VUs, 1624 complete and 0 interrupted iterations
default   [  66% ] 22/30 VUs  10m35.0s/16m00.0s

running (10m36.0s), 22/30 VUs, 1626 complete and 0 interrupted iterations
default   [  66% ] 22/30 VUs  10m36.0s/16m00.0s
time="2025-11-20T19:23:39+01:00" level=info msg="VU 30: Attempting to get token for user: performance__user_30_browser" source=console

running (10m37.0s), 23/30 VUs, 1630 complete and 0 interrupted iterations
default   [  66% ] 23/30 VUs  10m37.0s/16m00.0s

running (10m38.0s), 23/30 VUs, 1631 complete and 0 interrupted iterations
default   [  66% ] 23/30 VUs  10m38.0s/16m00.0s

running (10m39.0s), 23/30 VUs, 1634 complete and 0 interrupted iterations
default   [  67% ] 23/30 VUs  10m39.0s/16m00.0s

running (10m40.0s), 23/30 VUs, 1638 complete and 0 interrupted iterations
default   [  67% ] 23/30 VUs  10m40.0s/16m00.0s

running (10m41.0s), 23/30 VUs, 1639 complete and 0 interrupted iterations
default   [  67% ] 23/30 VUs  10m41.0s/16m00.0s

running (10m42.0s), 23/30 VUs, 1642 complete and 0 interrupted iterations
default   [  67% ] 23/30 VUs  10m42.0s/16m00.0s
time="2025-11-20T19:23:45+01:00" level=info msg="VU 30: Authenticated as 'performance__user_30_browser' with role 'library_user'" source=console

running (10m43.0s), 23/30 VUs, 1646 complete and 0 interrupted iterations
default   [  67% ] 23/30 VUs  10m43.0s/16m00.0s

running (10m44.0s), 23/30 VUs, 1648 complete and 0 interrupted iterations
default   [  67% ] 23/30 VUs  10m44.0s/16m00.0s

running (10m45.0s), 23/30 VUs, 1650 complete and 0 interrupted iterations
default   [  67% ] 23/30 VUs  10m45.0s/16m00.0s

running (10m46.0s), 23/30 VUs, 1654 complete and 0 interrupted iterations
default   [  67% ] 23/30 VUs  10m46.0s/16m00.0s

running (10m47.0s), 23/30 VUs, 1656 complete and 0 interrupted iterations
default   [  67% ] 23/30 VUs  10m47.0s/16m00.0s

running (10m48.0s), 23/30 VUs, 1658 complete and 0 interrupted iterations
default   [  67% ] 23/30 VUs  10m48.0s/16m00.0s
time="2025-11-20T19:23:51+01:00" level=info msg="VU 23: Attempting to get token for user: performance__user_23_browser" source=console

running (10m49.0s), 24/30 VUs, 1662 complete and 0 interrupted iterations
default   [  68% ] 24/30 VUs  10m49.0s/16m00.0s

running (10m50.0s), 24/30 VUs, 1664 complete and 0 interrupted iterations
default   [  68% ] 24/30 VUs  10m50.0s/16m00.0s

running (10m51.0s), 24/30 VUs, 1666 complete and 0 interrupted iterations
default   [  68% ] 24/30 VUs  10m51.0s/16m00.0s

running (10m52.0s), 24/30 VUs, 1670 complete and 0 interrupted iterations
default   [  68% ] 24/30 VUs  10m52.0s/16m00.0s

running (10m53.0s), 24/30 VUs, 1673 complete and 0 interrupted iterations
default   [  68% ] 24/30 VUs  10m53.0s/16m00.0s

running (10m54.0s), 24/30 VUs, 1674 complete and 0 interrupted iterations
default   [  68% ] 24/30 VUs  10m54.0s/16m00.0s
time="2025-11-20T19:23:57+01:00" level=info msg="VU 23: Authenticated as 'performance__user_23_browser' with role 'library_author'" source=console

running (10m55.0s), 24/30 VUs, 1678 complete and 0 interrupted iterations
default   [  68% ] 24/30 VUs  10m55.0s/16m00.0s

running (10m56.0s), 24/30 VUs, 1681 complete and 0 interrupted iterations
default   [  68% ] 24/30 VUs  10m56.0s/16m00.0s

running (10m57.0s), 24/30 VUs, 1682 complete and 0 interrupted iterations
default   [  68% ] 24/30 VUs  10m57.0s/16m00.0s

running (10m58.0s), 24/30 VUs, 1686 complete and 0 interrupted iterations
default   [  69% ] 24/30 VUs  10m58.0s/16m00.0s

running (10m59.0s), 24/30 VUs, 1689 complete and 0 interrupted iterations
default   [  69% ] 24/30 VUs  10m59.0s/16m00.0s

running (11m00.0s), 24/30 VUs, 1691 complete and 0 interrupted iterations
default   [  69% ] 24/30 VUs  11m00.0s/16m00.0s
time="2025-11-20T19:24:03+01:00" level=info msg="VU 25: Attempting to get token for user: performance__user_25_browser" source=console

running (11m01.0s), 25/30 VUs, 1694 complete and 0 interrupted iterations
default   [  69% ] 25/30 VUs  11m01.0s/16m00.0s

running (11m02.0s), 25/30 VUs, 1698 complete and 0 interrupted iterations
default   [  69% ] 25/30 VUs  11m02.0s/16m00.0s

running (11m03.0s), 25/30 VUs, 1698 complete and 0 interrupted iterations
default   [  69% ] 25/30 VUs  11m03.0s/16m00.0s

running (11m04.0s), 25/30 VUs, 1702 complete and 0 interrupted iterations
default   [  69% ] 25/30 VUs  11m04.0s/16m00.0s

running (11m05.0s), 25/30 VUs, 1705 complete and 0 interrupted iterations
default   [  69% ] 25/30 VUs  11m05.0s/16m00.0s

running (11m06.0s), 25/30 VUs, 1707 complete and 0 interrupted iterations
default   [  69% ] 25/30 VUs  11m06.0s/16m00.0s

running (11m07.0s), 25/30 VUs, 1710 complete and 0 interrupted iterations
default   [  69% ] 25/30 VUs  11m07.0s/16m00.0s
time="2025-11-20T19:24:10+01:00" level=info msg="VU 25: Authenticated as 'performance__user_25_browser' with role 'library_admin'" source=console

running (11m08.0s), 25/30 VUs, 1713 complete and 0 interrupted iterations
default   [  70% ] 25/30 VUs  11m08.0s/16m00.0s

running (11m09.0s), 25/30 VUs, 1715 complete and 0 interrupted iterations
default   [  70% ] 25/30 VUs  11m09.0s/16m00.0s

running (11m10.0s), 25/30 VUs, 1717 complete and 0 interrupted iterations
default   [  70% ] 25/30 VUs  11m10.0s/16m00.0s

running (11m11.0s), 25/30 VUs, 1721 complete and 0 interrupted iterations
default   [  70% ] 25/30 VUs  11m11.0s/16m00.0s

running (11m12.0s), 25/30 VUs, 1724 complete and 0 interrupted iterations
default   [  70% ] 25/30 VUs  11m12.0s/16m00.0s
time="2025-11-20T19:24:15+01:00" level=info msg="VU 28: Attempting to get token for user: performance__user_28_browser" source=console

running (11m13.0s), 26/30 VUs, 1725 complete and 0 interrupted iterations
default   [  70% ] 26/30 VUs  11m13.0s/16m00.0s

running (11m14.0s), 26/30 VUs, 1729 complete and 0 interrupted iterations
default   [  70% ] 26/30 VUs  11m14.0s/16m00.0s

running (11m15.0s), 26/30 VUs, 1733 complete and 0 interrupted iterations
default   [  70% ] 26/30 VUs  11m15.0s/16m00.0s

running (11m16.0s), 26/30 VUs, 1734 complete and 0 interrupted iterations
default   [  70% ] 26/30 VUs  11m16.0s/16m00.0s

running (11m17.0s), 26/30 VUs, 1737 complete and 0 interrupted iterations
default   [  71% ] 26/30 VUs  11m17.0s/16m00.0s

running (11m18.0s), 26/30 VUs, 1741 complete and 0 interrupted iterations
default   [  71% ] 26/30 VUs  11m18.0s/16m00.0s

running (11m19.0s), 26/30 VUs, 1742 complete and 0 interrupted iterations
default   [  71% ] 26/30 VUs  11m19.0s/16m00.0s
time="2025-11-20T19:24:22+01:00" level=info msg="VU 28: Authenticated as 'performance__user_28_browser' with role 'library_admin'" source=console

running (11m20.0s), 26/30 VUs, 1745 complete and 0 interrupted iterations
default   [  71% ] 26/30 VUs  11m20.0s/16m00.0s

running (11m21.0s), 26/30 VUs, 1749 complete and 0 interrupted iterations
default   [  71% ] 26/30 VUs  11m21.0s/16m00.0s

running (11m22.0s), 26/30 VUs, 1750 complete and 0 interrupted iterations
default   [  71% ] 26/30 VUs  11m22.0s/16m00.0s

running (11m23.0s), 26/30 VUs, 1753 complete and 0 interrupted iterations
default   [  71% ] 26/30 VUs  11m23.0s/16m00.0s

running (11m24.0s), 26/30 VUs, 1757 complete and 0 interrupted iterations
default   [  71% ] 26/30 VUs  11m24.0s/16m00.0s
time="2025-11-20T19:24:27+01:00" level=info msg="VU 29: Attempting to get token for user: performance__user_29_browser" source=console

running (11m25.0s), 27/30 VUs, 1758 complete and 0 interrupted iterations
default   [  71% ] 27/30 VUs  11m25.0s/16m00.0s

running (11m26.0s), 27/30 VUs, 1761 complete and 0 interrupted iterations
default   [  71% ] 27/30 VUs  11m26.0s/16m00.0s

running (11m27.0s), 27/30 VUs, 1765 complete and 0 interrupted iterations
default   [  72% ] 27/30 VUs  11m27.0s/16m00.0s

running (11m28.0s), 27/30 VUs, 1767 complete and 0 interrupted iterations
default   [  72% ] 27/30 VUs  11m28.0s/16m00.0s

running (11m29.0s), 27/30 VUs, 1770 complete and 0 interrupted iterations
default   [  72% ] 27/30 VUs  11m29.0s/16m00.0s

running (11m30.0s), 27/30 VUs, 1773 complete and 0 interrupted iterations
default   [  72% ] 27/30 VUs  11m30.0s/16m00.0s

running (11m31.0s), 27/30 VUs, 1775 complete and 0 interrupted iterations
default   [  72% ] 27/30 VUs  11m31.0s/16m00.0s
time="2025-11-20T19:24:35+01:00" level=info msg="VU 29: Authenticated as 'performance__user_29_browser' with role 'library_author'" source=console

running (11m32.0s), 27/30 VUs, 1778 complete and 0 interrupted iterations
default   [  72% ] 27/30 VUs  11m32.0s/16m00.0s

running (11m33.0s), 27/30 VUs, 1781 complete and 0 interrupted iterations
default   [  72% ] 27/30 VUs  11m33.0s/16m00.0s

running (11m34.0s), 27/30 VUs, 1783 complete and 0 interrupted iterations
default   [  72% ] 27/30 VUs  11m34.0s/16m00.0s

running (11m35.0s), 27/30 VUs, 1786 complete and 0 interrupted iterations
default   [  72% ] 27/30 VUs  11m35.0s/16m00.0s

running (11m36.0s), 27/30 VUs, 1789 complete and 0 interrupted iterations
default   [  72% ] 27/30 VUs  11m36.0s/16m00.0s
time="2025-11-20T19:24:39+01:00" level=info msg="VU 22: Attempting to get token for user: performance__user_22_browser" source=console

running (11m37.0s), 28/30 VUs, 1791 complete and 0 interrupted iterations
default   [  73% ] 28/30 VUs  11m37.0s/16m00.0s

running (11m38.0s), 28/30 VUs, 1794 complete and 0 interrupted iterations
default   [  73% ] 28/30 VUs  11m38.0s/16m00.0s

running (11m39.0s), 28/30 VUs, 1797 complete and 0 interrupted iterations
default   [  73% ] 28/30 VUs  11m39.0s/16m00.0s

running (11m40.0s), 28/30 VUs, 1800 complete and 0 interrupted iterations
default   [  73% ] 28/30 VUs  11m40.0s/16m00.0s

running (11m41.0s), 28/30 VUs, 1802 complete and 0 interrupted iterations
default   [  73% ] 28/30 VUs  11m41.0s/16m00.0s

running (11m42.0s), 28/30 VUs, 1805 complete and 0 interrupted iterations
default   [  73% ] 28/30 VUs  11m42.0s/16m00.0s

running (11m43.0s), 28/30 VUs, 1808 complete and 0 interrupted iterations
default   [  73% ] 28/30 VUs  11m43.0s/16m00.0s

running (11m44.0s), 28/30 VUs, 1810 complete and 0 interrupted iterations
default   [  73% ] 28/30 VUs  11m44.0s/16m00.0s
time="2025-11-20T19:24:47+01:00" level=info msg="VU 22: Authenticated as 'performance__user_22_browser' with role 'library_admin'" source=console

running (11m45.0s), 28/30 VUs, 1813 complete and 0 interrupted iterations
default   [  73% ] 28/30 VUs  11m45.0s/16m00.0s

running (11m46.0s), 28/30 VUs, 1816 complete and 0 interrupted iterations
default   [  74% ] 28/30 VUs  11m46.0s/16m00.0s

running (11m47.0s), 28/30 VUs, 1818 complete and 0 interrupted iterations
default   [  74% ] 28/30 VUs  11m47.0s/16m00.0s

running (11m48.0s), 28/30 VUs, 1821 complete and 0 interrupted iterations
default   [  74% ] 28/30 VUs  11m48.0s/16m00.0s
time="2025-11-20T19:24:51+01:00" level=info msg="VU 27: Attempting to get token for user: performance__user_27_browser" source=console

running (11m49.0s), 29/30 VUs, 1825 complete and 0 interrupted iterations
default   [  74% ] 29/30 VUs  11m49.0s/16m00.0s

running (11m50.0s), 29/30 VUs, 1827 complete and 0 interrupted iterations
default   [  74% ] 29/30 VUs  11m50.0s/16m00.0s

running (11m51.0s), 29/30 VUs, 1829 complete and 0 interrupted iterations
default   [  74% ] 29/30 VUs  11m51.0s/16m00.0s

running (11m52.0s), 29/30 VUs, 1833 complete and 0 interrupted iterations
default   [  74% ] 29/30 VUs  11m52.0s/16m00.0s

running (11m53.0s), 29/30 VUs, 1835 complete and 0 interrupted iterations
default   [  74% ] 29/30 VUs  11m53.0s/16m00.0s

running (11m54.0s), 29/30 VUs, 1837 complete and 0 interrupted iterations
default   [  74% ] 29/30 VUs  11m54.0s/16m00.0s

running (11m55.0s), 29/30 VUs, 1841 complete and 0 interrupted iterations
default   [  74% ] 29/30 VUs  11m55.0s/16m00.0s

running (11m56.0s), 29/30 VUs, 1844 complete and 0 interrupted iterations
default   [  75% ] 29/30 VUs  11m56.0s/16m00.0s

running (11m57.0s), 29/30 VUs, 1845 complete and 0 interrupted iterations
default   [  75% ] 29/30 VUs  11m57.0s/16m00.0s

running (11m58.0s), 29/30 VUs, 1849 complete and 0 interrupted iterations
default   [  75% ] 29/30 VUs  11m58.0s/16m00.0s
time="2025-11-20T19:25:01+01:00" level=info msg="VU 27: Authenticated as 'performance__user_27_browser' with role 'library_user'" source=console

running (11m59.0s), 29/30 VUs, 1852 complete and 0 interrupted iterations
default   [  75% ] 29/30 VUs  11m59.0s/16m00.0s

running (12m00.0s), 29/30 VUs, 1853 complete and 0 interrupted iterations
default   [  75% ] 29/30 VUs  12m00.0s/16m00.0s
time="2025-11-20T19:25:03+01:00" level=info msg="VU 24: Attempting to get token for user: performance__user_24_browser" source=console

running (12m01.0s), 30/30 VUs, 1857 complete and 0 interrupted iterations
default   [  75% ] 30/30 VUs  12m01.0s/16m00.0s

running (12m02.0s), 30/30 VUs, 1860 complete and 0 interrupted iterations
default   [  75% ] 30/30 VUs  12m02.0s/16m00.0s

running (12m03.0s), 30/30 VUs, 1861 complete and 0 interrupted iterations
default   [  75% ] 30/30 VUs  12m03.0s/16m00.0s

running (12m04.0s), 30/30 VUs, 1865 complete and 0 interrupted iterations
default   [  75% ] 30/30 VUs  12m04.0s/16m00.0s

running (12m05.0s), 30/30 VUs, 1869 complete and 0 interrupted iterations
default   [  76% ] 30/30 VUs  12m05.0s/16m00.0s

running (12m06.0s), 30/30 VUs, 1869 complete and 0 interrupted iterations
default   [  76% ] 30/30 VUs  12m06.0s/16m00.0s

running (12m07.0s), 30/30 VUs, 1873 complete and 0 interrupted iterations
default   [  76% ] 30/30 VUs  12m07.0s/16m00.0s

running (12m08.0s), 30/30 VUs, 1877 complete and 0 interrupted iterations
default   [  76% ] 30/30 VUs  12m08.0s/16m00.0s
time="2025-11-20T19:25:11+01:00" level=info msg="VU 24: Authenticated as 'performance__user_24_browser' with role 'library_user'" source=console

running (12m09.0s), 30/30 VUs, 1878 complete and 0 interrupted iterations
default   [  76% ] 30/30 VUs  12m09.0s/16m00.0s

running (12m10.0s), 30/30 VUs, 1881 complete and 0 interrupted iterations
default   [  76% ] 30/30 VUs  12m10.0s/16m00.0s

running (12m11.0s), 30/30 VUs, 1884 complete and 0 interrupted iterations
default   [  76% ] 30/30 VUs  12m11.0s/16m00.0s

running (12m12.0s), 30/30 VUs, 1885 complete and 0 interrupted iterations
default   [  76% ] 30/30 VUs  12m12.0s/16m00.0s

running (12m13.0s), 30/30 VUs, 1889 complete and 0 interrupted iterations
default   [  76% ] 30/30 VUs  12m13.0s/16m00.0s

running (12m14.0s), 30/30 VUs, 1892 complete and 0 interrupted iterations
default   [  76% ] 30/30 VUs  12m14.0s/16m00.0s

running (12m15.0s), 30/30 VUs, 1894 complete and 0 interrupted iterations
default   [  77% ] 30/30 VUs  12m15.0s/16m00.0s

running (12m16.0s), 30/30 VUs, 1897 complete and 0 interrupted iterations
default   [  77% ] 30/30 VUs  12m16.0s/16m00.0s

running (12m17.0s), 30/30 VUs, 1900 complete and 0 interrupted iterations
default   [  77% ] 30/30 VUs  12m17.0s/16m00.0s

running (12m18.0s), 30/30 VUs, 1901 complete and 0 interrupted iterations
default   [  77% ] 30/30 VUs  12m18.0s/16m00.0s

running (12m19.0s), 30/30 VUs, 1905 complete and 0 interrupted iterations
default   [  77% ] 30/30 VUs  12m19.0s/16m00.0s

running (12m20.0s), 30/30 VUs, 1908 complete and 0 interrupted iterations
default   [  77% ] 30/30 VUs  12m20.0s/16m00.0s

running (12m21.0s), 30/30 VUs, 1910 complete and 0 interrupted iterations
default   [  77% ] 30/30 VUs  12m21.0s/16m00.0s

running (12m22.0s), 30/30 VUs, 1913 complete and 0 interrupted iterations
default   [  77% ] 30/30 VUs  12m22.0s/16m00.0s

running (12m23.0s), 30/30 VUs, 1917 complete and 0 interrupted iterations
default   [  77% ] 30/30 VUs  12m23.0s/16m00.0s

running (12m24.0s), 30/30 VUs, 1918 complete and 0 interrupted iterations
default   [  77% ] 30/30 VUs  12m24.0s/16m00.0s

running (12m25.0s), 30/30 VUs, 1921 complete and 0 interrupted iterations
default   [  78% ] 30/30 VUs  12m25.0s/16m00.0s

running (12m26.0s), 30/30 VUs, 1924 complete and 0 interrupted iterations
default   [  78% ] 30/30 VUs  12m26.0s/16m00.0s

running (12m27.0s), 30/30 VUs, 1926 complete and 0 interrupted iterations
default   [  78% ] 30/30 VUs  12m27.0s/16m00.0s

running (12m28.0s), 30/30 VUs, 1929 complete and 0 interrupted iterations
default   [  78% ] 30/30 VUs  12m28.0s/16m00.0s

running (12m29.0s), 30/30 VUs, 1932 complete and 0 interrupted iterations
default   [  78% ] 30/30 VUs  12m29.0s/16m00.0s

running (12m30.0s), 30/30 VUs, 1935 complete and 0 interrupted iterations
default   [  78% ] 30/30 VUs  12m30.0s/16m00.0s

running (12m31.0s), 30/30 VUs, 1937 complete and 0 interrupted iterations
default   [  78% ] 30/30 VUs  12m31.0s/16m00.0s

running (12m32.0s), 30/30 VUs, 1940 complete and 0 interrupted iterations
default   [  78% ] 30/30 VUs  12m32.0s/16m00.0s

running (12m33.0s), 30/30 VUs, 1944 complete and 0 interrupted iterations
default   [  78% ] 30/30 VUs  12m33.0s/16m00.0s

running (12m34.0s), 30/30 VUs, 1945 complete and 0 interrupted iterations
default   [  79% ] 30/30 VUs  12m34.0s/16m00.0s

running (12m35.0s), 30/30 VUs, 1948 complete and 0 interrupted iterations
default   [  79% ] 30/30 VUs  12m35.0s/16m00.0s

running (12m36.0s), 30/30 VUs, 1952 complete and 0 interrupted iterations
default   [  79% ] 30/30 VUs  12m36.0s/16m00.0s

running (12m37.0s), 30/30 VUs, 1954 complete and 0 interrupted iterations
default   [  79% ] 30/30 VUs  12m37.0s/16m00.0s

running (12m38.0s), 30/30 VUs, 1957 complete and 0 interrupted iterations
default   [  79% ] 30/30 VUs  12m38.0s/16m00.0s

running (12m39.0s), 30/30 VUs, 1960 complete and 0 interrupted iterations
default   [  79% ] 30/30 VUs  12m39.0s/16m00.0s

running (12m40.0s), 30/30 VUs, 1962 complete and 0 interrupted iterations
default   [  79% ] 30/30 VUs  12m40.0s/16m00.0s

running (12m41.0s), 30/30 VUs, 1965 complete and 0 interrupted iterations
default   [  79% ] 30/30 VUs  12m41.0s/16m00.0s

running (12m42.0s), 30/30 VUs, 1968 complete and 0 interrupted iterations
default   [  79% ] 30/30 VUs  12m42.0s/16m00.0s

running (12m43.0s), 30/30 VUs, 1970 complete and 0 interrupted iterations
default   [  79% ] 30/30 VUs  12m43.0s/16m00.0s

running (12m44.0s), 30/30 VUs, 1973 complete and 0 interrupted iterations
default   [  80% ] 30/30 VUs  12m44.0s/16m00.0s

running (12m45.0s), 30/30 VUs, 1976 complete and 0 interrupted iterations
default   [  80% ] 30/30 VUs  12m45.0s/16m00.0s

running (12m46.0s), 30/30 VUs, 1978 complete and 0 interrupted iterations
default   [  80% ] 30/30 VUs  12m46.0s/16m00.0s

running (12m47.0s), 30/30 VUs, 1981 complete and 0 interrupted iterations
default   [  80% ] 30/30 VUs  12m47.0s/16m00.0s

running (12m48.0s), 30/30 VUs, 1984 complete and 0 interrupted iterations
default   [  80% ] 30/30 VUs  12m48.0s/16m00.0s

running (12m49.0s), 30/30 VUs, 1988 complete and 0 interrupted iterations
default   [  80% ] 30/30 VUs  12m49.0s/16m00.0s

running (12m50.0s), 30/30 VUs, 1990 complete and 0 interrupted iterations
default   [  80% ] 30/30 VUs  12m50.0s/16m00.0s

running (12m51.0s), 30/30 VUs, 1992 complete and 0 interrupted iterations
default   [  80% ] 30/30 VUs  12m51.0s/16m00.0s

running (12m52.0s), 30/30 VUs, 1996 complete and 0 interrupted iterations
default   [  80% ] 30/30 VUs  12m52.0s/16m00.0s

running (12m53.0s), 30/30 VUs, 1998 complete and 0 interrupted iterations
default   [  81% ] 30/30 VUs  12m53.0s/16m00.0s

running (12m54.0s), 30/30 VUs, 2001 complete and 0 interrupted iterations
default   [  81% ] 30/30 VUs  12m54.0s/16m00.0s

running (12m55.0s), 30/30 VUs, 2004 complete and 0 interrupted iterations
default   [  81% ] 30/30 VUs  12m55.0s/16m00.0s

running (12m56.0s), 30/30 VUs, 2006 complete and 0 interrupted iterations
default   [  81% ] 30/30 VUs  12m56.0s/16m00.0s

running (12m57.0s), 30/30 VUs, 2009 complete and 0 interrupted iterations
default   [  81% ] 30/30 VUs  12m57.0s/16m00.0s

running (12m58.0s), 30/30 VUs, 2012 complete and 0 interrupted iterations
default   [  81% ] 30/30 VUs  12m58.0s/16m00.0s

running (12m59.0s), 30/30 VUs, 2015 complete and 0 interrupted iterations
default   [  81% ] 30/30 VUs  12m59.0s/16m00.0s

running (13m00.0s), 30/30 VUs, 2017 complete and 0 interrupted iterations
default   [  81% ] 30/30 VUs  13m00.0s/16m00.0s

running (13m01.0s), 30/30 VUs, 2020 complete and 0 interrupted iterations
default   [  81% ] 30/30 VUs  13m01.0s/16m00.0s

running (13m02.0s), 30/30 VUs, 2024 complete and 0 interrupted iterations
default   [  81% ] 30/30 VUs  13m02.0s/16m00.0s

running (13m03.0s), 30/30 VUs, 2025 complete and 0 interrupted iterations
default   [  82% ] 30/30 VUs  13m03.0s/16m00.0s

running (13m04.0s), 30/30 VUs, 2028 complete and 0 interrupted iterations
default   [  82% ] 30/30 VUs  13m04.0s/16m00.0s

running (13m05.0s), 30/30 VUs, 2032 complete and 0 interrupted iterations
default   [  82% ] 30/30 VUs  13m05.0s/16m00.0s

running (13m06.0s), 30/30 VUs, 2034 complete and 0 interrupted iterations
default   [  82% ] 30/30 VUs  13m06.0s/16m00.0s

running (13m07.0s), 30/30 VUs, 2037 complete and 0 interrupted iterations
default   [  82% ] 30/30 VUs  13m07.0s/16m00.0s

running (13m08.0s), 30/30 VUs, 2040 complete and 0 interrupted iterations
default   [  82% ] 30/30 VUs  13m08.0s/16m00.0s

running (13m09.0s), 30/30 VUs, 2042 complete and 0 interrupted iterations
default   [  82% ] 30/30 VUs  13m09.0s/16m00.0s

running (13m10.0s), 30/30 VUs, 2045 complete and 0 interrupted iterations
default   [  82% ] 30/30 VUs  13m10.0s/16m00.0s

running (13m11.0s), 30/30 VUs, 2048 complete and 0 interrupted iterations
default   [  82% ] 30/30 VUs  13m11.0s/16m00.0s

running (13m12.0s), 30/30 VUs, 2051 complete and 0 interrupted iterations
default   [  82% ] 30/30 VUs  13m12.0s/16m00.0s

running (13m13.0s), 30/30 VUs, 2053 complete and 0 interrupted iterations
default   [  83% ] 30/30 VUs  13m13.0s/16m00.0s

running (13m14.0s), 30/30 VUs, 2056 complete and 0 interrupted iterations
default   [  83% ] 30/30 VUs  13m14.0s/16m00.0s

running (13m15.0s), 30/30 VUs, 2060 complete and 0 interrupted iterations
default   [  83% ] 30/30 VUs  13m15.0s/16m00.0s

running (13m16.0s), 30/30 VUs, 2061 complete and 0 interrupted iterations
default   [  83% ] 30/30 VUs  13m16.0s/16m00.0s

running (13m17.0s), 30/30 VUs, 2065 complete and 0 interrupted iterations
default   [  83% ] 30/30 VUs  13m17.0s/16m00.0s

running (13m18.0s), 30/30 VUs, 2068 complete and 0 interrupted iterations
default   [  83% ] 30/30 VUs  13m18.0s/16m00.0s

running (13m19.0s), 30/30 VUs, 2070 complete and 0 interrupted iterations
default   [  83% ] 30/30 VUs  13m19.0s/16m00.0s

running (13m20.0s), 30/30 VUs, 2073 complete and 0 interrupted iterations
default   [  83% ] 30/30 VUs  13m20.0s/16m00.0s

running (13m21.0s), 30/30 VUs, 2076 complete and 0 interrupted iterations
default   [  83% ] 30/30 VUs  13m21.0s/16m00.0s

running (13m22.0s), 30/30 VUs, 2078 complete and 0 interrupted iterations
default   [  84% ] 30/30 VUs  13m22.0s/16m00.0s

running (13m23.0s), 30/30 VUs, 2081 complete and 0 interrupted iterations
default   [  84% ] 30/30 VUs  13m23.0s/16m00.0s

running (13m24.0s), 30/30 VUs, 2084 complete and 0 interrupted iterations
default   [  84% ] 30/30 VUs  13m24.0s/16m00.0s

running (13m25.0s), 30/30 VUs, 2087 complete and 0 interrupted iterations
default   [  84% ] 30/30 VUs  13m25.0s/16m00.0s

running (13m26.0s), 30/30 VUs, 2089 complete and 0 interrupted iterations
default   [  84% ] 30/30 VUs  13m26.0s/16m00.0s

running (13m27.0s), 30/30 VUs, 2092 complete and 0 interrupted iterations
default   [  84% ] 30/30 VUs  13m27.0s/16m00.0s

running (13m28.0s), 30/30 VUs, 2093 complete and 0 interrupted iterations
default   [  84% ] 30/30 VUs  13m28.0s/16m00.0s

running (13m29.0s), 30/30 VUs, 2096 complete and 0 interrupted iterations
default   [  84% ] 30/30 VUs  13m29.0s/16m00.0s

running (13m30.0s), 30/30 VUs, 2098 complete and 0 interrupted iterations
default   [  84% ] 30/30 VUs  13m30.0s/16m00.0s

running (13m31.0s), 30/30 VUs, 2100 complete and 0 interrupted iterations
default   [  84% ] 30/30 VUs  13m31.0s/16m00.0s

running (13m32.0s), 30/30 VUs, 2103 complete and 0 interrupted iterations
default   [  85% ] 30/30 VUs  13m32.0s/16m00.0s

running (13m33.0s), 30/30 VUs, 2104 complete and 0 interrupted iterations
default   [  85% ] 30/30 VUs  13m33.0s/16m00.0s

running (13m34.0s), 30/30 VUs, 2105 complete and 0 interrupted iterations
default   [  85% ] 30/30 VUs  13m34.0s/16m00.0s
time="2025-11-20T19:26:37+01:00" level=warning msg="Request Failed" error="Post \"https://singapore.edunext.cloud/api/authz/v1/permissions/validate/me\": unexpected EOF"
time="2025-11-20T19:26:37+01:00" level=warning msg="[0] https://singapore.edunext.cloud/api/authz/v1/permissions/validate/me - Retry 1/3 after 1000ms delay" source=console

running (13m35.0s), 30/30 VUs, 2108 complete and 0 interrupted iterations
default   [  85% ] 30/30 VUs  13m35.0s/16m00.0s

running (13m36.0s), 30/30 VUs, 2109 complete and 0 interrupted iterations
default   [  85% ] 30/30 VUs  13m36.0s/16m00.0s

running (13m37.0s), 30/30 VUs, 2111 complete and 0 interrupted iterations
default   [  85% ] 30/30 VUs  13m37.0s/16m00.0s

running (13m38.0s), 30/30 VUs, 2112 complete and 0 interrupted iterations
default   [  85% ] 30/30 VUs  13m38.0s/16m00.0s

running (13m39.0s), 30/30 VUs, 2115 complete and 0 interrupted iterations
default   [  85% ] 30/30 VUs  13m39.0s/16m00.0s

running (13m40.0s), 30/30 VUs, 2119 complete and 0 interrupted iterations
default   [  85% ] 30/30 VUs  13m40.0s/16m00.0s

running (13m41.0s), 30/30 VUs, 2120 complete and 0 interrupted iterations
default   [  86% ] 30/30 VUs  13m41.0s/16m00.0s

running (13m42.0s), 30/30 VUs, 2123 complete and 0 interrupted iterations
default   [  86% ] 30/30 VUs  13m42.0s/16m00.0s

running (13m43.0s), 30/30 VUs, 2124 complete and 0 interrupted iterations
default   [  86% ] 30/30 VUs  13m43.0s/16m00.0s

running (13m44.0s), 30/30 VUs, 2126 complete and 0 interrupted iterations
default   [  86% ] 30/30 VUs  13m44.0s/16m00.0s

running (13m45.0s), 30/30 VUs, 2128 complete and 0 interrupted iterations
default   [  86% ] 30/30 VUs  13m45.0s/16m00.0s

running (13m46.0s), 30/30 VUs, 2131 complete and 0 interrupted iterations
default   [  86% ] 30/30 VUs  13m46.0s/16m00.0s

running (13m47.0s), 30/30 VUs, 2133 complete and 0 interrupted iterations
default   [  86% ] 30/30 VUs  13m47.0s/16m00.0s

running (13m48.0s), 30/30 VUs, 2135 complete and 0 interrupted iterations
default   [  86% ] 30/30 VUs  13m48.0s/16m00.0s
time="2025-11-20T19:26:51+01:00" level=info msg="[200] https://singapore.edunext.cloud/api/authz/v1/permissions/validate/me - Validated after 1 retries" source=console

running (13m49.0s), 30/30 VUs, 2137 complete and 0 interrupted iterations
default   [  86% ] 30/30 VUs  13m49.0s/16m00.0s

running (13m50.0s), 30/30 VUs, 2140 complete and 0 interrupted iterations
default   [  86% ] 30/30 VUs  13m50.0s/16m00.0s

running (13m51.0s), 30/30 VUs, 2142 complete and 0 interrupted iterations
default   [  87% ] 30/30 VUs  13m51.0s/16m00.0s

running (13m52.0s), 30/30 VUs, 2144 complete and 0 interrupted iterations
default   [  87% ] 30/30 VUs  13m52.0s/16m00.0s

running (13m53.0s), 30/30 VUs, 2145 complete and 0 interrupted iterations
default   [  87% ] 30/30 VUs  13m53.0s/16m00.0s

running (13m54.0s), 30/30 VUs, 2148 complete and 0 interrupted iterations
default   [  87% ] 30/30 VUs  13m54.0s/16m00.0s

running (13m55.0s), 30/30 VUs, 2151 complete and 0 interrupted iterations
default   [  87% ] 30/30 VUs  13m55.0s/16m00.0s

running (13m56.0s), 30/30 VUs, 2153 complete and 0 interrupted iterations
default   [  87% ] 30/30 VUs  13m56.0s/16m00.0s

running (13m57.0s), 30/30 VUs, 2155 complete and 0 interrupted iterations
default   [  87% ] 30/30 VUs  13m57.0s/16m00.0s

running (13m58.0s), 30/30 VUs, 2156 complete and 0 interrupted iterations
default   [  87% ] 30/30 VUs  13m58.0s/16m00.0s

running (13m59.0s), 30/30 VUs, 2159 complete and 0 interrupted iterations
default   [  87% ] 30/30 VUs  13m59.0s/16m00.0s

running (14m00.0s), 30/30 VUs, 2160 complete and 0 interrupted iterations
default   [  87% ] 30/30 VUs  14m00.0s/16m00.0s

running (14m01.0s), 30/30 VUs, 2163 complete and 0 interrupted iterations
default   [  88% ] 30/30 VUs  14m01.0s/16m00.0s

running (14m02.0s), 30/30 VUs, 2164 complete and 0 interrupted iterations
default   [  88% ] 30/30 VUs  14m02.0s/16m00.0s

running (14m03.0s), 30/30 VUs, 2167 complete and 0 interrupted iterations
default   [  88% ] 30/30 VUs  14m03.0s/16m00.0s

running (14m04.0s), 30/30 VUs, 2168 complete and 0 interrupted iterations
default   [  88% ] 30/30 VUs  14m04.0s/16m00.0s

running (14m05.0s), 30/30 VUs, 2171 complete and 0 interrupted iterations
default   [  88% ] 30/30 VUs  14m05.0s/16m00.0s

running (14m06.0s), 30/30 VUs, 2173 complete and 0 interrupted iterations
default   [  88% ] 30/30 VUs  14m06.0s/16m00.0s

running (14m07.0s), 30/30 VUs, 2175 complete and 0 interrupted iterations
default   [  88% ] 30/30 VUs  14m07.0s/16m00.0s

running (14m08.0s), 30/30 VUs, 2177 complete and 0 interrupted iterations
default   [  88% ] 30/30 VUs  14m08.0s/16m00.0s

running (14m09.0s), 30/30 VUs, 2179 complete and 0 interrupted iterations
default   [  88% ] 30/30 VUs  14m09.0s/16m00.0s

running (14m10.0s), 30/30 VUs, 2181 complete and 0 interrupted iterations
default   [  89% ] 30/30 VUs  14m10.0s/16m00.0s

running (14m11.0s), 30/30 VUs, 2183 complete and 0 interrupted iterations
default   [  89% ] 30/30 VUs  14m11.0s/16m00.0s

running (14m12.0s), 30/30 VUs, 2183 complete and 0 interrupted iterations
default   [  89% ] 30/30 VUs  14m12.0s/16m00.0s

running (14m13.0s), 30/30 VUs, 2186 complete and 0 interrupted iterations
default   [  89% ] 30/30 VUs  14m13.0s/16m00.0s

running (14m14.0s), 30/30 VUs, 2187 complete and 0 interrupted iterations
default   [  89% ] 30/30 VUs  14m14.0s/16m00.0s

running (14m15.0s), 30/30 VUs, 2190 complete and 0 interrupted iterations
default   [  89% ] 30/30 VUs  14m15.0s/16m00.0s

running (14m16.0s), 30/30 VUs, 2191 complete and 0 interrupted iterations
default   [  89% ] 30/30 VUs  14m16.0s/16m00.0s

running (14m17.0s), 30/30 VUs, 2191 complete and 0 interrupted iterations
default   [  89% ] 30/30 VUs  14m17.0s/16m00.0s

running (14m18.0s), 30/30 VUs, 2195 complete and 0 interrupted iterations
default   [  89% ] 30/30 VUs  14m18.0s/16m00.0s

running (14m19.0s), 30/30 VUs, 2195 complete and 0 interrupted iterations
default   [  89% ] 30/30 VUs  14m19.0s/16m00.0s

running (14m20.0s), 30/30 VUs, 2199 complete and 0 interrupted iterations
default   [  90% ] 30/30 VUs  14m20.0s/16m00.0s

running (14m21.0s), 30/30 VUs, 2199 complete and 0 interrupted iterations
default   [  90% ] 30/30 VUs  14m21.0s/16m00.0s

running (14m22.0s), 30/30 VUs, 2201 complete and 0 interrupted iterations
default   [  90% ] 30/30 VUs  14m22.0s/16m00.0s

running (14m23.0s), 30/30 VUs, 2203 complete and 0 interrupted iterations
default   [  90% ] 30/30 VUs  14m23.0s/16m00.0s

running (14m24.0s), 30/30 VUs, 2205 complete and 0 interrupted iterations
default   [  90% ] 30/30 VUs  14m24.0s/16m00.0s

running (14m25.0s), 30/30 VUs, 2207 complete and 0 interrupted iterations
default   [  90% ] 30/30 VUs  14m25.0s/16m00.0s

running (14m26.0s), 30/30 VUs, 2209 complete and 0 interrupted iterations
default   [  90% ] 30/30 VUs  14m26.0s/16m00.0s

running (14m27.0s), 30/30 VUs, 2211 complete and 0 interrupted iterations
default   [  90% ] 30/30 VUs  14m27.0s/16m00.0s

running (14m28.0s), 30/30 VUs, 2213 complete and 0 interrupted iterations
default   [  90% ] 30/30 VUs  14m28.0s/16m00.0s

running (14m29.0s), 30/30 VUs, 2215 complete and 0 interrupted iterations
default   [  91% ] 30/30 VUs  14m29.0s/16m00.0s

running (14m30.0s), 30/30 VUs, 2217 complete and 0 interrupted iterations
default   [  91% ] 30/30 VUs  14m30.0s/16m00.0s

running (14m31.0s), 30/30 VUs, 2219 complete and 0 interrupted iterations
default   [  91% ] 30/30 VUs  14m31.0s/16m00.0s

running (14m32.0s), 30/30 VUs, 2219 complete and 0 interrupted iterations
default   [  91% ] 30/30 VUs  14m32.0s/16m00.0s

running (14m33.0s), 30/30 VUs, 2222 complete and 0 interrupted iterations
default   [  91% ] 30/30 VUs  14m33.0s/16m00.0s

running (14m34.0s), 30/30 VUs, 2224 complete and 0 interrupted iterations
default   [  91% ] 30/30 VUs  14m34.0s/16m00.0s

running (14m35.0s), 30/30 VUs, 2226 complete and 0 interrupted iterations
default   [  91% ] 30/30 VUs  14m35.0s/16m00.0s

running (14m36.0s), 30/30 VUs, 2227 complete and 0 interrupted iterations
default   [  91% ] 30/30 VUs  14m36.0s/16m00.0s

running (14m37.0s), 30/30 VUs, 2229 complete and 0 interrupted iterations
default   [  91% ] 30/30 VUs  14m37.0s/16m00.0s

running (14m38.0s), 30/30 VUs, 2231 complete and 0 interrupted iterations
default   [  91% ] 30/30 VUs  14m38.0s/16m00.0s

running (14m39.0s), 30/30 VUs, 2233 complete and 0 interrupted iterations
default   [  92% ] 30/30 VUs  14m39.0s/16m00.0s

running (14m40.0s), 30/30 VUs, 2235 complete and 0 interrupted iterations
default   [  92% ] 30/30 VUs  14m40.0s/16m00.0s

running (14m41.0s), 30/30 VUs, 2237 complete and 0 interrupted iterations
default   [  92% ] 30/30 VUs  14m41.0s/16m00.0s

running (14m42.0s), 30/30 VUs, 2238 complete and 0 interrupted iterations
default   [  92% ] 30/30 VUs  14m42.0s/16m00.0s

running (14m43.0s), 30/30 VUs, 2241 complete and 0 interrupted iterations
default   [  92% ] 30/30 VUs  14m43.0s/16m00.0s

running (14m44.0s), 30/30 VUs, 2242 complete and 0 interrupted iterations
default   [  92% ] 30/30 VUs  14m44.0s/16m00.0s

running (14m45.0s), 30/30 VUs, 2245 complete and 0 interrupted iterations
default   [  92% ] 30/30 VUs  14m45.0s/16m00.0s

running (14m46.0s), 30/30 VUs, 2246 complete and 0 interrupted iterations
default   [  92% ] 30/30 VUs  14m46.0s/16m00.0s

running (14m47.0s), 30/30 VUs, 2249 complete and 0 interrupted iterations
default   [  92% ] 30/30 VUs  14m47.0s/16m00.0s

running (14m48.0s), 30/30 VUs, 2250 complete and 0 interrupted iterations
default   [  92% ] 30/30 VUs  14m48.0s/16m00.0s

running (14m49.0s), 30/30 VUs, 2253 complete and 0 interrupted iterations
default   [  93% ] 30/30 VUs  14m49.0s/16m00.0s

running (14m50.0s), 30/30 VUs, 2254 complete and 0 interrupted iterations
default   [  93% ] 30/30 VUs  14m50.0s/16m00.0s

running (14m51.0s), 30/30 VUs, 2257 complete and 0 interrupted iterations
default   [  93% ] 30/30 VUs  14m51.0s/16m00.0s

running (14m52.0s), 30/30 VUs, 2258 complete and 0 interrupted iterations
default   [  93% ] 30/30 VUs  14m52.0s/16m00.0s

running (14m53.0s), 30/30 VUs, 2261 complete and 0 interrupted iterations
default   [  93% ] 30/30 VUs  14m53.0s/16m00.0s

running (14m54.0s), 30/30 VUs, 2262 complete and 0 interrupted iterations
default   [  93% ] 30/30 VUs  14m54.0s/16m00.0s

running (14m55.0s), 30/30 VUs, 2265 complete and 0 interrupted iterations
default   [  93% ] 30/30 VUs  14m55.0s/16m00.0s

running (14m56.0s), 30/30 VUs, 2266 complete and 0 interrupted iterations
default   [  93% ] 30/30 VUs  14m56.0s/16m00.0s

running (14m57.0s), 30/30 VUs, 2269 complete and 0 interrupted iterations
default   [  93% ] 30/30 VUs  14m57.0s/16m00.0s

running (14m58.0s), 30/30 VUs, 2270 complete and 0 interrupted iterations
default   [  94% ] 30/30 VUs  14m58.0s/16m00.0s

running (14m59.0s), 30/30 VUs, 2272 complete and 0 interrupted iterations
default   [  94% ] 30/30 VUs  14m59.0s/16m00.0s

running (15m00.0s), 30/30 VUs, 2274 complete and 0 interrupted iterations
default   [  94% ] 30/30 VUs  15m00.0s/16m00.0s

running (15m01.0s), 30/30 VUs, 2276 complete and 0 interrupted iterations
default   [  94% ] 30/30 VUs  15m01.0s/16m00.0s

running (15m02.0s), 30/30 VUs, 2278 complete and 0 interrupted iterations
default   [  94% ] 30/30 VUs  15m02.0s/16m00.0s

running (15m03.0s), 30/30 VUs, 2280 complete and 0 interrupted iterations
default   [  94% ] 30/30 VUs  15m03.0s/16m00.0s

running (15m04.0s), 30/30 VUs, 2281 complete and 0 interrupted iterations
default   [  94% ] 30/30 VUs  15m04.0s/16m00.0s

running (15m05.0s), 30/30 VUs, 2282 complete and 0 interrupted iterations
default   [  94% ] 30/30 VUs  15m05.0s/16m00.0s

running (15m06.0s), 30/30 VUs, 2285 complete and 0 interrupted iterations
default   [  94% ] 30/30 VUs  15m06.0s/16m00.0s

running (15m07.0s), 30/30 VUs, 2286 complete and 0 interrupted iterations
default   [  94% ] 30/30 VUs  15m07.0s/16m00.0s

running (15m08.0s), 29/30 VUs, 2288 complete and 0 interrupted iterations
default   [  95% ] 29/30 VUs  15m08.0s/16m00.0s

running (15m09.0s), 29/30 VUs, 2290 complete and 0 interrupted iterations
default   [  95% ] 29/30 VUs  15m09.0s/16m00.0s

running (15m10.0s), 29/30 VUs, 2292 complete and 0 interrupted iterations
default   [  95% ] 29/30 VUs  15m10.0s/16m00.0s

running (15m11.0s), 29/30 VUs, 2294 complete and 0 interrupted iterations
default   [  95% ] 29/30 VUs  15m11.0s/16m00.0s

running (15m12.0s), 29/30 VUs, 2296 complete and 0 interrupted iterations
default   [  95% ] 29/30 VUs  15m12.0s/16m00.0s

running (15m13.0s), 28/30 VUs, 2298 complete and 0 interrupted iterations
default   [  95% ] 28/30 VUs  15m13.0s/16m00.0s

running (15m14.0s), 27/30 VUs, 2300 complete and 0 interrupted iterations
default   [  95% ] 27/30 VUs  15m14.0s/16m00.0s

running (15m15.0s), 27/30 VUs, 2302 complete and 0 interrupted iterations
default   [  95% ] 27/30 VUs  15m15.0s/16m00.0s

running (15m16.0s), 27/30 VUs, 2304 complete and 0 interrupted iterations
default   [  95% ] 27/30 VUs  15m16.0s/16m00.0s

running (15m17.0s), 26/30 VUs, 2306 complete and 0 interrupted iterations
default   [  96% ] 26/30 VUs  15m17.0s/16m00.0s

running (15m18.0s), 26/30 VUs, 2308 complete and 0 interrupted iterations
default   [  96% ] 26/30 VUs  15m18.0s/16m00.0s

running (15m19.0s), 24/30 VUs, 2310 complete and 0 interrupted iterations
default   [  96% ] 24/30 VUs  15m19.0s/16m00.0s

running (15m20.0s), 23/30 VUs, 2312 complete and 0 interrupted iterations
default   [  96% ] 23/30 VUs  15m20.0s/16m00.0s

running (15m21.0s), 23/30 VUs, 2314 complete and 0 interrupted iterations
default   [  96% ] 23/30 VUs  15m21.0s/16m00.0s

running (15m22.0s), 23/30 VUs, 2316 complete and 0 interrupted iterations
default   [  96% ] 23/30 VUs  15m22.0s/16m00.0s

running (15m23.0s), 22/30 VUs, 2318 complete and 0 interrupted iterations
default   [  96% ] 22/30 VUs  15m23.0s/16m00.0s

running (15m24.0s), 21/30 VUs, 2320 complete and 0 interrupted iterations
default   [  96% ] 21/30 VUs  15m24.0s/16m00.0s

running (15m25.0s), 21/30 VUs, 2322 complete and 0 interrupted iterations
default   [  96% ] 21/30 VUs  15m25.0s/16m00.0s

running (15m26.0s), 20/30 VUs, 2324 complete and 0 interrupted iterations
default   [  96% ] 20/30 VUs  15m26.0s/16m00.0s

running (15m27.0s), 20/30 VUs, 2327 complete and 0 interrupted iterations
default   [  97% ] 20/30 VUs  15m27.0s/16m00.0s

running (15m28.0s), 20/30 VUs, 2328 complete and 0 interrupted iterations
default   [  97% ] 20/30 VUs  15m28.0s/16m00.0s

running (15m29.0s), 20/30 VUs, 2332 complete and 0 interrupted iterations
default   [  97% ] 20/30 VUs  15m29.0s/16m00.0s

running (15m30.0s), 20/30 VUs, 2332 complete and 0 interrupted iterations
default   [  97% ] 20/30 VUs  15m30.0s/16m00.0s

running (15m31.0s), 18/30 VUs, 2336 complete and 0 interrupted iterations
default   [  97% ] 18/30 VUs  15m31.0s/16m00.0s

running (15m32.0s), 18/30 VUs, 2336 complete and 0 interrupted iterations
default   [  97% ] 18/30 VUs  15m32.0s/16m00.0s

running (15m33.0s), 15/30 VUs, 2340 complete and 0 interrupted iterations
default   [  97% ] 15/30 VUs  15m33.0s/16m00.0s

running (15m34.0s), 15/30 VUs, 2341 complete and 0 interrupted iterations
default   [  97% ] 15/30 VUs  15m34.0s/16m00.0s

running (15m35.0s), 14/30 VUs, 2344 complete and 0 interrupted iterations
default   [  97% ] 14/30 VUs  15m35.0s/16m00.0s

running (15m36.0s), 14/30 VUs, 2346 complete and 0 interrupted iterations
default   [  97% ] 14/30 VUs  15m36.0s/16m00.0s

running (15m37.0s), 13/30 VUs, 2348 complete and 0 interrupted iterations
default   [  98% ] 13/30 VUs  15m37.0s/16m00.0s

running (15m38.0s), 12/30 VUs, 2349 complete and 0 interrupted iterations
default   [  98% ] 12/30 VUs  15m38.0s/16m00.0s

running (15m39.0s), 12/30 VUs, 2352 complete and 0 interrupted iterations
default   [  98% ] 12/30 VUs  15m39.0s/16m00.0s

running (15m40.0s), 12/30 VUs, 2352 complete and 0 interrupted iterations
default   [  98% ] 12/30 VUs  15m40.0s/16m00.0s

running (15m41.0s), 10/30 VUs, 2356 complete and 0 interrupted iterations
default   [  98% ] 10/30 VUs  15m41.0s/16m00.0s

running (15m42.0s), 10/30 VUs, 2356 complete and 0 interrupted iterations
default   [  98% ] 10/30 VUs  15m42.0s/16m00.0s

running (15m43.0s), 09/30 VUs, 2360 complete and 0 interrupted iterations
default   [  98% ] 09/30 VUs  15m43.0s/16m00.0s

running (15m44.0s), 09/30 VUs, 2361 complete and 0 interrupted iterations
default   [  98% ] 09/30 VUs  15m44.0s/16m00.0s

running (15m45.0s), 09/30 VUs, 2364 complete and 0 interrupted iterations
default   [  98% ] 09/30 VUs  15m45.0s/16m00.0s

running (15m46.0s), 09/30 VUs, 2365 complete and 0 interrupted iterations
default   [  99% ] 09/30 VUs  15m46.0s/16m00.0s

running (15m47.0s), 08/30 VUs, 2368 complete and 0 interrupted iterations
default   [  99% ] 08/30 VUs  15m47.0s/16m00.0s

running (15m48.0s), 08/30 VUs, 2369 complete and 0 interrupted iterations
default   [  99% ] 08/30 VUs  15m48.0s/16m00.0s

running (15m49.0s), 07/30 VUs, 2372 complete and 0 interrupted iterations
default   [  99% ] 07/30 VUs  15m49.0s/16m00.0s

running (15m50.0s), 06/30 VUs, 2373 complete and 0 interrupted iterations
default   [  99% ] 06/30 VUs  15m50.0s/16m00.0s

running (15m51.0s), 06/30 VUs, 2376 complete and 0 interrupted iterations
default   [  99% ] 06/30 VUs  15m51.0s/16m00.0s

running (15m52.0s), 05/30 VUs, 2378 complete and 0 interrupted iterations
default   [  99% ] 05/30 VUs  15m52.0s/16m00.0s

running (15m53.0s), 05/30 VUs, 2379 complete and 0 interrupted iterations
default   [  99% ] 05/30 VUs  15m53.0s/16m00.0s

running (15m54.0s), 04/30 VUs, 2382 complete and 0 interrupted iterations
default   [  99% ] 04/30 VUs  15m54.0s/16m00.0s

running (15m55.0s), 04/30 VUs, 2383 complete and 0 interrupted iterations
default   [  99% ] 04/30 VUs  15m55.0s/16m00.0s

running (15m56.0s), 03/30 VUs, 2384 complete and 0 interrupted iterations
default   [ 100% ] 03/30 VUs  15m56.0s/16m00.0s

running (15m57.0s), 02/30 VUs, 2387 complete and 0 interrupted iterations
default   [ 100% ] 02/30 VUs  15m57.0s/16m00.0s

running (15m58.0s), 02/30 VUs, 2387 complete and 0 interrupted iterations
default   [ 100% ] 02/30 VUs  15m58.0s/16m00.0s

running (15m59.0s), 02/30 VUs, 2388 complete and 0 interrupted iterations
default   [ 100% ] 02/30 VUs  15m59.0s/16m00.0s

running (16m00.0s), 01/30 VUs, 2389 complete and 0 interrupted iterations
default   [ 100% ] 01/30 VUs  16m00.0s/16m00.0s
time="2025-11-20T19:29:03+01:00" level=info msg="\n================================================================================" source=console
time="2025-11-20T19:29:03+01:00" level=info msg="LIBRARY PERMISSION VALIDATION PERFORMANCE TEST - SUMMARY" source=console
time="2025-11-20T19:29:03+01:00" level=info msg="================================================================================" source=console
time="2025-11-20T19:29:03+01:00" level=info msg="Test completed for library permission validation" source=console
time="2025-11-20T19:29:03+01:00" level=info msg="Load pattern: 10 → 25 → 50 → 75 → 100 concurrent users" source=console
time="2025-11-20T19:29:03+01:00" level=info msg="Permissions validated per request: 15" source=console
time="2025-11-20T19:29:03+01:00" level=info msg="Library scopes tested: 6" source=console
time="2025-11-20T19:29:03+01:00" level=info msg="\nUser & Role Configuration:" source=console
time="2025-11-20T19:29:03+01:00" level=info msg="  - Total users created: 0" source=console
time="2025-11-20T19:29:03+01:00" level=info msg="  - Roles assigned: library_admin, library_author, library_user" source=console
time="2025-11-20T19:29:03+01:00" level=info msg="  - Distribution: 0 users per role (approx.)" source=console
time="2025-11-20T19:29:03+01:00" level=info msg="\nTest Time Range:" source=console
time="2025-11-20T19:29:03+01:00" level=info msg="  - Start: 2025-11-20T18:13:03.079Z" source=console
time="2025-11-20T19:29:03+01:00" level=info msg="  - End:   2025-11-20T18:29:03.992Z" source=console
time="2025-11-20T19:29:03+01:00" level=info msg="  - Duration: 16 minutes" source=console
time="2025-11-20T19:29:03+01:00" level=info msg="\n📊 Grafana Dashboard (with 5min buffer):" source=console
time="2025-11-20T19:29:03+01:00" level=info msg="  https://vitals.singapore.edunext.cloud/grafana/d/openedxperformance/open-edx-performance?from=2025-11-20T18:08:03.079Z&to=2025-11-20T18:34:03.992Z&var-resolution=3m&refresh=5m" source=console
time="2025-11-20T19:29:03+01:00" level=info msg="\nKey Metrics:" source=console
time="2025-11-20T19:29:03+01:00" level=info msg="  - permission_validation_duration (custom metric)" source=console
time="2025-11-20T19:29:03+01:00" level=info msg="  - http_req_duration (overall response times)" source=console
time="2025-11-20T19:29:03+01:00" level=info msg="  - http_req_failed (error rates)" source=console
time="2025-11-20T19:29:03+01:00" level=info msg="\nTo save reports with timestamp:" source=console
time="2025-11-20T19:29:03+01:00" level=info msg="  ./run_authz_test.sh authz_small" source=console
time="2025-11-20T19:29:03+01:00" level=info msg="================================================================================\n" source=console
[32m     ✓ Authorization successful[0m
[32m     ✓ Access token received[0m
[31m     ✗ Validate permissions successful
      ↳  99% — ✓ 2390 / ✗ 2[0m
[31m     ✗ Permissions response is array
      ↳  99% — ✓ 2390 / ✗ 2[0m
[31m     ✗ All permissions have allowed field
      ↳  99% — ✓ 2390 / ✗ 2[0m

     checks[2m...........................:[0m [36m99.91%[0m [36;2m✓ 7230[0m     [36;2m✗ 6[0m   
     data_received[2m....................:[0m [36m4.5 MB[0m [36;2m4.7 kB/s[0m
     data_sent[2m........................:[0m [36m3.2 MB[0m [36;2m3.3 kB/s[0m
     http_req_blocked[2m.................:[0m min=[36m175ns[0m    avg=[36m7.75ms[0m      med=[36m934ns[0m    max=[36m1.23s[0m    p(90)=[36m1.65µs[0m   p(95)=[36m1.93µs[0m   p(99)=[36m260.29ms[0m p(99.9)=[36m464.83ms[0m 
     http_req_connecting[2m..............:[0m min=[36m0s[0m       avg=[36m3.18ms[0m      med=[36m0s[0m       max=[36m237.64ms[0m p(90)=[36m0s[0m       p(95)=[36m0s[0m       p(99)=[36m109.03ms[0m p(99.9)=[36m221.92ms[0m 
   [31m✗[0m http_req_duration[2m................:[0m min=[36m316.09ms[0m avg=[36m6.06s[0m       med=[36m6.23s[0m    max=[36m16.36s[0m   p(90)=[36m10.63s[0m   p(95)=[36m14.15s[0m   p(99)=[36m15.49s[0m   p(99.9)=[36m16.2s[0m    
       { expected_response:true }[2m.....:[0m min=[36m316.09ms[0m avg=[36m6.06s[0m       med=[36m6.23s[0m    max=[36m16.36s[0m   p(90)=[36m10.6s[0m    p(95)=[36m14.15s[0m   p(99)=[36m15.49s[0m   p(99.9)=[36m16.2s[0m    
   [32m✓[0m http_req_failed[2m..................:[0m [36m0.08%[0m  [36;2m✓ 2[0m        [36;2m✗ 2420[0m
     http_req_receiving[2m...............:[0m min=[36m0s[0m       avg=[36m141.49µs[0m    med=[36m122.87µs[0m max=[36m2.7ms[0m    p(90)=[36m250.1µs[0m  p(95)=[36m293.43µs[0m p(99)=[36m402.41µs[0m p(99.9)=[36m1.21ms[0m   
     http_req_sending[2m.................:[0m min=[36m66.49µs[0m  avg=[36m383.01µs[0m    med=[36m243.04µs[0m max=[36m332.05ms[0m p(90)=[36m383.72µs[0m p(95)=[36m428.54µs[0m p(99)=[36m588.16µs[0m p(99.9)=[36m728.58µs[0m 
     http_req_tls_handshaking[2m.........:[0m min=[36m0s[0m       avg=[36m4.21ms[0m      med=[36m0s[0m       max=[36m1.13s[0m    p(90)=[36m0s[0m       p(95)=[36m0s[0m       p(99)=[36m119.13ms[0m p(99.9)=[36m225.42ms[0m 
     http_req_waiting[2m.................:[0m min=[36m315.64ms[0m avg=[36m6.06s[0m       med=[36m6.23s[0m    max=[36m16.35s[0m   p(90)=[36m10.63s[0m   p(95)=[36m14.15s[0m   p(99)=[36m15.49s[0m   p(99.9)=[36m16.19s[0m   
     http_reqs[2m........................:[0m [36m2422[0m   [36;2m2.520515/s[0m
     iteration_duration[2m...............:[0m min=[36m2.08s[0m    avg=[36m7.16s[0m       med=[36m7.24s[0m    max=[36m26.95s[0m   p(90)=[36m12.62s[0m   p(95)=[36m15.42s[0m   p(99)=[36m16.59s[0m   p(99.9)=[36m20.56s[0m   
     iterations[2m.......................:[0m [36m2390[0m   [36;2m2.487213/s[0m
   [31m✗[0m permission_validation_duration[2m...:[0m min=[36m534[0m      avg=[36m6094.755853[0m med=[36m6241[0m     max=[36m16360[0m    p(90)=[36m10761.1[0m  p(95)=[36m14192.3[0m  p(99)=[36m15509.36[0m p(99.9)=[36m16201.533[0m
   [32m✓[0m permission_validation_errors[2m.....:[0m [36m0[0m      [36;2m0/s[0m
     vus[2m..............................:[0m [36m1[0m      [36;2mmin=1[0m      [36;2mmax=30[0m
     vus_max[2m..........................:[0m [36m30[0m     [36;2mmin=30[0m     [36;2mmax=30[0m
running (16m00.9s), 00/30 VUs, 2390 complete and 0 interrupted iterations
default ✓ [ 100% ] 00/30 VUs  16m0s
time="2025-11-20T19:29:04+01:00" level=error msg="thresholds on metrics 'http_req_duration, permission_validation_duration' have been crossed"
