time="2025-11-20T18:34:23+01:00" level=warning msg="open() was used and is currently relative to 'file:///home/mgmdy/Work/Envs/Local/nightly/openedx-k6-loadtesting/authz/', but in the future it will be aligned with how `require` and imports work and will be relative to 'file:///home/mgmdy/Work/Envs/Local/nightly/openedx-k6-loadtesting/utils.js'. This means that in the future open will open relative path relative to the module/file it is written in. You can future proof this by using `import.meta.resolve()` to get relative paths to the file it is written in the current k6 version."

         /\      Grafana   /‾‾/  
    /\  /  \     |\  __   /  /   
   /  \/    \    | |/ /  /   ‾‾\ 
  /          \   |   (  |  (‾)  |
 / __________ \  |_|\_\  \_____/ 

     execution: local
        script: test_authz.js
        output: json (reports/authz-authz_large-20251120-183423-cet.json)

     scenarios: (100.00%) 1 scenario, 100 max VUs, 29m30s max duration (incl. graceful stop):
              * default: Up to 100 looping VUs for 29m0s over 11 stages (gracefulRampDown: 30s, gracefulStop: 30s)

time="2025-11-20T18:34:23+01:00" level=info msg="Skipping setup phase (run_setup=false)" source=console
time="2025-11-20T18:34:23+01:00" level=info msg="VU 5: Attempting to get token for user: performance__user_5_browser" source=console

running (00m00.9s), 001/100 VUs, 0 complete and 0 interrupted iterations
default   [   0% ] 001/100 VUs  00m00.9s/29m00.0s
time="2025-11-20T18:34:24+01:00" level=info msg="VU 5: Authenticated as 'performance__user_5_browser' with role 'library_author'" source=console

running (00m02.0s), 001/100 VUs, 0 complete and 0 interrupted iterations
default   [   0% ] 001/100 VUs  00m01.9s/29m00.0s

running (00m03.0s), 001/100 VUs, 0 complete and 0 interrupted iterations
default   [   0% ] 001/100 VUs  00m02.9s/29m00.0s

running (00m04.0s), 001/100 VUs, 0 complete and 0 interrupted iterations
default   [   0% ] 001/100 VUs  00m03.9s/29m00.0s

running (00m05.0s), 001/100 VUs, 1 complete and 0 interrupted iterations
default   [   0% ] 001/100 VUs  00m04.9s/29m00.0s

running (00m05.9s), 001/100 VUs, 1 complete and 0 interrupted iterations
default   [   0% ] 001/100 VUs  00m05.9s/29m00.0s

running (00m07.0s), 001/100 VUs, 2 complete and 0 interrupted iterations
default   [   0% ] 001/100 VUs  00m06.9s/29m00.0s

running (00m07.9s), 001/100 VUs, 3 complete and 0 interrupted iterations
default   [   0% ] 001/100 VUs  00m07.9s/29m00.0s

running (00m09.0s), 001/100 VUs, 3 complete and 0 interrupted iterations
default   [   1% ] 001/100 VUs  00m08.9s/29m00.0s

running (00m09.9s), 001/100 VUs, 4 complete and 0 interrupted iterations
default   [   1% ] 001/100 VUs  00m09.9s/29m00.0s

running (00m11.0s), 001/100 VUs, 5 complete and 0 interrupted iterations
default   [   1% ] 001/100 VUs  00m10.9s/29m00.0s

running (00m11.9s), 001/100 VUs, 5 complete and 0 interrupted iterations
default   [   1% ] 001/100 VUs  00m11.9s/29m00.0s

running (00m13.0s), 001/100 VUs, 6 complete and 0 interrupted iterations
default   [   1% ] 001/100 VUs  00m12.9s/29m00.0s
time="2025-11-20T18:34:36+01:00" level=info msg="VU 6: Attempting to get token for user: performance__user_6_browser" source=console
time="2025-11-20T18:34:37+01:00" level=info msg="VU 6: Authenticated as 'performance__user_6_browser' with role 'library_user'" source=console

running (00m14.0s), 002/100 VUs, 7 complete and 0 interrupted iterations
default   [   1% ] 002/100 VUs  00m13.9s/29m00.0s

running (00m14.9s), 002/100 VUs, 7 complete and 0 interrupted iterations
default   [   1% ] 002/100 VUs  00m14.9s/29m00.0s

running (00m16.0s), 002/100 VUs, 8 complete and 0 interrupted iterations
default   [   1% ] 002/100 VUs  00m15.9s/29m00.0s

running (00m16.9s), 002/100 VUs, 10 complete and 0 interrupted iterations
default   [   1% ] 002/100 VUs  00m16.9s/29m00.0s

running (00m17.9s), 002/100 VUs, 11 complete and 0 interrupted iterations
default   [   1% ] 002/100 VUs  00m17.9s/29m00.0s

running (00m19.0s), 002/100 VUs, 12 complete and 0 interrupted iterations
default   [   1% ] 002/100 VUs  00m18.9s/29m00.0s

running (00m19.9s), 002/100 VUs, 14 complete and 0 interrupted iterations
default   [   1% ] 002/100 VUs  00m19.9s/29m00.0s

running (00m20.9s), 002/100 VUs, 15 complete and 0 interrupted iterations
default   [   1% ] 002/100 VUs  00m20.9s/29m00.0s

running (00m22.0s), 002/100 VUs, 16 complete and 0 interrupted iterations
default   [   1% ] 002/100 VUs  00m21.9s/29m00.0s

running (00m22.9s), 002/100 VUs, 18 complete and 0 interrupted iterations
default   [   1% ] 002/100 VUs  00m22.9s/29m00.0s

running (00m23.9s), 002/100 VUs, 19 complete and 0 interrupted iterations
default   [   1% ] 002/100 VUs  00m23.9s/29m00.0s

running (00m24.9s), 002/100 VUs, 20 complete and 0 interrupted iterations
default   [   1% ] 002/100 VUs  00m24.9s/29m00.0s

running (00m25.9s), 002/100 VUs, 22 complete and 0 interrupted iterations
default   [   1% ] 002/100 VUs  00m25.9s/29m00.0s
time="2025-11-20T18:34:50+01:00" level=info msg="VU 9: Attempting to get token for user: performance__user_9_browser" source=console

running (00m27.0s), 003/100 VUs, 23 complete and 0 interrupted iterations
default   [   2% ] 003/100 VUs  00m26.9s/29m00.0s
time="2025-11-20T18:34:50+01:00" level=info msg="VU 9: Authenticated as 'performance__user_9_browser' with role 'library_user'" source=console

running (00m27.9s), 003/100 VUs, 24 complete and 0 interrupted iterations
default   [   2% ] 003/100 VUs  00m27.9s/29m00.0s

running (00m29.0s), 003/100 VUs, 26 complete and 0 interrupted iterations
default   [   2% ] 003/100 VUs  00m28.9s/29m00.0s

running (00m29.9s), 003/100 VUs, 28 complete and 0 interrupted iterations
default   [   2% ] 003/100 VUs  00m29.9s/29m00.0s

running (00m30.9s), 003/100 VUs, 29 complete and 0 interrupted iterations
default   [   2% ] 003/100 VUs  00m30.9s/29m00.0s

running (00m31.9s), 003/100 VUs, 32 complete and 0 interrupted iterations
default   [   2% ] 003/100 VUs  00m31.9s/29m00.0s

running (00m32.9s), 003/100 VUs, 33 complete and 0 interrupted iterations
default   [   2% ] 003/100 VUs  00m32.9s/29m00.0s

running (00m33.9s), 003/100 VUs, 35 complete and 0 interrupted iterations
default   [   2% ] 003/100 VUs  00m33.9s/29m00.0s

running (00m35.0s), 003/100 VUs, 38 complete and 0 interrupted iterations
default   [   2% ] 003/100 VUs  00m34.9s/29m00.0s

running (00m35.9s), 003/100 VUs, 39 complete and 0 interrupted iterations
default   [   2% ] 003/100 VUs  00m35.9s/29m00.0s

running (00m37.0s), 003/100 VUs, 41 complete and 0 interrupted iterations
default   [   2% ] 003/100 VUs  00m36.9s/29m00.0s

running (00m37.9s), 003/100 VUs, 43 complete and 0 interrupted iterations
default   [   2% ] 003/100 VUs  00m37.9s/29m00.0s

running (00m39.0s), 003/100 VUs, 46 complete and 0 interrupted iterations
default   [   2% ] 003/100 VUs  00m38.9s/29m00.0s

running (00m39.9s), 003/100 VUs, 47 complete and 0 interrupted iterations
default   [   2% ] 003/100 VUs  00m39.9s/29m00.0s
time="2025-11-20T18:35:03+01:00" level=info msg="VU 4: Attempting to get token for user: performance__user_4_browser" source=console
time="2025-11-20T18:35:04+01:00" level=info msg="VU 4: Authenticated as 'performance__user_4_browser' with role 'library_admin'" source=console

running (00m41.0s), 004/100 VUs, 49 complete and 0 interrupted iterations
default   [   2% ] 004/100 VUs  00m40.9s/29m00.0s

running (00m41.9s), 004/100 VUs, 52 complete and 0 interrupted iterations
default   [   2% ] 004/100 VUs  00m41.9s/29m00.0s

running (00m43.0s), 004/100 VUs, 53 complete and 0 interrupted iterations
default   [   2% ] 004/100 VUs  00m42.9s/29m00.0s

running (00m43.9s), 004/100 VUs, 56 complete and 0 interrupted iterations
default   [   3% ] 004/100 VUs  00m43.9s/29m00.0s

running (00m44.9s), 004/100 VUs, 59 complete and 0 interrupted iterations
default   [   3% ] 004/100 VUs  00m44.9s/29m00.0s

running (00m45.9s), 004/100 VUs, 61 complete and 0 interrupted iterations
default   [   3% ] 004/100 VUs  00m45.9s/29m00.0s

running (00m47.0s), 004/100 VUs, 64 complete and 0 interrupted iterations
default   [   3% ] 004/100 VUs  00m46.9s/29m00.0s

running (00m48.0s), 004/100 VUs, 67 complete and 0 interrupted iterations
default   [   3% ] 004/100 VUs  00m47.9s/29m00.0s

running (00m48.9s), 004/100 VUs, 69 complete and 0 interrupted iterations
default   [   3% ] 004/100 VUs  00m48.9s/29m00.0s

running (00m49.9s), 004/100 VUs, 72 complete and 0 interrupted iterations
default   [   3% ] 004/100 VUs  00m49.9s/29m00.0s

running (00m51.0s), 004/100 VUs, 76 complete and 0 interrupted iterations
default   [   3% ] 004/100 VUs  00m50.9s/29m00.0s

running (00m51.9s), 004/100 VUs, 77 complete and 0 interrupted iterations
default   [   3% ] 004/100 VUs  00m51.9s/29m00.0s

running (00m53.0s), 004/100 VUs, 80 complete and 0 interrupted iterations
default   [   3% ] 004/100 VUs  00m52.9s/29m00.0s
time="2025-11-20T18:35:16+01:00" level=info msg="VU 1: Attempting to get token for user: performance__user_1_browser" source=console

running (00m54.0s), 005/100 VUs, 83 complete and 0 interrupted iterations
default   [   3% ] 005/100 VUs  00m53.9s/29m00.0s
time="2025-11-20T18:35:17+01:00" level=info msg="VU 1: Authenticated as 'performance__user_1_browser' with role 'library_admin'" source=console

running (00m54.9s), 005/100 VUs, 85 complete and 0 interrupted iterations
default   [   3% ] 005/100 VUs  00m54.9s/29m00.0s

running (00m55.9s), 005/100 VUs, 89 complete and 0 interrupted iterations
default   [   3% ] 005/100 VUs  00m55.9s/29m00.0s

running (00m57.0s), 005/100 VUs, 92 complete and 0 interrupted iterations
default   [   3% ] 005/100 VUs  00m56.9s/29m00.0s

running (00m57.9s), 005/100 VUs, 94 complete and 0 interrupted iterations
default   [   3% ] 005/100 VUs  00m57.9s/29m00.0s

running (00m58.9s), 005/100 VUs, 98 complete and 0 interrupted iterations
default   [   3% ] 005/100 VUs  00m58.9s/29m00.0s

running (00m59.9s), 005/100 VUs, 102 complete and 0 interrupted iterations
default   [   3% ] 005/100 VUs  00m59.9s/29m00.0s

running (01m00.9s), 005/100 VUs, 104 complete and 0 interrupted iterations
default   [   4% ] 005/100 VUs  01m00.9s/29m00.0s

running (01m01.9s), 005/100 VUs, 108 complete and 0 interrupted iterations
default   [   4% ] 005/100 VUs  01m01.9s/29m00.0s

running (01m03.0s), 005/100 VUs, 112 complete and 0 interrupted iterations
default   [   4% ] 005/100 VUs  01m02.9s/29m00.0s

running (01m03.9s), 005/100 VUs, 114 complete and 0 interrupted iterations
default   [   4% ] 005/100 VUs  01m03.9s/29m00.0s

running (01m04.9s), 005/100 VUs, 118 complete and 0 interrupted iterations
default   [   4% ] 005/100 VUs  01m04.9s/29m00.0s

running (01m06.0s), 005/100 VUs, 122 complete and 0 interrupted iterations
default   [   4% ] 005/100 VUs  01m05.9s/29m00.0s
time="2025-11-20T18:35:30+01:00" level=info msg="VU 2: Attempting to get token for user: performance__user_2_browser" source=console

running (01m07.0s), 006/100 VUs, 124 complete and 0 interrupted iterations
default   [   4% ] 006/100 VUs  01m06.9s/29m00.0s
time="2025-11-20T18:35:30+01:00" level=info msg="VU 2: Authenticated as 'performance__user_2_browser' with role 'library_author'" source=console

running (01m07.9s), 006/100 VUs, 128 complete and 0 interrupted iterations
default   [   4% ] 006/100 VUs  01m07.9s/29m00.0s

running (01m08.9s), 006/100 VUs, 132 complete and 0 interrupted iterations
default   [   4% ] 006/100 VUs  01m08.9s/29m00.0s

running (01m09.9s), 006/100 VUs, 135 complete and 0 interrupted iterations
default   [   4% ] 006/100 VUs  01m09.9s/29m00.0s

running (01m10.9s), 006/100 VUs, 139 complete and 0 interrupted iterations
default   [   4% ] 006/100 VUs  01m10.9s/29m00.0s

running (01m11.9s), 006/100 VUs, 144 complete and 0 interrupted iterations
default   [   4% ] 006/100 VUs  01m11.9s/29m00.0s

running (01m13.0s), 006/100 VUs, 147 complete and 0 interrupted iterations
default   [   4% ] 006/100 VUs  01m12.9s/29m00.0s

running (01m13.9s), 006/100 VUs, 151 complete and 0 interrupted iterations
default   [   4% ] 006/100 VUs  01m13.9s/29m00.0s

running (01m14.9s), 006/100 VUs, 153 complete and 0 interrupted iterations
default   [   4% ] 006/100 VUs  01m14.9s/29m00.0s

running (01m16.0s), 006/100 VUs, 159 complete and 0 interrupted iterations
default   [   4% ] 006/100 VUs  01m15.9s/29m00.0s

running (01m16.9s), 006/100 VUs, 162 complete and 0 interrupted iterations
default   [   4% ] 006/100 VUs  01m16.9s/29m00.0s

running (01m17.9s), 006/100 VUs, 166 complete and 0 interrupted iterations
default   [   4% ] 006/100 VUs  01m17.9s/29m00.0s

running (01m19.0s), 006/100 VUs, 171 complete and 0 interrupted iterations
default   [   5% ] 006/100 VUs  01m18.9s/29m00.0s

running (01m20.0s), 006/100 VUs, 174 complete and 0 interrupted iterations
default   [   5% ] 006/100 VUs  01m19.9s/29m00.0s
time="2025-11-20T18:35:43+01:00" level=info msg="VU 3: Attempting to get token for user: performance__user_3_browser" source=console
time="2025-11-20T18:35:44+01:00" level=info msg="VU 3: Authenticated as 'performance__user_3_browser' with role 'library_user'" source=console

running (01m20.9s), 007/100 VUs, 178 complete and 0 interrupted iterations
default   [   5% ] 007/100 VUs  01m20.9s/29m00.0s

running (01m22.0s), 007/100 VUs, 183 complete and 0 interrupted iterations
default   [   5% ] 007/100 VUs  01m21.9s/29m00.0s

running (01m22.9s), 007/100 VUs, 186 complete and 0 interrupted iterations
default   [   5% ] 007/100 VUs  01m22.9s/29m00.0s

running (01m23.9s), 007/100 VUs, 191 complete and 0 interrupted iterations
default   [   5% ] 007/100 VUs  01m23.9s/29m00.0s

running (01m24.9s), 007/100 VUs, 193 complete and 0 interrupted iterations
default   [   5% ] 007/100 VUs  01m24.9s/29m00.0s

running (01m26.0s), 007/100 VUs, 200 complete and 0 interrupted iterations
default   [   5% ] 007/100 VUs  01m25.9s/29m00.0s

running (01m26.9s), 007/100 VUs, 204 complete and 0 interrupted iterations
default   [   5% ] 007/100 VUs  01m26.9s/29m00.0s

running (01m27.9s), 007/100 VUs, 207 complete and 0 interrupted iterations
default   [   5% ] 007/100 VUs  01m27.9s/29m00.0s

running (01m29.0s), 007/100 VUs, 214 complete and 0 interrupted iterations
default   [   5% ] 007/100 VUs  01m28.9s/29m00.0s

running (01m30.0s), 007/100 VUs, 218 complete and 0 interrupted iterations
default   [   5% ] 007/100 VUs  01m29.9s/29m00.0s

running (01m30.9s), 007/100 VUs, 221 complete and 0 interrupted iterations
default   [   5% ] 007/100 VUs  01m30.9s/29m00.0s

running (01m32.0s), 007/100 VUs, 225 complete and 0 interrupted iterations
default   [   5% ] 007/100 VUs  01m31.9s/29m00.0s

running (01m32.9s), 007/100 VUs, 228 complete and 0 interrupted iterations
default   [   5% ] 007/100 VUs  01m32.9s/29m00.0s
time="2025-11-20T18:35:56+01:00" level=info msg="VU 10: Attempting to get token for user: performance__user_10_browser" source=console

running (01m33.9s), 008/100 VUs, 235 complete and 0 interrupted iterations
default   [   5% ] 008/100 VUs  01m33.9s/29m00.0s
time="2025-11-20T18:35:57+01:00" level=info msg="VU 10: Authenticated as 'performance__user_10_browser' with role 'library_admin'" source=console

running (01m35.0s), 008/100 VUs, 235 complete and 0 interrupted iterations
default   [   5% ] 008/100 VUs  01m34.9s/29m00.0s

running (01m36.0s), 008/100 VUs, 242 complete and 0 interrupted iterations
default   [   6% ] 008/100 VUs  01m35.9s/29m00.0s

running (01m37.0s), 008/100 VUs, 246 complete and 0 interrupted iterations
default   [   6% ] 008/100 VUs  01m36.9s/29m00.0s

running (01m37.9s), 008/100 VUs, 250 complete and 0 interrupted iterations
default   [   6% ] 008/100 VUs  01m37.9s/29m00.0s

running (01m38.9s), 008/100 VUs, 258 complete and 0 interrupted iterations
default   [   6% ] 008/100 VUs  01m38.9s/29m00.0s

running (01m39.9s), 008/100 VUs, 262 complete and 0 interrupted iterations
default   [   6% ] 008/100 VUs  01m39.9s/29m00.0s

running (01m40.9s), 008/100 VUs, 266 complete and 0 interrupted iterations
default   [   6% ] 008/100 VUs  01m40.9s/29m00.0s

running (01m41.9s), 008/100 VUs, 270 complete and 0 interrupted iterations
default   [   6% ] 008/100 VUs  01m41.9s/29m00.0s

running (01m43.0s), 008/100 VUs, 274 complete and 0 interrupted iterations
default   [   6% ] 008/100 VUs  01m42.9s/29m00.0s

running (01m43.9s), 008/100 VUs, 282 complete and 0 interrupted iterations
default   [   6% ] 008/100 VUs  01m43.9s/29m00.0s

running (01m44.9s), 008/100 VUs, 286 complete and 0 interrupted iterations
default   [   6% ] 008/100 VUs  01m44.9s/29m00.0s

running (01m45.9s), 008/100 VUs, 290 complete and 0 interrupted iterations
default   [   6% ] 008/100 VUs  01m45.9s/29m00.0s
time="2025-11-20T18:36:10+01:00" level=info msg="VU 7: Attempting to get token for user: performance__user_7_browser" source=console

running (01m46.9s), 009/100 VUs, 294 complete and 0 interrupted iterations
default   [   6% ] 009/100 VUs  01m46.9s/29m00.0s
time="2025-11-20T18:36:10+01:00" level=info msg="VU 7: Authenticated as 'performance__user_7_browser' with role 'library_admin'" source=console

running (01m47.9s), 009/100 VUs, 298 complete and 0 interrupted iterations
default   [   6% ] 009/100 VUs  01m47.9s/29m00.0s

running (01m49.0s), 009/100 VUs, 306 complete and 0 interrupted iterations
default   [   6% ] 009/100 VUs  01m48.9s/29m00.0s

running (01m49.9s), 009/100 VUs, 310 complete and 0 interrupted iterations
default   [   6% ] 009/100 VUs  01m49.9s/29m00.0s

running (01m50.9s), 009/100 VUs, 315 complete and 0 interrupted iterations
default   [   6% ] 009/100 VUs  01m50.9s/29m00.0s

running (01m52.0s), 009/100 VUs, 320 complete and 0 interrupted iterations
default   [   6% ] 009/100 VUs  01m51.9s/29m00.0s

running (01m52.9s), 009/100 VUs, 328 complete and 0 interrupted iterations
default   [   6% ] 009/100 VUs  01m52.9s/29m00.0s

running (01m54.0s), 009/100 VUs, 333 complete and 0 interrupted iterations
default   [   7% ] 009/100 VUs  01m53.9s/29m00.0s

running (01m55.0s), 009/100 VUs, 338 complete and 0 interrupted iterations
default   [   7% ] 009/100 VUs  01m54.9s/29m00.0s

running (01m55.9s), 009/100 VUs, 342 complete and 0 interrupted iterations
default   [   7% ] 009/100 VUs  01m55.9s/29m00.0s

running (01m57.0s), 009/100 VUs, 347 complete and 0 interrupted iterations
default   [   7% ] 009/100 VUs  01m56.9s/29m00.0s

running (01m58.0s), 009/100 VUs, 355 complete and 0 interrupted iterations
default   [   7% ] 009/100 VUs  01m57.9s/29m00.0s

running (01m58.9s), 009/100 VUs, 360 complete and 0 interrupted iterations
default   [   7% ] 009/100 VUs  01m58.9s/29m00.0s

running (01m59.9s), 009/100 VUs, 365 complete and 0 interrupted iterations
default   [   7% ] 009/100 VUs  01m59.9s/29m00.0s
time="2025-11-20T18:36:23+01:00" level=info msg="VU 14: Attempting to get token for user: performance__user_14_browser" source=console

running (02m00.9s), 010/100 VUs, 373 complete and 0 interrupted iterations
default   [   7% ] 010/100 VUs  02m00.9s/29m00.0s
time="2025-11-20T18:36:24+01:00" level=info msg="VU 14: Authenticated as 'performance__user_14_browser' with role 'library_author'" source=console

running (02m02.0s), 010/100 VUs, 378 complete and 0 interrupted iterations
default   [   7% ] 010/100 VUs  02m01.9s/29m00.0s

running (02m02.9s), 010/100 VUs, 383 complete and 0 interrupted iterations
default   [   7% ] 010/100 VUs  02m02.9s/29m00.0s

running (02m04.0s), 010/100 VUs, 388 complete and 0 interrupted iterations
default   [   7% ] 010/100 VUs  02m03.9s/29m00.0s

running (02m04.9s), 010/100 VUs, 393 complete and 0 interrupted iterations
default   [   7% ] 010/100 VUs  02m04.9s/29m00.0s

running (02m06.0s), 010/100 VUs, 401 complete and 0 interrupted iterations
default   [   7% ] 010/100 VUs  02m05.9s/29m00.0s

running (02m06.9s), 010/100 VUs, 407 complete and 0 interrupted iterations
default   [   7% ] 010/100 VUs  02m06.9s/29m00.0s

running (02m07.9s), 010/100 VUs, 413 complete and 0 interrupted iterations
default   [   7% ] 010/100 VUs  02m07.9s/29m00.0s

running (02m08.9s), 010/100 VUs, 421 complete and 0 interrupted iterations
default   [   7% ] 010/100 VUs  02m08.9s/29m00.0s

running (02m10.0s), 010/100 VUs, 427 complete and 0 interrupted iterations
default   [   7% ] 010/100 VUs  02m09.9s/29m00.0s

running (02m11.0s), 010/100 VUs, 433 complete and 0 interrupted iterations
default   [   8% ] 010/100 VUs  02m10.9s/29m00.0s

running (02m12.0s), 010/100 VUs, 440 complete and 0 interrupted iterations
default   [   8% ] 010/100 VUs  02m11.9s/29m00.0s

running (02m13.0s), 010/100 VUs, 445 complete and 0 interrupted iterations
default   [   8% ] 010/100 VUs  02m12.9s/29m00.0s

running (02m14.0s), 010/100 VUs, 453 complete and 0 interrupted iterations
default   [   8% ] 010/100 VUs  02m13.9s/29m00.0s

running (02m14.9s), 010/100 VUs, 459 complete and 0 interrupted iterations
default   [   8% ] 010/100 VUs  02m14.9s/29m00.0s

running (02m15.9s), 010/100 VUs, 465 complete and 0 interrupted iterations
default   [   8% ] 010/100 VUs  02m15.9s/29m00.0s

running (02m17.0s), 010/100 VUs, 473 complete and 0 interrupted iterations
default   [   8% ] 010/100 VUs  02m16.9s/29m00.0s

running (02m17.9s), 010/100 VUs, 479 complete and 0 interrupted iterations
default   [   8% ] 010/100 VUs  02m17.9s/29m00.0s

running (02m19.0s), 010/100 VUs, 485 complete and 0 interrupted iterations
default   [   8% ] 010/100 VUs  02m18.9s/29m00.0s

running (02m19.9s), 010/100 VUs, 490 complete and 0 interrupted iterations
default   [   8% ] 010/100 VUs  02m19.9s/29m00.0s

running (02m20.9s), 010/100 VUs, 497 complete and 0 interrupted iterations
default   [   8% ] 010/100 VUs  02m20.9s/29m00.0s

running (02m21.9s), 010/100 VUs, 504 complete and 0 interrupted iterations
default   [   8% ] 010/100 VUs  02m21.9s/29m00.0s

running (02m22.9s), 010/100 VUs, 509 complete and 0 interrupted iterations
default   [   8% ] 010/100 VUs  02m22.9s/29m00.0s

running (02m24.0s), 010/100 VUs, 515 complete and 0 interrupted iterations
default   [   8% ] 010/100 VUs  02m23.9s/29m00.0s

running (02m24.9s), 010/100 VUs, 523 complete and 0 interrupted iterations
default   [   8% ] 010/100 VUs  02m24.9s/29m00.0s

running (02m26.0s), 010/100 VUs, 529 complete and 0 interrupted iterations
default   [   8% ] 010/100 VUs  02m25.9s/29m00.0s

running (02m27.0s), 010/100 VUs, 535 complete and 0 interrupted iterations
default   [   8% ] 010/100 VUs  02m26.9s/29m00.0s

running (02m27.9s), 010/100 VUs, 541 complete and 0 interrupted iterations
default   [   9% ] 010/100 VUs  02m27.9s/29m00.0s

running (02m29.0s), 010/100 VUs, 546 complete and 0 interrupted iterations
default   [   9% ] 010/100 VUs  02m28.9s/29m00.0s

running (02m29.9s), 010/100 VUs, 555 complete and 0 interrupted iterations
default   [   9% ] 010/100 VUs  02m29.9s/29m00.0s

running (02m31.0s), 010/100 VUs, 559 complete and 0 interrupted iterations
default   [   9% ] 010/100 VUs  02m30.9s/29m00.0s

running (02m32.0s), 010/100 VUs, 565 complete and 0 interrupted iterations
default   [   9% ] 010/100 VUs  02m31.9s/29m00.0s

running (02m32.9s), 010/100 VUs, 571 complete and 0 interrupted iterations
default   [   9% ] 010/100 VUs  02m32.9s/29m00.0s

running (02m34.0s), 010/100 VUs, 579 complete and 0 interrupted iterations
default   [   9% ] 010/100 VUs  02m33.9s/29m00.0s

running (02m34.9s), 010/100 VUs, 585 complete and 0 interrupted iterations
default   [   9% ] 010/100 VUs  02m34.9s/29m00.0s

running (02m35.9s), 010/100 VUs, 591 complete and 0 interrupted iterations
default   [   9% ] 010/100 VUs  02m35.9s/29m00.0s

running (02m36.9s), 010/100 VUs, 597 complete and 0 interrupted iterations
default   [   9% ] 010/100 VUs  02m36.9s/29m00.0s

running (02m37.9s), 010/100 VUs, 601 complete and 0 interrupted iterations
default   [   9% ] 010/100 VUs  02m37.9s/29m00.0s

running (02m39.0s), 010/100 VUs, 609 complete and 0 interrupted iterations
default   [   9% ] 010/100 VUs  02m38.9s/29m00.0s

running (02m40.0s), 010/100 VUs, 615 complete and 0 interrupted iterations
default   [   9% ] 010/100 VUs  02m39.9s/29m00.0s

running (02m40.9s), 010/100 VUs, 621 complete and 0 interrupted iterations
default   [   9% ] 010/100 VUs  02m40.9s/29m00.0s

running (02m42.0s), 010/100 VUs, 627 complete and 0 interrupted iterations
default   [   9% ] 010/100 VUs  02m41.9s/29m00.0s

running (02m42.9s), 010/100 VUs, 635 complete and 0 interrupted iterations
default   [   9% ] 010/100 VUs  02m42.9s/29m00.0s

running (02m43.9s), 010/100 VUs, 641 complete and 0 interrupted iterations
default   [   9% ] 010/100 VUs  02m43.9s/29m00.0s

running (02m44.9s), 010/100 VUs, 647 complete and 0 interrupted iterations
default   [   9% ] 010/100 VUs  02m44.9s/29m00.0s

running (02m45.9s), 010/100 VUs, 651 complete and 0 interrupted iterations
default   [  10% ] 010/100 VUs  02m45.9s/29m00.0s

running (02m47.0s), 010/100 VUs, 657 complete and 0 interrupted iterations
default   [  10% ] 010/100 VUs  02m46.9s/29m00.0s

running (02m47.9s), 010/100 VUs, 665 complete and 0 interrupted iterations
default   [  10% ] 010/100 VUs  02m47.9s/29m00.0s

running (02m48.9s), 010/100 VUs, 671 complete and 0 interrupted iterations
default   [  10% ] 010/100 VUs  02m48.9s/29m00.0s

running (02m49.9s), 010/100 VUs, 677 complete and 0 interrupted iterations
default   [  10% ] 010/100 VUs  02m49.9s/29m00.0s

running (02m51.0s), 010/100 VUs, 685 complete and 0 interrupted iterations
default   [  10% ] 010/100 VUs  02m50.9s/29m00.0s

running (02m52.0s), 010/100 VUs, 691 complete and 0 interrupted iterations
default   [  10% ] 010/100 VUs  02m51.9s/29m00.0s

running (02m52.9s), 010/100 VUs, 697 complete and 0 interrupted iterations
default   [  10% ] 010/100 VUs  02m52.9s/29m00.0s

running (02m54.0s), 010/100 VUs, 704 complete and 0 interrupted iterations
default   [  10% ] 010/100 VUs  02m53.9s/29m00.0s

running (02m54.9s), 010/100 VUs, 707 complete and 0 interrupted iterations
default   [  10% ] 010/100 VUs  02m54.9s/29m00.0s

running (02m55.9s), 010/100 VUs, 717 complete and 0 interrupted iterations
default   [  10% ] 010/100 VUs  02m55.9s/29m00.0s

running (02m56.9s), 010/100 VUs, 721 complete and 0 interrupted iterations
default   [  10% ] 010/100 VUs  02m56.9s/29m00.0s

running (02m58.0s), 010/100 VUs, 727 complete and 0 interrupted iterations
default   [  10% ] 010/100 VUs  02m57.9s/29m00.0s

running (02m59.0s), 010/100 VUs, 735 complete and 0 interrupted iterations
default   [  10% ] 010/100 VUs  02m58.9s/29m00.0s

running (02m59.9s), 010/100 VUs, 741 complete and 0 interrupted iterations
default   [  10% ] 010/100 VUs  02m59.9s/29m00.0s

running (03m01.0s), 010/100 VUs, 747 complete and 0 interrupted iterations
default   [  10% ] 010/100 VUs  03m00.9s/29m00.0s

running (03m02.0s), 010/100 VUs, 754 complete and 0 interrupted iterations
default   [  10% ] 010/100 VUs  03m01.9s/29m00.0s

running (03m02.9s), 010/100 VUs, 760 complete and 0 interrupted iterations
default   [  11% ] 010/100 VUs  03m02.9s/29m00.0s

running (03m04.0s), 010/100 VUs, 767 complete and 0 interrupted iterations
default   [  11% ] 010/100 VUs  03m03.9s/29m00.0s

running (03m04.9s), 010/100 VUs, 774 complete and 0 interrupted iterations
default   [  11% ] 010/100 VUs  03m04.9s/29m00.0s

running (03m05.9s), 010/100 VUs, 778 complete and 0 interrupted iterations
default   [  11% ] 010/100 VUs  03m05.9s/29m00.0s

running (03m06.9s), 010/100 VUs, 787 complete and 0 interrupted iterations
default   [  11% ] 010/100 VUs  03m06.9s/29m00.0s

running (03m08.0s), 010/100 VUs, 791 complete and 0 interrupted iterations
default   [  11% ] 010/100 VUs  03m07.9s/29m00.0s

running (03m08.9s), 010/100 VUs, 797 complete and 0 interrupted iterations
default   [  11% ] 010/100 VUs  03m08.9s/29m00.0s

running (03m10.0s), 010/100 VUs, 804 complete and 0 interrupted iterations
default   [  11% ] 010/100 VUs  03m09.9s/29m00.0s

running (03m11.0s), 010/100 VUs, 810 complete and 0 interrupted iterations
default   [  11% ] 010/100 VUs  03m10.9s/29m00.0s

running (03m11.9s), 010/100 VUs, 817 complete and 0 interrupted iterations
default   [  11% ] 010/100 VUs  03m11.9s/29m00.0s

running (03m12.9s), 010/100 VUs, 824 complete and 0 interrupted iterations
default   [  11% ] 010/100 VUs  03m12.9s/29m00.0s

running (03m14.0s), 010/100 VUs, 830 complete and 0 interrupted iterations
default   [  11% ] 010/100 VUs  03m13.9s/29m00.0s

running (03m14.9s), 010/100 VUs, 837 complete and 0 interrupted iterations
default   [  11% ] 010/100 VUs  03m14.9s/29m00.0s

running (03m15.9s), 010/100 VUs, 843 complete and 0 interrupted iterations
default   [  11% ] 010/100 VUs  03m15.9s/29m00.0s

running (03m17.0s), 010/100 VUs, 850 complete and 0 interrupted iterations
default   [  11% ] 010/100 VUs  03m16.9s/29m00.0s

running (03m17.9s), 010/100 VUs, 857 complete and 0 interrupted iterations
default   [  11% ] 010/100 VUs  03m17.9s/29m00.0s

running (03m19.0s), 010/100 VUs, 863 complete and 0 interrupted iterations
default   [  11% ] 010/100 VUs  03m18.9s/29m00.0s

running (03m19.9s), 010/100 VUs, 870 complete and 0 interrupted iterations
default   [  11% ] 010/100 VUs  03m19.9s/29m00.0s

running (03m21.0s), 010/100 VUs, 876 complete and 0 interrupted iterations
default   [  12% ] 010/100 VUs  03m20.9s/29m00.0s

running (03m22.0s), 010/100 VUs, 883 complete and 0 interrupted iterations
default   [  12% ] 010/100 VUs  03m21.9s/29m00.0s

running (03m22.9s), 010/100 VUs, 890 complete and 0 interrupted iterations
default   [  12% ] 010/100 VUs  03m22.9s/29m00.0s

running (03m23.9s), 010/100 VUs, 896 complete and 0 interrupted iterations
default   [  12% ] 010/100 VUs  03m23.9s/29m00.0s

running (03m24.9s), 010/100 VUs, 903 complete and 0 interrupted iterations
default   [  12% ] 010/100 VUs  03m24.9s/29m00.0s

running (03m26.0s), 010/100 VUs, 910 complete and 0 interrupted iterations
default   [  12% ] 010/100 VUs  03m25.9s/29m00.0s

running (03m26.9s), 010/100 VUs, 916 complete and 0 interrupted iterations
default   [  12% ] 010/100 VUs  03m26.9s/29m00.0s

running (03m27.9s), 010/100 VUs, 923 complete and 0 interrupted iterations
default   [  12% ] 010/100 VUs  03m27.9s/29m00.0s

running (03m28.9s), 010/100 VUs, 929 complete and 0 interrupted iterations
default   [  12% ] 010/100 VUs  03m28.9s/29m00.0s

running (03m29.9s), 010/100 VUs, 936 complete and 0 interrupted iterations
default   [  12% ] 010/100 VUs  03m29.9s/29m00.0s

running (03m30.9s), 010/100 VUs, 943 complete and 0 interrupted iterations
default   [  12% ] 010/100 VUs  03m30.9s/29m00.0s

running (03m31.9s), 010/100 VUs, 949 complete and 0 interrupted iterations
default   [  12% ] 010/100 VUs  03m31.9s/29m00.0s

running (03m33.0s), 010/100 VUs, 956 complete and 0 interrupted iterations
default   [  12% ] 010/100 VUs  03m32.9s/29m00.0s

running (03m33.9s), 010/100 VUs, 960 complete and 0 interrupted iterations
default   [  12% ] 010/100 VUs  03m33.9s/29m00.0s

running (03m34.9s), 010/100 VUs, 967 complete and 0 interrupted iterations
default   [  12% ] 010/100 VUs  03m34.9s/29m00.0s

running (03m35.9s), 010/100 VUs, 974 complete and 0 interrupted iterations
default   [  12% ] 010/100 VUs  03m35.9s/29m00.0s

running (03m37.0s), 010/100 VUs, 980 complete and 0 interrupted iterations
default   [  12% ] 010/100 VUs  03m36.9s/29m00.0s

running (03m37.9s), 010/100 VUs, 987 complete and 0 interrupted iterations
default   [  13% ] 010/100 VUs  03m37.9s/29m00.0s

running (03m39.0s), 010/100 VUs, 994 complete and 0 interrupted iterations
default   [  13% ] 010/100 VUs  03m38.9s/29m00.0s

running (03m39.9s), 010/100 VUs, 1000 complete and 0 interrupted iterations
default   [  13% ] 010/100 VUs  03m39.9s/29m00.0s

running (03m40.9s), 010/100 VUs, 1007 complete and 0 interrupted iterations
default   [  13% ] 010/100 VUs  03m40.9s/29m00.0s

running (03m41.9s), 010/100 VUs, 1013 complete and 0 interrupted iterations
default   [  13% ] 010/100 VUs  03m41.9s/29m00.0s

running (03m42.9s), 010/100 VUs, 1020 complete and 0 interrupted iterations
default   [  13% ] 010/100 VUs  03m42.9s/29m00.0s

running (03m43.9s), 010/100 VUs, 1027 complete and 0 interrupted iterations
default   [  13% ] 010/100 VUs  03m43.9s/29m00.0s

running (03m44.9s), 010/100 VUs, 1033 complete and 0 interrupted iterations
default   [  13% ] 010/100 VUs  03m44.9s/29m00.0s

running (03m45.9s), 010/100 VUs, 1040 complete and 0 interrupted iterations
default   [  13% ] 010/100 VUs  03m45.9s/29m00.0s

running (03m47.0s), 010/100 VUs, 1047 complete and 0 interrupted iterations
default   [  13% ] 010/100 VUs  03m46.9s/29m00.0s

running (03m48.0s), 010/100 VUs, 1053 complete and 0 interrupted iterations
default   [  13% ] 010/100 VUs  03m47.9s/29m00.0s

running (03m49.0s), 010/100 VUs, 1060 complete and 0 interrupted iterations
default   [  13% ] 010/100 VUs  03m48.9s/29m00.0s

running (03m50.0s), 010/100 VUs, 1067 complete and 0 interrupted iterations
default   [  13% ] 010/100 VUs  03m49.9s/29m00.0s

running (03m50.9s), 010/100 VUs, 1073 complete and 0 interrupted iterations
default   [  13% ] 010/100 VUs  03m50.9s/29m00.0s

running (03m52.0s), 010/100 VUs, 1080 complete and 0 interrupted iterations
default   [  13% ] 010/100 VUs  03m51.9s/29m00.0s

running (03m52.9s), 010/100 VUs, 1087 complete and 0 interrupted iterations
default   [  13% ] 010/100 VUs  03m52.9s/29m00.0s

running (03m53.9s), 010/100 VUs, 1093 complete and 0 interrupted iterations
default   [  13% ] 010/100 VUs  03m53.9s/29m00.0s

running (03m54.9s), 010/100 VUs, 1100 complete and 0 interrupted iterations
default   [  14% ] 010/100 VUs  03m54.9s/29m00.0s

running (03m55.9s), 010/100 VUs, 1107 complete and 0 interrupted iterations
default   [  14% ] 010/100 VUs  03m55.9s/29m00.0s

running (03m57.0s), 010/100 VUs, 1113 complete and 0 interrupted iterations
default   [  14% ] 010/100 VUs  03m56.9s/29m00.0s

running (03m57.9s), 010/100 VUs, 1120 complete and 0 interrupted iterations
default   [  14% ] 010/100 VUs  03m57.9s/29m00.0s

running (03m59.0s), 010/100 VUs, 1126 complete and 0 interrupted iterations
default   [  14% ] 010/100 VUs  03m58.9s/29m00.0s

running (03m59.9s), 010/100 VUs, 1133 complete and 0 interrupted iterations
default   [  14% ] 010/100 VUs  03m59.9s/29m00.0s

running (04m00.9s), 010/100 VUs, 1140 complete and 0 interrupted iterations
default   [  14% ] 010/100 VUs  04m00.9s/29m00.0s

running (04m01.9s), 010/100 VUs, 1146 complete and 0 interrupted iterations
default   [  14% ] 010/100 VUs  04m01.9s/29m00.0s

running (04m03.0s), 010/100 VUs, 1151 complete and 0 interrupted iterations
default   [  14% ] 010/100 VUs  04m02.9s/29m00.0s

running (04m03.9s), 010/100 VUs, 1160 complete and 0 interrupted iterations
default   [  14% ] 010/100 VUs  04m03.9s/29m00.0s

running (04m04.9s), 010/100 VUs, 1164 complete and 0 interrupted iterations
default   [  14% ] 010/100 VUs  04m04.9s/29m00.0s

running (04m06.0s), 010/100 VUs, 1170 complete and 0 interrupted iterations
default   [  14% ] 010/100 VUs  04m05.9s/29m00.0s

running (04m06.9s), 010/100 VUs, 1177 complete and 0 interrupted iterations
default   [  14% ] 010/100 VUs  04m06.9s/29m00.0s

running (04m08.0s), 010/100 VUs, 1183 complete and 0 interrupted iterations
default   [  14% ] 010/100 VUs  04m07.9s/29m00.0s

running (04m09.0s), 010/100 VUs, 1190 complete and 0 interrupted iterations
default   [  14% ] 010/100 VUs  04m08.9s/29m00.0s

running (04m09.9s), 010/100 VUs, 1197 complete and 0 interrupted iterations
default   [  14% ] 010/100 VUs  04m09.9s/29m00.0s

running (04m10.9s), 010/100 VUs, 1203 complete and 0 interrupted iterations
default   [  14% ] 010/100 VUs  04m10.9s/29m00.0s

running (04m12.0s), 010/100 VUs, 1210 complete and 0 interrupted iterations
default   [  14% ] 010/100 VUs  04m11.9s/29m00.0s

running (04m13.0s), 010/100 VUs, 1217 complete and 0 interrupted iterations
default   [  15% ] 010/100 VUs  04m12.9s/29m00.0s

running (04m14.0s), 010/100 VUs, 1223 complete and 0 interrupted iterations
default   [  15% ] 010/100 VUs  04m13.9s/29m00.0s

running (04m15.0s), 010/100 VUs, 1230 complete and 0 interrupted iterations
default   [  15% ] 010/100 VUs  04m14.9s/29m00.0s

running (04m15.9s), 010/100 VUs, 1236 complete and 0 interrupted iterations
default   [  15% ] 010/100 VUs  04m15.9s/29m00.0s

running (04m16.9s), 010/100 VUs, 1243 complete and 0 interrupted iterations
default   [  15% ] 010/100 VUs  04m16.9s/29m00.0s

running (04m17.9s), 010/100 VUs, 1249 complete and 0 interrupted iterations
default   [  15% ] 010/100 VUs  04m17.9s/29m00.0s

running (04m19.0s), 010/100 VUs, 1256 complete and 0 interrupted iterations
default   [  15% ] 010/100 VUs  04m18.9s/29m00.0s

running (04m19.9s), 010/100 VUs, 1263 complete and 0 interrupted iterations
default   [  15% ] 010/100 VUs  04m19.9s/29m00.0s

running (04m21.0s), 010/100 VUs, 1269 complete and 0 interrupted iterations
default   [  15% ] 010/100 VUs  04m20.9s/29m00.0s

running (04m21.9s), 010/100 VUs, 1275 complete and 0 interrupted iterations
default   [  15% ] 010/100 VUs  04m21.9s/29m00.0s

running (04m22.9s), 010/100 VUs, 1280 complete and 0 interrupted iterations
default   [  15% ] 010/100 VUs  04m22.9s/29m00.0s

running (04m23.9s), 010/100 VUs, 1289 complete and 0 interrupted iterations
default   [  15% ] 010/100 VUs  04m23.9s/29m00.0s

running (04m24.9s), 010/100 VUs, 1295 complete and 0 interrupted iterations
default   [  15% ] 010/100 VUs  04m24.9s/29m00.0s

running (04m26.0s), 010/100 VUs, 1300 complete and 0 interrupted iterations
default   [  15% ] 010/100 VUs  04m25.9s/29m00.0s

running (04m27.0s), 010/100 VUs, 1309 complete and 0 interrupted iterations
default   [  15% ] 010/100 VUs  04m26.9s/29m00.0s

running (04m27.9s), 010/100 VUs, 1315 complete and 0 interrupted iterations
default   [  15% ] 010/100 VUs  04m27.9s/29m00.0s

running (04m28.9s), 010/100 VUs, 1320 complete and 0 interrupted iterations
default   [  15% ] 010/100 VUs  04m28.9s/29m00.0s

running (04m29.9s), 010/100 VUs, 1329 complete and 0 interrupted iterations
default   [  16% ] 010/100 VUs  04m29.9s/29m00.0s

running (04m31.0s), 010/100 VUs, 1333 complete and 0 interrupted iterations
default   [  16% ] 010/100 VUs  04m30.9s/29m00.0s

running (04m32.0s), 010/100 VUs, 1340 complete and 0 interrupted iterations
default   [  16% ] 010/100 VUs  04m31.9s/29m00.0s

running (04m32.9s), 010/100 VUs, 1347 complete and 0 interrupted iterations
default   [  16% ] 010/100 VUs  04m32.9s/29m00.0s

running (04m34.0s), 010/100 VUs, 1353 complete and 0 interrupted iterations
default   [  16% ] 010/100 VUs  04m33.9s/29m00.0s

running (04m34.9s), 010/100 VUs, 1360 complete and 0 interrupted iterations
default   [  16% ] 010/100 VUs  04m34.9s/29m00.0s

running (04m36.0s), 010/100 VUs, 1366 complete and 0 interrupted iterations
default   [  16% ] 010/100 VUs  04m35.9s/29m00.0s

running (04m36.9s), 010/100 VUs, 1373 complete and 0 interrupted iterations
default   [  16% ] 010/100 VUs  04m36.9s/29m00.0s

running (04m37.9s), 010/100 VUs, 1380 complete and 0 interrupted iterations
default   [  16% ] 010/100 VUs  04m37.9s/29m00.0s

running (04m39.0s), 010/100 VUs, 1386 complete and 0 interrupted iterations
default   [  16% ] 010/100 VUs  04m38.9s/29m00.0s

running (04m39.9s), 010/100 VUs, 1393 complete and 0 interrupted iterations
default   [  16% ] 010/100 VUs  04m39.9s/29m00.0s

running (04m40.9s), 010/100 VUs, 1399 complete and 0 interrupted iterations
default   [  16% ] 010/100 VUs  04m40.9s/29m00.0s

running (04m41.9s), 010/100 VUs, 1406 complete and 0 interrupted iterations
default   [  16% ] 010/100 VUs  04m41.9s/29m00.0s

running (04m42.9s), 010/100 VUs, 1413 complete and 0 interrupted iterations
default   [  16% ] 010/100 VUs  04m42.9s/29m00.0s

running (04m44.0s), 010/100 VUs, 1419 complete and 0 interrupted iterations
default   [  16% ] 010/100 VUs  04m43.9s/29m00.0s

running (04m44.9s), 010/100 VUs, 1426 complete and 0 interrupted iterations
default   [  16% ] 010/100 VUs  04m44.9s/29m00.0s

running (04m45.9s), 010/100 VUs, 1430 complete and 0 interrupted iterations
default   [  16% ] 010/100 VUs  04m45.9s/29m00.0s

running (04m46.9s), 010/100 VUs, 1436 complete and 0 interrupted iterations
default   [  16% ] 010/100 VUs  04m46.9s/29m00.0s

running (04m47.9s), 010/100 VUs, 1443 complete and 0 interrupted iterations
default   [  17% ] 010/100 VUs  04m47.9s/29m00.0s

running (04m49.0s), 010/100 VUs, 1449 complete and 0 interrupted iterations
default   [  17% ] 010/100 VUs  04m48.9s/29m00.0s

running (04m50.0s), 010/100 VUs, 1456 complete and 0 interrupted iterations
default   [  17% ] 010/100 VUs  04m49.9s/29m00.0s

running (04m50.9s), 010/100 VUs, 1463 complete and 0 interrupted iterations
default   [  17% ] 010/100 VUs  04m50.9s/29m00.0s

running (04m52.0s), 010/100 VUs, 1469 complete and 0 interrupted iterations
default   [  17% ] 010/100 VUs  04m51.9s/29m00.0s

running (04m52.9s), 010/100 VUs, 1476 complete and 0 interrupted iterations
default   [  17% ] 010/100 VUs  04m52.9s/29m00.0s

running (04m53.9s), 010/100 VUs, 1482 complete and 0 interrupted iterations
default   [  17% ] 010/100 VUs  04m53.9s/29m00.0s

running (04m54.9s), 010/100 VUs, 1489 complete and 0 interrupted iterations
default   [  17% ] 010/100 VUs  04m54.9s/29m00.0s

running (04m56.0s), 010/100 VUs, 1496 complete and 0 interrupted iterations
default   [  17% ] 010/100 VUs  04m55.9s/29m00.0s

running (04m56.9s), 010/100 VUs, 1500 complete and 0 interrupted iterations
default   [  17% ] 010/100 VUs  04m56.9s/29m00.0s

running (04m57.9s), 010/100 VUs, 1509 complete and 0 interrupted iterations
default   [  17% ] 010/100 VUs  04m57.9s/29m00.0s

running (04m58.9s), 010/100 VUs, 1516 complete and 0 interrupted iterations
default   [  17% ] 010/100 VUs  04m58.9s/29m00.0s

running (04m59.9s), 010/100 VUs, 1520 complete and 0 interrupted iterations
default   [  17% ] 010/100 VUs  04m59.9s/29m00.0s

running (05m00.9s), 010/100 VUs, 1526 complete and 0 interrupted iterations
default   [  17% ] 010/100 VUs  05m00.9s/29m00.0s

running (05m02.0s), 010/100 VUs, 1533 complete and 0 interrupted iterations
default   [  17% ] 010/100 VUs  05m01.9s/29m00.0s

running (05m03.0s), 010/100 VUs, 1540 complete and 0 interrupted iterations
default   [  17% ] 010/100 VUs  05m02.9s/29m00.0s

running (05m04.0s), 010/100 VUs, 1546 complete and 0 interrupted iterations
default   [  17% ] 010/100 VUs  05m03.9s/29m00.0s

running (05m05.0s), 010/100 VUs, 1553 complete and 0 interrupted iterations
default   [  18% ] 010/100 VUs  05m04.9s/29m00.0s

running (05m05.9s), 010/100 VUs, 1560 complete and 0 interrupted iterations
default   [  18% ] 010/100 VUs  05m05.9s/29m00.0s

running (05m07.0s), 010/100 VUs, 1566 complete and 0 interrupted iterations
default   [  18% ] 010/100 VUs  05m06.9s/29m00.0s

running (05m08.0s), 010/100 VUs, 1573 complete and 0 interrupted iterations
default   [  18% ] 010/100 VUs  05m07.9s/29m00.0s
time="2025-11-20T18:39:31+01:00" level=info msg="VU 8: Attempting to get token for user: performance__user_8_browser" source=console
time="2025-11-20T18:39:32+01:00" level=info msg="VU 8: Authenticated as 'performance__user_8_browser' with role 'library_author'" source=console

running (05m09.0s), 011/100 VUs, 1577 complete and 0 interrupted iterations
default   [  18% ] 011/100 VUs  05m08.9s/29m00.0s

running (05m09.9s), 011/100 VUs, 1586 complete and 0 interrupted iterations
default   [  18% ] 011/100 VUs  05m09.9s/29m00.0s

running (05m10.9s), 011/100 VUs, 1590 complete and 0 interrupted iterations
default   [  18% ] 011/100 VUs  05m10.9s/29m00.0s

running (05m12.0s), 011/100 VUs, 1597 complete and 0 interrupted iterations
default   [  18% ] 011/100 VUs  05m11.9s/29m00.0s

running (05m13.0s), 011/100 VUs, 1604 complete and 0 interrupted iterations
default   [  18% ] 011/100 VUs  05m12.9s/29m00.0s

running (05m14.0s), 011/100 VUs, 1611 complete and 0 interrupted iterations
default   [  18% ] 011/100 VUs  05m13.9s/29m00.0s

running (05m14.9s), 011/100 VUs, 1619 complete and 0 interrupted iterations
default   [  18% ] 011/100 VUs  05m14.9s/29m00.0s

running (05m15.9s), 011/100 VUs, 1626 complete and 0 interrupted iterations
default   [  18% ] 011/100 VUs  05m15.9s/29m00.0s
time="2025-11-20T18:39:39+01:00" level=info msg="VU 13: Attempting to get token for user: performance__user_13_browser" source=console
time="2025-11-20T18:39:40+01:00" level=info msg="VU 13: Authenticated as 'performance__user_13_browser' with role 'library_admin'" source=console

running (05m16.9s), 012/100 VUs, 1633 complete and 0 interrupted iterations
default   [  18% ] 012/100 VUs  05m16.9s/29m00.0s

running (05m18.0s), 012/100 VUs, 1638 complete and 0 interrupted iterations
default   [  18% ] 012/100 VUs  05m17.9s/29m00.0s

running (05m18.9s), 012/100 VUs, 1645 complete and 0 interrupted iterations
default   [  18% ] 012/100 VUs  05m18.9s/29m00.0s

running (05m19.9s), 012/100 VUs, 1652 complete and 0 interrupted iterations
default   [  18% ] 012/100 VUs  05m19.9s/29m00.0s

running (05m21.0s), 012/100 VUs, 1661 complete and 0 interrupted iterations
default   [  18% ] 012/100 VUs  05m20.9s/29m00.0s

running (05m22.0s), 012/100 VUs, 1668 complete and 0 interrupted iterations
default   [  19% ] 012/100 VUs  05m21.9s/29m00.0s

running (05m23.0s), 012/100 VUs, 1676 complete and 0 interrupted iterations
default   [  19% ] 012/100 VUs  05m22.9s/29m00.0s

running (05m24.0s), 012/100 VUs, 1684 complete and 0 interrupted iterations
default   [  19% ] 012/100 VUs  05m23.9s/29m00.0s
time="2025-11-20T18:39:47+01:00" level=info msg="VU 15: Attempting to get token for user: performance__user_15_browser" source=console
time="2025-11-20T18:39:48+01:00" level=info msg="VU 15: Authenticated as 'performance__user_15_browser' with role 'library_user'" source=console

running (05m25.0s), 013/100 VUs, 1692 complete and 0 interrupted iterations
default   [  19% ] 013/100 VUs  05m24.9s/29m00.0s

running (05m26.0s), 013/100 VUs, 1698 complete and 0 interrupted iterations
default   [  19% ] 013/100 VUs  05m25.9s/29m00.0s

running (05m26.9s), 013/100 VUs, 1706 complete and 0 interrupted iterations
default   [  19% ] 013/100 VUs  05m26.9s/29m00.0s

running (05m27.9s), 013/100 VUs, 1713 complete and 0 interrupted iterations
default   [  19% ] 013/100 VUs  05m27.9s/29m00.0s

running (05m29.0s), 013/100 VUs, 1721 complete and 0 interrupted iterations
default   [  19% ] 013/100 VUs  05m28.9s/29m00.0s

running (05m30.0s), 013/100 VUs, 1729 complete and 0 interrupted iterations
default   [  19% ] 013/100 VUs  05m29.9s/29m00.0s

running (05m31.0s), 013/100 VUs, 1737 complete and 0 interrupted iterations
default   [  19% ] 013/100 VUs  05m30.9s/29m00.0s

running (05m31.9s), 013/100 VUs, 1745 complete and 0 interrupted iterations
default   [  19% ] 013/100 VUs  05m31.9s/29m00.0s
time="2025-11-20T18:39:55+01:00" level=info msg="VU 17: Attempting to get token for user: performance__user_17_browser" source=console
time="2025-11-20T18:39:56+01:00" level=info msg="VU 17: Authenticated as 'performance__user_17_browser' with role 'library_author'" source=console

running (05m32.9s), 014/100 VUs, 1752 complete and 0 interrupted iterations
default   [  19% ] 014/100 VUs  05m32.9s/29m00.0s

running (05m34.0s), 014/100 VUs, 1760 complete and 0 interrupted iterations
default   [  19% ] 014/100 VUs  05m33.9s/29m00.0s

running (05m34.9s), 014/100 VUs, 1768 complete and 0 interrupted iterations
default   [  19% ] 014/100 VUs  05m34.9s/29m00.0s

running (05m35.9s), 014/100 VUs, 1775 complete and 0 interrupted iterations
default   [  19% ] 014/100 VUs  05m35.9s/29m00.0s

running (05m37.0s), 014/100 VUs, 1783 complete and 0 interrupted iterations
default   [  19% ] 014/100 VUs  05m36.9s/29m00.0s

running (05m37.9s), 014/100 VUs, 1789 complete and 0 interrupted iterations
default   [  19% ] 014/100 VUs  05m37.9s/29m00.0s

running (05m39.0s), 014/100 VUs, 1797 complete and 0 interrupted iterations
default   [  19% ] 014/100 VUs  05m38.9s/29m00.0s

running (05m40.0s), 014/100 VUs, 1805 complete and 0 interrupted iterations
default   [  20% ] 014/100 VUs  05m39.9s/29m00.0s
time="2025-11-20T18:40:03+01:00" level=info msg="VU 18: Attempting to get token for user: performance__user_18_browser" source=console
time="2025-11-20T18:40:04+01:00" level=info msg="VU 18: Authenticated as 'performance__user_18_browser' with role 'library_user'" source=console

running (05m40.9s), 015/100 VUs, 1813 complete and 0 interrupted iterations
default   [  20% ] 015/100 VUs  05m40.9s/29m00.0s

running (05m41.9s), 015/100 VUs, 1821 complete and 0 interrupted iterations
default   [  20% ] 015/100 VUs  05m41.9s/29m00.0s

running (05m43.0s), 015/100 VUs, 1829 complete and 0 interrupted iterations
default   [  20% ] 015/100 VUs  05m42.9s/29m00.0s

running (05m43.9s), 015/100 VUs, 1835 complete and 0 interrupted iterations
default   [  20% ] 015/100 VUs  05m43.9s/29m00.0s

running (05m44.9s), 015/100 VUs, 1843 complete and 0 interrupted iterations
default   [  20% ] 015/100 VUs  05m44.9s/29m00.0s

running (05m45.9s), 015/100 VUs, 1851 complete and 0 interrupted iterations
default   [  20% ] 015/100 VUs  05m45.9s/29m00.0s

running (05m46.9s), 015/100 VUs, 1859 complete and 0 interrupted iterations
default   [  20% ] 015/100 VUs  05m46.9s/29m00.0s

running (05m47.9s), 015/100 VUs, 1867 complete and 0 interrupted iterations
default   [  20% ] 015/100 VUs  05m47.9s/29m00.0s
time="2025-11-20T18:40:11+01:00" level=info msg="VU 20: Attempting to get token for user: performance__user_20_browser" source=console

running (05m49.0s), 016/100 VUs, 1875 complete and 0 interrupted iterations
default   [  20% ] 016/100 VUs  05m48.9s/29m00.0s
time="2025-11-20T18:40:12+01:00" level=info msg="VU 20: Authenticated as 'performance__user_20_browser' with role 'library_author'" source=console

running (05m49.9s), 016/100 VUs, 1882 complete and 0 interrupted iterations
default   [  20% ] 016/100 VUs  05m49.9s/29m00.0s

running (05m51.0s), 016/100 VUs, 1889 complete and 0 interrupted iterations
default   [  20% ] 016/100 VUs  05m50.9s/29m00.0s

running (05m52.0s), 016/100 VUs, 1897 complete and 0 interrupted iterations
default   [  20% ] 016/100 VUs  05m51.9s/29m00.0s

running (05m53.0s), 016/100 VUs, 1905 complete and 0 interrupted iterations
default   [  20% ] 016/100 VUs  05m52.9s/29m00.0s

running (05m53.9s), 016/100 VUs, 1913 complete and 0 interrupted iterations
default   [  20% ] 016/100 VUs  05m53.9s/29m00.0s

running (05m54.9s), 016/100 VUs, 1921 complete and 0 interrupted iterations
default   [  20% ] 016/100 VUs  05m54.9s/29m00.0s

running (05m55.9s), 016/100 VUs, 1928 complete and 0 interrupted iterations
default   [  20% ] 016/100 VUs  05m55.9s/29m00.0s
time="2025-11-20T18:40:19+01:00" level=info msg="VU 19: Attempting to get token for user: performance__user_19_browser" source=console

running (05m57.0s), 017/100 VUs, 1936 complete and 0 interrupted iterations
default   [  21% ] 017/100 VUs  05m56.9s/29m00.0s
time="2025-11-20T18:40:20+01:00" level=info msg="VU 19: Authenticated as 'performance__user_19_browser' with role 'library_admin'" source=console

running (05m58.0s), 017/100 VUs, 1944 complete and 0 interrupted iterations
default   [  21% ] 017/100 VUs  05m57.9s/29m00.0s

running (05m58.9s), 017/100 VUs, 1951 complete and 0 interrupted iterations
default   [  21% ] 017/100 VUs  05m58.9s/29m00.0s

running (05m59.9s), 017/100 VUs, 1959 complete and 0 interrupted iterations
default   [  21% ] 017/100 VUs  05m59.9s/29m00.0s

running (06m00.9s), 017/100 VUs, 1967 complete and 0 interrupted iterations
default   [  21% ] 017/100 VUs  06m00.9s/29m00.0s

running (06m02.0s), 017/100 VUs, 1975 complete and 0 interrupted iterations
default   [  21% ] 017/100 VUs  06m01.9s/29m00.0s

running (06m02.9s), 017/100 VUs, 1983 complete and 0 interrupted iterations
default   [  21% ] 017/100 VUs  06m02.9s/29m00.0s

running (06m04.0s), 017/100 VUs, 1991 complete and 0 interrupted iterations
default   [  21% ] 017/100 VUs  06m03.9s/29m00.0s
time="2025-11-20T18:40:27+01:00" level=info msg="VU 23: Attempting to get token for user: performance__user_23_browser" source=console

running (06m04.9s), 018/100 VUs, 1999 complete and 0 interrupted iterations
default   [  21% ] 018/100 VUs  06m04.9s/29m00.0s
time="2025-11-20T18:40:28+01:00" level=info msg="VU 23: Authenticated as 'performance__user_23_browser' with role 'library_author'" source=console

running (06m05.9s), 018/100 VUs, 2007 complete and 0 interrupted iterations
default   [  21% ] 018/100 VUs  06m05.9s/29m00.0s

running (06m06.9s), 018/100 VUs, 2013 complete and 0 interrupted iterations
default   [  21% ] 018/100 VUs  06m06.9s/29m00.0s

running (06m07.9s), 018/100 VUs, 2021 complete and 0 interrupted iterations
default   [  21% ] 018/100 VUs  06m07.9s/29m00.0s

running (06m08.9s), 018/100 VUs, 2027 complete and 0 interrupted iterations
default   [  21% ] 018/100 VUs  06m08.9s/29m00.0s

running (06m10.0s), 018/100 VUs, 2035 complete and 0 interrupted iterations
default   [  21% ] 018/100 VUs  06m09.9s/29m00.0s

running (06m10.9s), 018/100 VUs, 2043 complete and 0 interrupted iterations
default   [  21% ] 018/100 VUs  06m10.9s/29m00.0s

running (06m11.9s), 018/100 VUs, 2051 complete and 0 interrupted iterations
default   [  21% ] 018/100 VUs  06m11.9s/29m00.0s
time="2025-11-20T18:40:35+01:00" level=info msg="VU 16: Attempting to get token for user: performance__user_16_browser" source=console

running (06m12.9s), 019/100 VUs, 2059 complete and 0 interrupted iterations
default   [  21% ] 019/100 VUs  06m12.9s/29m00.0s
time="2025-11-20T18:40:36+01:00" level=info msg="VU 16: Authenticated as 'performance__user_16_browser' with role 'library_admin'" source=console

running (06m13.9s), 019/100 VUs, 2067 complete and 0 interrupted iterations
default   [  21% ] 019/100 VUs  06m13.9s/29m00.0s

running (06m15.0s), 019/100 VUs, 2073 complete and 0 interrupted iterations
default   [  22% ] 019/100 VUs  06m14.9s/29m00.0s

running (06m15.9s), 019/100 VUs, 2081 complete and 0 interrupted iterations
default   [  22% ] 019/100 VUs  06m15.9s/29m00.0s

running (06m17.0s), 019/100 VUs, 2089 complete and 0 interrupted iterations
default   [  22% ] 019/100 VUs  06m16.9s/29m00.0s

running (06m17.9s), 019/100 VUs, 2097 complete and 0 interrupted iterations
default   [  22% ] 019/100 VUs  06m17.9s/29m00.0s

running (06m18.9s), 019/100 VUs, 2105 complete and 0 interrupted iterations
default   [  22% ] 019/100 VUs  06m18.9s/29m00.0s

running (06m20.0s), 019/100 VUs, 2113 complete and 0 interrupted iterations
default   [  22% ] 019/100 VUs  06m19.9s/29m00.0s
time="2025-11-20T18:40:43+01:00" level=info msg="VU 11: Attempting to get token for user: performance__user_11_browser" source=console

running (06m21.0s), 020/100 VUs, 2121 complete and 0 interrupted iterations
default   [  22% ] 020/100 VUs  06m20.9s/29m00.0s
time="2025-11-20T18:40:44+01:00" level=info msg="VU 11: Authenticated as 'performance__user_11_browser' with role 'library_author'" source=console

running (06m22.0s), 020/100 VUs, 2129 complete and 0 interrupted iterations
default   [  22% ] 020/100 VUs  06m21.9s/29m00.0s

running (06m22.9s), 020/100 VUs, 2135 complete and 0 interrupted iterations
default   [  22% ] 020/100 VUs  06m22.9s/29m00.0s

running (06m23.9s), 020/100 VUs, 2143 complete and 0 interrupted iterations
default   [  22% ] 020/100 VUs  06m23.9s/29m00.0s

running (06m25.0s), 020/100 VUs, 2151 complete and 0 interrupted iterations
default   [  22% ] 020/100 VUs  06m24.9s/29m00.0s

running (06m25.9s), 020/100 VUs, 2159 complete and 0 interrupted iterations
default   [  22% ] 020/100 VUs  06m25.9s/29m00.0s

running (06m26.9s), 020/100 VUs, 2167 complete and 0 interrupted iterations
default   [  22% ] 020/100 VUs  06m26.9s/29m00.0s

running (06m27.9s), 020/100 VUs, 2174 complete and 0 interrupted iterations
default   [  22% ] 020/100 VUs  06m27.9s/29m00.0s
time="2025-11-20T18:40:51+01:00" level=info msg="VU 12: Attempting to get token for user: performance__user_12_browser" source=console

running (06m28.9s), 021/100 VUs, 2182 complete and 0 interrupted iterations
default   [  22% ] 021/100 VUs  06m28.9s/29m00.0s
time="2025-11-20T18:40:53+01:00" level=info msg="VU 12: Authenticated as 'performance__user_12_browser' with role 'library_user'" source=console

running (06m29.9s), 021/100 VUs, 2190 complete and 0 interrupted iterations
default   [  22% ] 021/100 VUs  06m29.9s/29m00.0s

running (06m31.0s), 021/100 VUs, 2197 complete and 0 interrupted iterations
default   [  22% ] 021/100 VUs  06m30.9s/29m00.0s

running (06m31.9s), 021/100 VUs, 2205 complete and 0 interrupted iterations
default   [  23% ] 021/100 VUs  06m31.9s/29m00.0s

running (06m33.0s), 021/100 VUs, 2213 complete and 0 interrupted iterations
default   [  23% ] 021/100 VUs  06m32.9s/29m00.0s

running (06m34.0s), 021/100 VUs, 2221 complete and 0 interrupted iterations
default   [  23% ] 021/100 VUs  06m33.9s/29m00.0s

running (06m34.9s), 021/100 VUs, 2229 complete and 0 interrupted iterations
default   [  23% ] 021/100 VUs  06m34.9s/29m00.0s

running (06m35.9s), 021/100 VUs, 2237 complete and 0 interrupted iterations
default   [  23% ] 021/100 VUs  06m35.9s/29m00.0s
time="2025-11-20T18:40:59+01:00" level=info msg="VU 27: Attempting to get token for user: performance__user_27_browser" source=console

running (06m37.0s), 022/100 VUs, 2245 complete and 0 interrupted iterations
default   [  23% ] 022/100 VUs  06m36.9s/29m00.0s
time="2025-11-20T18:41:01+01:00" level=info msg="VU 27: Authenticated as 'performance__user_27_browser' with role 'library_user'" source=console

running (06m37.9s), 022/100 VUs, 2253 complete and 0 interrupted iterations
default   [  23% ] 022/100 VUs  06m37.9s/29m00.0s

running (06m39.0s), 022/100 VUs, 2259 complete and 0 interrupted iterations
default   [  23% ] 022/100 VUs  06m38.9s/29m00.0s

running (06m40.0s), 022/100 VUs, 2267 complete and 0 interrupted iterations
default   [  23% ] 022/100 VUs  06m39.9s/29m00.0s

running (06m41.0s), 022/100 VUs, 2275 complete and 0 interrupted iterations
default   [  23% ] 022/100 VUs  06m40.9s/29m00.0s

running (06m41.9s), 022/100 VUs, 2283 complete and 0 interrupted iterations
default   [  23% ] 022/100 VUs  06m41.9s/29m00.0s

running (06m42.9s), 022/100 VUs, 2291 complete and 0 interrupted iterations
default   [  23% ] 022/100 VUs  06m42.9s/29m00.0s

running (06m43.9s), 022/100 VUs, 2299 complete and 0 interrupted iterations
default   [  23% ] 022/100 VUs  06m43.9s/29m00.0s
time="2025-11-20T18:41:07+01:00" level=info msg="VU 25: Attempting to get token for user: performance__user_25_browser" source=console

running (06m44.9s), 023/100 VUs, 2306 complete and 0 interrupted iterations
default   [  23% ] 023/100 VUs  06m44.9s/29m00.0s
time="2025-11-20T18:41:09+01:00" level=info msg="VU 25: Authenticated as 'performance__user_25_browser' with role 'library_admin'" source=console

running (06m46.0s), 023/100 VUs, 2312 complete and 0 interrupted iterations
default   [  23% ] 023/100 VUs  06m45.9s/29m00.0s

running (06m47.0s), 023/100 VUs, 2320 complete and 0 interrupted iterations
default   [  23% ] 023/100 VUs  06m46.9s/29m00.0s

running (06m47.9s), 023/100 VUs, 2328 complete and 0 interrupted iterations
default   [  23% ] 023/100 VUs  06m47.9s/29m00.0s

running (06m48.9s), 023/100 VUs, 2336 complete and 0 interrupted iterations
default   [  24% ] 023/100 VUs  06m48.9s/29m00.0s

running (06m50.0s), 023/100 VUs, 2344 complete and 0 interrupted iterations
default   [  24% ] 023/100 VUs  06m49.9s/29m00.0s

running (06m50.9s), 023/100 VUs, 2352 complete and 0 interrupted iterations
default   [  24% ] 023/100 VUs  06m50.9s/29m00.0s

running (06m51.9s), 023/100 VUs, 2360 complete and 0 interrupted iterations
default   [  24% ] 023/100 VUs  06m51.9s/29m00.0s
time="2025-11-20T18:41:15+01:00" level=info msg="VU 26: Attempting to get token for user: performance__user_26_browser" source=console

running (06m53.0s), 024/100 VUs, 2368 complete and 0 interrupted iterations
default   [  24% ] 024/100 VUs  06m52.9s/29m00.0s

running (06m54.0s), 024/100 VUs, 2376 complete and 0 interrupted iterations
default   [  24% ] 024/100 VUs  06m53.9s/29m00.0s
time="2025-11-20T18:41:17+01:00" level=info msg="VU 26: Authenticated as 'performance__user_26_browser' with role 'library_author'" source=console

running (06m55.0s), 024/100 VUs, 2383 complete and 0 interrupted iterations
default   [  24% ] 024/100 VUs  06m54.9s/29m00.0s

running (06m56.0s), 024/100 VUs, 2390 complete and 0 interrupted iterations
default   [  24% ] 024/100 VUs  06m55.9s/29m00.0s

running (06m57.0s), 024/100 VUs, 2398 complete and 0 interrupted iterations
default   [  24% ] 024/100 VUs  06m56.9s/29m00.0s

running (06m57.9s), 024/100 VUs, 2406 complete and 0 interrupted iterations
default   [  24% ] 024/100 VUs  06m57.9s/29m00.0s

running (06m58.9s), 024/100 VUs, 2414 complete and 0 interrupted iterations
default   [  24% ] 024/100 VUs  06m58.9s/29m00.0s

running (06m59.9s), 024/100 VUs, 2422 complete and 0 interrupted iterations
default   [  24% ] 024/100 VUs  06m59.9s/29m00.0s
time="2025-11-20T18:41:23+01:00" level=info msg="VU 28: Attempting to get token for user: performance__user_28_browser" source=console

running (07m00.9s), 025/100 VUs, 2430 complete and 0 interrupted iterations
default   [  24% ] 025/100 VUs  07m00.9s/29m00.0s

running (07m01.9s), 025/100 VUs, 2438 complete and 0 interrupted iterations
default   [  24% ] 025/100 VUs  07m01.9s/29m00.0s
time="2025-11-20T18:41:25+01:00" level=info msg="VU 28: Authenticated as 'performance__user_28_browser' with role 'library_admin'" source=console

running (07m03.0s), 025/100 VUs, 2445 complete and 0 interrupted iterations
default   [  24% ] 025/100 VUs  07m02.9s/29m00.0s

running (07m03.9s), 025/100 VUs, 2451 complete and 0 interrupted iterations
default   [  24% ] 025/100 VUs  07m03.9s/29m00.0s

running (07m04.9s), 025/100 VUs, 2459 complete and 0 interrupted iterations
default   [  24% ] 025/100 VUs  07m04.9s/29m00.0s

running (07m05.9s), 025/100 VUs, 2467 complete and 0 interrupted iterations
default   [  24% ] 025/100 VUs  07m05.9s/29m00.0s

running (07m06.9s), 025/100 VUs, 2475 complete and 0 interrupted iterations
default   [  25% ] 025/100 VUs  07m06.9s/29m00.0s

running (07m07.9s), 025/100 VUs, 2483 complete and 0 interrupted iterations
default   [  25% ] 025/100 VUs  07m07.9s/29m00.0s

running (07m08.9s), 025/100 VUs, 2491 complete and 0 interrupted iterations
default   [  25% ] 025/100 VUs  07m08.9s/29m00.0s

running (07m09.9s), 025/100 VUs, 2499 complete and 0 interrupted iterations
default   [  25% ] 025/100 VUs  07m09.9s/29m00.0s

running (07m11.0s), 025/100 VUs, 2507 complete and 0 interrupted iterations
default   [  25% ] 025/100 VUs  07m10.9s/29m00.0s

running (07m11.9s), 025/100 VUs, 2515 complete and 0 interrupted iterations
default   [  25% ] 025/100 VUs  07m11.9s/29m00.0s

running (07m12.9s), 025/100 VUs, 2523 complete and 0 interrupted iterations
default   [  25% ] 025/100 VUs  07m12.9s/29m00.0s

running (07m14.0s), 025/100 VUs, 2531 complete and 0 interrupted iterations
default   [  25% ] 025/100 VUs  07m13.9s/29m00.0s

running (07m15.0s), 025/100 VUs, 2538 complete and 0 interrupted iterations
default   [  25% ] 025/100 VUs  07m14.9s/29m00.0s

running (07m16.0s), 025/100 VUs, 2546 complete and 0 interrupted iterations
default   [  25% ] 025/100 VUs  07m15.9s/29m00.0s

running (07m17.0s), 025/100 VUs, 2554 complete and 0 interrupted iterations
default   [  25% ] 025/100 VUs  07m16.9s/29m00.0s

running (07m17.9s), 025/100 VUs, 2562 complete and 0 interrupted iterations
default   [  25% ] 025/100 VUs  07m17.9s/29m00.0s

running (07m18.9s), 025/100 VUs, 2570 complete and 0 interrupted iterations
default   [  25% ] 025/100 VUs  07m18.9s/29m00.0s

running (07m19.9s), 025/100 VUs, 2576 complete and 0 interrupted iterations
default   [  25% ] 025/100 VUs  07m19.9s/29m00.0s

running (07m20.9s), 025/100 VUs, 2583 complete and 0 interrupted iterations
default   [  25% ] 025/100 VUs  07m20.9s/29m00.0s

running (07m22.0s), 025/100 VUs, 2591 complete and 0 interrupted iterations
default   [  25% ] 025/100 VUs  07m21.9s/29m00.0s

running (07m22.9s), 025/100 VUs, 2599 complete and 0 interrupted iterations
default   [  25% ] 025/100 VUs  07m22.9s/29m00.0s

running (07m23.9s), 025/100 VUs, 2607 complete and 0 interrupted iterations
default   [  26% ] 025/100 VUs  07m23.9s/29m00.0s

running (07m24.9s), 025/100 VUs, 2615 complete and 0 interrupted iterations
default   [  26% ] 025/100 VUs  07m24.9s/29m00.0s

running (07m25.9s), 025/100 VUs, 2623 complete and 0 interrupted iterations
default   [  26% ] 025/100 VUs  07m25.9s/29m00.0s

running (07m27.0s), 025/100 VUs, 2630 complete and 0 interrupted iterations
default   [  26% ] 025/100 VUs  07m26.9s/29m00.0s

running (07m27.9s), 025/100 VUs, 2638 complete and 0 interrupted iterations
default   [  26% ] 025/100 VUs  07m27.9s/29m00.0s

running (07m29.0s), 025/100 VUs, 2646 complete and 0 interrupted iterations
default   [  26% ] 025/100 VUs  07m28.9s/29m00.0s

running (07m29.9s), 025/100 VUs, 2654 complete and 0 interrupted iterations
default   [  26% ] 025/100 VUs  07m29.9s/29m00.0s

running (07m31.0s), 025/100 VUs, 2662 complete and 0 interrupted iterations
default   [  26% ] 025/100 VUs  07m30.9s/29m00.0s

running (07m32.0s), 025/100 VUs, 2669 complete and 0 interrupted iterations
default   [  26% ] 025/100 VUs  07m31.9s/29m00.0s

running (07m32.9s), 025/100 VUs, 2677 complete and 0 interrupted iterations
default   [  26% ] 025/100 VUs  07m32.9s/29m00.0s

running (07m34.0s), 025/100 VUs, 2685 complete and 0 interrupted iterations
default   [  26% ] 025/100 VUs  07m33.9s/29m00.0s

running (07m34.9s), 025/100 VUs, 2693 complete and 0 interrupted iterations
default   [  26% ] 025/100 VUs  07m34.9s/29m00.0s

running (07m35.9s), 025/100 VUs, 2701 complete and 0 interrupted iterations
default   [  26% ] 025/100 VUs  07m35.9s/29m00.0s

running (07m37.0s), 025/100 VUs, 2708 complete and 0 interrupted iterations
default   [  26% ] 025/100 VUs  07m36.9s/29m00.0s

running (07m38.0s), 025/100 VUs, 2715 complete and 0 interrupted iterations
default   [  26% ] 025/100 VUs  07m37.9s/29m00.0s

running (07m38.9s), 025/100 VUs, 2723 complete and 0 interrupted iterations
default   [  26% ] 025/100 VUs  07m38.9s/29m00.0s

running (07m40.0s), 025/100 VUs, 2731 complete and 0 interrupted iterations
default   [  26% ] 025/100 VUs  07m39.9s/29m00.0s

running (07m40.9s), 025/100 VUs, 2739 complete and 0 interrupted iterations
default   [  26% ] 025/100 VUs  07m40.9s/29m00.0s

running (07m41.9s), 025/100 VUs, 2747 complete and 0 interrupted iterations
default   [  27% ] 025/100 VUs  07m41.9s/29m00.0s

running (07m42.9s), 025/100 VUs, 2755 complete and 0 interrupted iterations
default   [  27% ] 025/100 VUs  07m42.9s/29m00.0s

running (07m43.9s), 025/100 VUs, 2763 complete and 0 interrupted iterations
default   [  27% ] 025/100 VUs  07m43.9s/29m00.0s

running (07m44.9s), 025/100 VUs, 2771 complete and 0 interrupted iterations
default   [  27% ] 025/100 VUs  07m44.9s/29m00.0s

running (07m45.9s), 025/100 VUs, 2778 complete and 0 interrupted iterations
default   [  27% ] 025/100 VUs  07m45.9s/29m00.0s

running (07m47.0s), 025/100 VUs, 2786 complete and 0 interrupted iterations
default   [  27% ] 025/100 VUs  07m46.9s/29m00.0s

running (07m48.0s), 025/100 VUs, 2794 complete and 0 interrupted iterations
default   [  27% ] 025/100 VUs  07m47.9s/29m00.0s

running (07m49.0s), 025/100 VUs, 2802 complete and 0 interrupted iterations
default   [  27% ] 025/100 VUs  07m48.9s/29m00.0s

running (07m50.0s), 025/100 VUs, 2810 complete and 0 interrupted iterations
default   [  27% ] 025/100 VUs  07m49.9s/29m00.0s

running (07m51.0s), 025/100 VUs, 2818 complete and 0 interrupted iterations
default   [  27% ] 025/100 VUs  07m50.9s/29m00.0s

running (07m51.9s), 025/100 VUs, 2826 complete and 0 interrupted iterations
default   [  27% ] 025/100 VUs  07m51.9s/29m00.0s

running (07m52.9s), 025/100 VUs, 2834 complete and 0 interrupted iterations
default   [  27% ] 025/100 VUs  07m52.9s/29m00.0s

running (07m53.9s), 025/100 VUs, 2842 complete and 0 interrupted iterations
default   [  27% ] 025/100 VUs  07m53.9s/29m00.0s

running (07m54.9s), 025/100 VUs, 2850 complete and 0 interrupted iterations
default   [  27% ] 025/100 VUs  07m54.9s/29m00.0s

running (07m55.9s), 025/100 VUs, 2858 complete and 0 interrupted iterations
default   [  27% ] 025/100 VUs  07m55.9s/29m00.0s

running (07m56.9s), 025/100 VUs, 2866 complete and 0 interrupted iterations
default   [  27% ] 025/100 VUs  07m56.9s/29m00.0s

running (07m58.0s), 025/100 VUs, 2874 complete and 0 interrupted iterations
default   [  27% ] 025/100 VUs  07m57.9s/29m00.0s

running (07m59.0s), 025/100 VUs, 2879 complete and 0 interrupted iterations
default   [  28% ] 025/100 VUs  07m58.9s/29m00.0s

running (08m00.0s), 025/100 VUs, 2889 complete and 0 interrupted iterations
default   [  28% ] 025/100 VUs  07m59.9s/29m00.0s

running (08m01.0s), 025/100 VUs, 2896 complete and 0 interrupted iterations
default   [  28% ] 025/100 VUs  08m00.9s/29m00.0s

running (08m01.9s), 025/100 VUs, 2904 complete and 0 interrupted iterations
default   [  28% ] 025/100 VUs  08m01.9s/29m00.0s

running (08m02.9s), 025/100 VUs, 2911 complete and 0 interrupted iterations
default   [  28% ] 025/100 VUs  08m02.9s/29m00.0s

running (08m04.0s), 025/100 VUs, 2919 complete and 0 interrupted iterations
default   [  28% ] 025/100 VUs  08m03.9s/29m00.0s

running (08m05.0s), 025/100 VUs, 2927 complete and 0 interrupted iterations
default   [  28% ] 025/100 VUs  08m04.9s/29m00.0s

running (08m05.9s), 025/100 VUs, 2935 complete and 0 interrupted iterations
default   [  28% ] 025/100 VUs  08m05.9s/29m00.0s

running (08m07.0s), 025/100 VUs, 2943 complete and 0 interrupted iterations
default   [  28% ] 025/100 VUs  08m06.9s/29m00.0s

running (08m07.9s), 025/100 VUs, 2951 complete and 0 interrupted iterations
default   [  28% ] 025/100 VUs  08m07.9s/29m00.0s

running (08m08.9s), 025/100 VUs, 2959 complete and 0 interrupted iterations
default   [  28% ] 025/100 VUs  08m08.9s/29m00.0s

running (08m09.9s), 025/100 VUs, 2967 complete and 0 interrupted iterations
default   [  28% ] 025/100 VUs  08m09.9s/29m00.0s

running (08m11.0s), 025/100 VUs, 2974 complete and 0 interrupted iterations
default   [  28% ] 025/100 VUs  08m10.9s/29m00.0s

running (08m11.9s), 025/100 VUs, 2982 complete and 0 interrupted iterations
default   [  28% ] 025/100 VUs  08m11.9s/29m00.0s

running (08m13.0s), 025/100 VUs, 2990 complete and 0 interrupted iterations
default   [  28% ] 025/100 VUs  08m12.9s/29m00.0s

running (08m14.0s), 025/100 VUs, 2998 complete and 0 interrupted iterations
default   [  28% ] 025/100 VUs  08m13.9s/29m00.0s

running (08m15.0s), 025/100 VUs, 3006 complete and 0 interrupted iterations
default   [  28% ] 025/100 VUs  08m14.9s/29m00.0s

running (08m15.9s), 025/100 VUs, 3014 complete and 0 interrupted iterations
default   [  29% ] 025/100 VUs  08m15.9s/29m00.0s

running (08m17.0s), 025/100 VUs, 3022 complete and 0 interrupted iterations
default   [  29% ] 025/100 VUs  08m16.9s/29m00.0s

running (08m17.9s), 025/100 VUs, 3030 complete and 0 interrupted iterations
default   [  29% ] 025/100 VUs  08m17.9s/29m00.0s

running (08m18.9s), 025/100 VUs, 3038 complete and 0 interrupted iterations
default   [  29% ] 025/100 VUs  08m18.9s/29m00.0s

running (08m20.0s), 025/100 VUs, 3046 complete and 0 interrupted iterations
default   [  29% ] 025/100 VUs  08m19.9s/29m00.0s

running (08m21.0s), 025/100 VUs, 3054 complete and 0 interrupted iterations
default   [  29% ] 025/100 VUs  08m20.9s/29m00.0s

running (08m21.9s), 025/100 VUs, 3062 complete and 0 interrupted iterations
default   [  29% ] 025/100 VUs  08m21.9s/29m00.0s

running (08m23.0s), 025/100 VUs, 3070 complete and 0 interrupted iterations
default   [  29% ] 025/100 VUs  08m22.9s/29m00.0s

running (08m24.0s), 025/100 VUs, 3078 complete and 0 interrupted iterations
default   [  29% ] 025/100 VUs  08m23.9s/29m00.0s

running (08m24.9s), 025/100 VUs, 3085 complete and 0 interrupted iterations
default   [  29% ] 025/100 VUs  08m24.9s/29m00.0s

running (08m26.0s), 025/100 VUs, 3093 complete and 0 interrupted iterations
default   [  29% ] 025/100 VUs  08m25.9s/29m00.0s

running (08m26.9s), 025/100 VUs, 3100 complete and 0 interrupted iterations
default   [  29% ] 025/100 VUs  08m26.9s/29m00.0s

running (08m28.0s), 025/100 VUs, 3107 complete and 0 interrupted iterations
default   [  29% ] 025/100 VUs  08m27.9s/29m00.0s

running (08m28.9s), 025/100 VUs, 3115 complete and 0 interrupted iterations
default   [  29% ] 025/100 VUs  08m28.9s/29m00.0s

running (08m30.0s), 025/100 VUs, 3123 complete and 0 interrupted iterations
default   [  29% ] 025/100 VUs  08m29.9s/29m00.0s

running (08m31.0s), 025/100 VUs, 3131 complete and 0 interrupted iterations
default   [  29% ] 025/100 VUs  08m30.9s/29m00.0s

running (08m31.9s), 025/100 VUs, 3139 complete and 0 interrupted iterations
default   [  29% ] 025/100 VUs  08m31.9s/29m00.0s

running (08m33.0s), 025/100 VUs, 3147 complete and 0 interrupted iterations
default   [  29% ] 025/100 VUs  08m32.9s/29m00.0s

running (08m33.9s), 025/100 VUs, 3155 complete and 0 interrupted iterations
default   [  30% ] 025/100 VUs  08m33.9s/29m00.0s

running (08m35.0s), 025/100 VUs, 3162 complete and 0 interrupted iterations
default   [  30% ] 025/100 VUs  08m34.9s/29m00.0s

running (08m35.9s), 025/100 VUs, 3170 complete and 0 interrupted iterations
default   [  30% ] 025/100 VUs  08m35.9s/29m00.0s

running (08m37.0s), 025/100 VUs, 3178 complete and 0 interrupted iterations
default   [  30% ] 025/100 VUs  08m36.9s/29m00.0s

running (08m37.9s), 025/100 VUs, 3186 complete and 0 interrupted iterations
default   [  30% ] 025/100 VUs  08m37.9s/29m00.0s

running (08m39.0s), 025/100 VUs, 3194 complete and 0 interrupted iterations
default   [  30% ] 025/100 VUs  08m38.9s/29m00.0s

running (08m39.9s), 025/100 VUs, 3202 complete and 0 interrupted iterations
default   [  30% ] 025/100 VUs  08m39.9s/29m00.0s

running (08m41.0s), 025/100 VUs, 3210 complete and 0 interrupted iterations
default   [  30% ] 025/100 VUs  08m40.9s/29m00.0s

running (08m42.0s), 025/100 VUs, 3218 complete and 0 interrupted iterations
default   [  30% ] 025/100 VUs  08m41.9s/29m00.0s

running (08m42.9s), 025/100 VUs, 3226 complete and 0 interrupted iterations
default   [  30% ] 025/100 VUs  08m42.9s/29m00.0s

running (08m44.0s), 025/100 VUs, 3234 complete and 0 interrupted iterations
default   [  30% ] 025/100 VUs  08m43.9s/29m00.0s

running (08m44.9s), 025/100 VUs, 3242 complete and 0 interrupted iterations
default   [  30% ] 025/100 VUs  08m44.9s/29m00.0s

running (08m45.9s), 025/100 VUs, 3250 complete and 0 interrupted iterations
default   [  30% ] 025/100 VUs  08m45.9s/29m00.0s

running (08m47.0s), 025/100 VUs, 3257 complete and 0 interrupted iterations
default   [  30% ] 025/100 VUs  08m46.9s/29m00.0s

running (08m48.0s), 025/100 VUs, 3265 complete and 0 interrupted iterations
default   [  30% ] 025/100 VUs  08m47.9s/29m00.0s

running (08m48.9s), 025/100 VUs, 3272 complete and 0 interrupted iterations
default   [  30% ] 025/100 VUs  08m48.9s/29m00.0s

running (08m49.9s), 025/100 VUs, 3280 complete and 0 interrupted iterations
default   [  30% ] 025/100 VUs  08m49.9s/29m00.0s

running (08m51.0s), 025/100 VUs, 3287 complete and 0 interrupted iterations
default   [  31% ] 025/100 VUs  08m50.9s/29m00.0s

running (08m52.0s), 025/100 VUs, 3295 complete and 0 interrupted iterations
default   [  31% ] 025/100 VUs  08m51.9s/29m00.0s

running (08m52.9s), 025/100 VUs, 3303 complete and 0 interrupted iterations
default   [  31% ] 025/100 VUs  08m52.9s/29m00.0s

running (08m54.0s), 025/100 VUs, 3311 complete and 0 interrupted iterations
default   [  31% ] 025/100 VUs  08m53.9s/29m00.0s

running (08m54.9s), 025/100 VUs, 3319 complete and 0 interrupted iterations
default   [  31% ] 025/100 VUs  08m54.9s/29m00.0s

running (08m56.0s), 025/100 VUs, 3327 complete and 0 interrupted iterations
default   [  31% ] 025/100 VUs  08m55.9s/29m00.0s

running (08m56.9s), 025/100 VUs, 3334 complete and 0 interrupted iterations
default   [  31% ] 025/100 VUs  08m56.9s/29m00.0s

running (08m57.9s), 025/100 VUs, 3342 complete and 0 interrupted iterations
default   [  31% ] 025/100 VUs  08m57.9s/29m00.0s

running (08m58.9s), 025/100 VUs, 3350 complete and 0 interrupted iterations
default   [  31% ] 025/100 VUs  08m58.9s/29m00.0s

running (08m59.9s), 025/100 VUs, 3358 complete and 0 interrupted iterations
default   [  31% ] 025/100 VUs  08m59.9s/29m00.0s

running (09m00.9s), 025/100 VUs, 3366 complete and 0 interrupted iterations
default   [  31% ] 025/100 VUs  09m00.9s/29m00.0s

running (09m01.9s), 025/100 VUs, 3374 complete and 0 interrupted iterations
default   [  31% ] 025/100 VUs  09m01.9s/29m00.0s

running (09m03.0s), 025/100 VUs, 3382 complete and 0 interrupted iterations
default   [  31% ] 025/100 VUs  09m02.9s/29m00.0s

running (09m04.0s), 025/100 VUs, 3390 complete and 0 interrupted iterations
default   [  31% ] 025/100 VUs  09m03.9s/29m00.0s

running (09m04.9s), 025/100 VUs, 3398 complete and 0 interrupted iterations
default   [  31% ] 025/100 VUs  09m04.9s/29m00.0s

running (09m05.9s), 025/100 VUs, 3406 complete and 0 interrupted iterations
default   [  31% ] 025/100 VUs  09m05.9s/29m00.0s

running (09m06.9s), 025/100 VUs, 3414 complete and 0 interrupted iterations
default   [  31% ] 025/100 VUs  09m06.9s/29m00.0s

running (09m08.0s), 025/100 VUs, 3422 complete and 0 interrupted iterations
default   [  31% ] 025/100 VUs  09m07.9s/29m00.0s

running (09m09.0s), 025/100 VUs, 3430 complete and 0 interrupted iterations
default   [  32% ] 025/100 VUs  09m08.9s/29m00.0s

running (09m09.9s), 025/100 VUs, 3438 complete and 0 interrupted iterations
default   [  32% ] 025/100 VUs  09m09.9s/29m00.0s

running (09m10.9s), 025/100 VUs, 3445 complete and 0 interrupted iterations
default   [  32% ] 025/100 VUs  09m10.9s/29m00.0s

running (09m11.9s), 025/100 VUs, 3453 complete and 0 interrupted iterations
default   [  32% ] 025/100 VUs  09m11.9s/29m00.0s

running (09m13.0s), 025/100 VUs, 3461 complete and 0 interrupted iterations
default   [  32% ] 025/100 VUs  09m12.9s/29m00.0s

running (09m14.0s), 025/100 VUs, 3468 complete and 0 interrupted iterations
default   [  32% ] 025/100 VUs  09m13.9s/29m00.0s

running (09m14.9s), 025/100 VUs, 3475 complete and 0 interrupted iterations
default   [  32% ] 025/100 VUs  09m14.9s/29m00.0s

running (09m16.0s), 025/100 VUs, 3483 complete and 0 interrupted iterations
default   [  32% ] 025/100 VUs  09m15.9s/29m00.0s

running (09m17.0s), 025/100 VUs, 3490 complete and 0 interrupted iterations
default   [  32% ] 025/100 VUs  09m16.9s/29m00.0s

running (09m17.9s), 025/100 VUs, 3498 complete and 0 interrupted iterations
default   [  32% ] 025/100 VUs  09m17.9s/29m00.0s

running (09m19.0s), 025/100 VUs, 3506 complete and 0 interrupted iterations
default   [  32% ] 025/100 VUs  09m18.9s/29m00.0s

running (09m19.9s), 025/100 VUs, 3514 complete and 0 interrupted iterations
default   [  32% ] 025/100 VUs  09m19.9s/29m00.0s

running (09m20.9s), 025/100 VUs, 3522 complete and 0 interrupted iterations
default   [  32% ] 025/100 VUs  09m20.9s/29m00.0s

running (09m22.0s), 025/100 VUs, 3530 complete and 0 interrupted iterations
default   [  32% ] 025/100 VUs  09m21.9s/29m00.0s

running (09m23.0s), 025/100 VUs, 3538 complete and 0 interrupted iterations
default   [  32% ] 025/100 VUs  09m22.9s/29m00.0s

running (09m23.9s), 025/100 VUs, 3546 complete and 0 interrupted iterations
default   [  32% ] 025/100 VUs  09m23.9s/29m00.0s

running (09m24.9s), 025/100 VUs, 3554 complete and 0 interrupted iterations
default   [  32% ] 025/100 VUs  09m24.9s/29m00.0s

running (09m25.9s), 025/100 VUs, 3562 complete and 0 interrupted iterations
default   [  33% ] 025/100 VUs  09m25.9s/29m00.0s

running (09m27.0s), 025/100 VUs, 3570 complete and 0 interrupted iterations
default   [  33% ] 025/100 VUs  09m26.9s/29m00.0s

running (09m28.0s), 025/100 VUs, 3578 complete and 0 interrupted iterations
default   [  33% ] 025/100 VUs  09m27.9s/29m00.0s

running (09m29.0s), 025/100 VUs, 3586 complete and 0 interrupted iterations
default   [  33% ] 025/100 VUs  09m28.9s/29m00.0s

running (09m29.9s), 025/100 VUs, 3594 complete and 0 interrupted iterations
default   [  33% ] 025/100 VUs  09m29.9s/29m00.0s

running (09m31.0s), 025/100 VUs, 3601 complete and 0 interrupted iterations
default   [  33% ] 025/100 VUs  09m30.9s/29m00.0s

running (09m32.0s), 025/100 VUs, 3609 complete and 0 interrupted iterations
default   [  33% ] 025/100 VUs  09m31.9s/29m00.0s

running (09m33.0s), 025/100 VUs, 3616 complete and 0 interrupted iterations
default   [  33% ] 025/100 VUs  09m32.9s/29m00.0s

running (09m34.0s), 025/100 VUs, 3624 complete and 0 interrupted iterations
default   [  33% ] 025/100 VUs  09m33.9s/29m00.0s

running (09m34.9s), 025/100 VUs, 3632 complete and 0 interrupted iterations
default   [  33% ] 025/100 VUs  09m34.9s/29m00.0s

running (09m36.0s), 025/100 VUs, 3640 complete and 0 interrupted iterations
default   [  33% ] 025/100 VUs  09m35.9s/29m00.0s

running (09m36.9s), 025/100 VUs, 3648 complete and 0 interrupted iterations
default   [  33% ] 025/100 VUs  09m36.9s/29m00.0s

running (09m37.9s), 025/100 VUs, 3656 complete and 0 interrupted iterations
default   [  33% ] 025/100 VUs  09m37.9s/29m00.0s

running (09m39.0s), 025/100 VUs, 3663 complete and 0 interrupted iterations
default   [  33% ] 025/100 VUs  09m38.9s/29m00.0s

running (09m39.9s), 025/100 VUs, 3670 complete and 0 interrupted iterations
default   [  33% ] 025/100 VUs  09m39.9s/29m00.0s

running (09m40.9s), 025/100 VUs, 3678 complete and 0 interrupted iterations
default   [  33% ] 025/100 VUs  09m40.9s/29m00.0s

running (09m42.0s), 025/100 VUs, 3686 complete and 0 interrupted iterations
default   [  33% ] 025/100 VUs  09m41.9s/29m00.0s

running (09m42.9s), 025/100 VUs, 3694 complete and 0 interrupted iterations
default   [  34% ] 025/100 VUs  09m42.9s/29m00.0s

running (09m44.0s), 025/100 VUs, 3702 complete and 0 interrupted iterations
default   [  34% ] 025/100 VUs  09m43.9s/29m00.0s

running (09m45.0s), 025/100 VUs, 3710 complete and 0 interrupted iterations
default   [  34% ] 025/100 VUs  09m44.9s/29m00.0s

running (09m46.0s), 025/100 VUs, 3718 complete and 0 interrupted iterations
default   [  34% ] 025/100 VUs  09m45.9s/29m00.0s

running (09m46.9s), 025/100 VUs, 3726 complete and 0 interrupted iterations
default   [  34% ] 025/100 VUs  09m46.9s/29m00.0s

running (09m48.0s), 025/100 VUs, 3734 complete and 0 interrupted iterations
default   [  34% ] 025/100 VUs  09m47.9s/29m00.0s

running (09m48.9s), 025/100 VUs, 3742 complete and 0 interrupted iterations
default   [  34% ] 025/100 VUs  09m48.9s/29m00.0s

running (09m50.0s), 025/100 VUs, 3749 complete and 0 interrupted iterations
default   [  34% ] 025/100 VUs  09m49.9s/29m00.0s

running (09m51.0s), 025/100 VUs, 3757 complete and 0 interrupted iterations
default   [  34% ] 025/100 VUs  09m50.9s/29m00.0s

running (09m51.9s), 025/100 VUs, 3764 complete and 0 interrupted iterations
default   [  34% ] 025/100 VUs  09m51.9s/29m00.0s

running (09m53.0s), 025/100 VUs, 3772 complete and 0 interrupted iterations
default   [  34% ] 025/100 VUs  09m52.9s/29m00.0s

running (09m54.0s), 025/100 VUs, 3780 complete and 0 interrupted iterations
default   [  34% ] 025/100 VUs  09m53.9s/29m00.0s

running (09m54.9s), 025/100 VUs, 3788 complete and 0 interrupted iterations
default   [  34% ] 025/100 VUs  09m54.9s/29m00.0s

running (09m55.9s), 025/100 VUs, 3796 complete and 0 interrupted iterations
default   [  34% ] 025/100 VUs  09m55.9s/29m00.0s

running (09m57.0s), 025/100 VUs, 3804 complete and 0 interrupted iterations
default   [  34% ] 025/100 VUs  09m56.9s/29m00.0s

running (09m58.0s), 025/100 VUs, 3812 complete and 0 interrupted iterations
default   [  34% ] 025/100 VUs  09m57.9s/29m00.0s

running (09m59.0s), 025/100 VUs, 3819 complete and 0 interrupted iterations
default   [  34% ] 025/100 VUs  09m58.9s/29m00.0s

running (09m59.9s), 025/100 VUs, 3826 complete and 0 interrupted iterations
default   [  34% ] 025/100 VUs  09m59.9s/29m00.0s

running (10m01.0s), 025/100 VUs, 3834 complete and 0 interrupted iterations
default   [  35% ] 025/100 VUs  10m00.9s/29m00.0s

running (10m02.0s), 025/100 VUs, 3842 complete and 0 interrupted iterations
default   [  35% ] 025/100 VUs  10m01.9s/29m00.0s

running (10m02.9s), 025/100 VUs, 3850 complete and 0 interrupted iterations
default   [  35% ] 025/100 VUs  10m02.9s/29m00.0s

running (10m04.0s), 025/100 VUs, 3858 complete and 0 interrupted iterations
default   [  35% ] 025/100 VUs  10m03.9s/29m00.0s
time="2025-11-20T18:44:28+01:00" level=info msg="VU 29: Attempting to get token for user: performance__user_29_browser" source=console

running (10m04.9s), 026/100 VUs, 3866 complete and 0 interrupted iterations
default   [  35% ] 026/100 VUs  10m04.9s/29m00.0s

running (10m06.0s), 026/100 VUs, 3873 complete and 0 interrupted iterations
default   [  35% ] 026/100 VUs  10m05.9s/29m00.0s

running (10m07.0s), 026/100 VUs, 3881 complete and 0 interrupted iterations
default   [  35% ] 026/100 VUs  10m06.9s/29m00.0s
time="2025-11-20T18:44:30+01:00" level=info msg="VU 29: Authenticated as 'performance__user_29_browser' with role 'library_author'" source=console

running (10m07.9s), 026/100 VUs, 3888 complete and 0 interrupted iterations
default   [  35% ] 026/100 VUs  10m07.9s/29m00.0s

running (10m08.9s), 026/100 VUs, 3895 complete and 0 interrupted iterations
default   [  35% ] 026/100 VUs  10m08.9s/29m00.0s
time="2025-11-20T18:44:33+01:00" level=info msg="VU 22: Attempting to get token for user: performance__user_22_browser" source=console

running (10m09.9s), 027/100 VUs, 3903 complete and 0 interrupted iterations
default   [  35% ] 027/100 VUs  10m09.9s/29m00.0s

running (10m11.0s), 027/100 VUs, 3911 complete and 0 interrupted iterations
default   [  35% ] 027/100 VUs  10m10.9s/29m00.0s

running (10m12.0s), 027/100 VUs, 3919 complete and 0 interrupted iterations
default   [  35% ] 027/100 VUs  10m11.9s/29m00.0s
time="2025-11-20T18:44:35+01:00" level=info msg="VU 22: Authenticated as 'performance__user_22_browser' with role 'library_admin'" source=console

running (10m12.9s), 027/100 VUs, 3927 complete and 0 interrupted iterations
default   [  35% ] 027/100 VUs  10m12.9s/29m00.0s

running (10m14.0s), 027/100 VUs, 3934 complete and 0 interrupted iterations
default   [  35% ] 027/100 VUs  10m13.9s/29m00.0s
time="2025-11-20T18:44:37+01:00" level=info msg="VU 32: Attempting to get token for user: performance__user_32_browser" source=console

running (10m14.9s), 028/100 VUs, 3942 complete and 0 interrupted iterations
default   [  35% ] 028/100 VUs  10m14.9s/29m00.0s

running (10m16.0s), 028/100 VUs, 3950 complete and 0 interrupted iterations
default   [  35% ] 028/100 VUs  10m15.9s/29m00.0s
time="2025-11-20T18:44:40+01:00" level=info msg="VU 32: Authenticated as 'performance__user_32_browser' with role 'library_author'" source=console

running (10m16.9s), 028/100 VUs, 3958 complete and 0 interrupted iterations
default   [  35% ] 028/100 VUs  10m16.9s/29m00.0s

running (10m18.0s), 028/100 VUs, 3964 complete and 0 interrupted iterations
default   [  36% ] 028/100 VUs  10m17.9s/29m00.0s

running (10m19.0s), 028/100 VUs, 3972 complete and 0 interrupted iterations
default   [  36% ] 028/100 VUs  10m18.9s/29m00.0s
time="2025-11-20T18:44:42+01:00" level=info msg="VU 30: Attempting to get token for user: performance__user_30_browser" source=console

running (10m19.9s), 029/100 VUs, 3980 complete and 0 interrupted iterations
default   [  36% ] 029/100 VUs  10m19.9s/29m00.0s

running (10m21.0s), 029/100 VUs, 3987 complete and 0 interrupted iterations
default   [  36% ] 029/100 VUs  10m20.9s/29m00.0s

running (10m22.0s), 029/100 VUs, 3994 complete and 0 interrupted iterations
default   [  36% ] 029/100 VUs  10m21.9s/29m00.0s
time="2025-11-20T18:44:45+01:00" level=info msg="VU 30: Authenticated as 'performance__user_30_browser' with role 'library_user'" source=console

running (10m22.9s), 029/100 VUs, 4001 complete and 0 interrupted iterations
default   [  36% ] 029/100 VUs  10m22.9s/29m00.0s

running (10m23.9s), 029/100 VUs, 4008 complete and 0 interrupted iterations
default   [  36% ] 029/100 VUs  10m23.9s/29m00.0s
time="2025-11-20T18:44:47+01:00" level=info msg="VU 31: Attempting to get token for user: performance__user_31_browser" source=console

running (10m25.0s), 030/100 VUs, 4016 complete and 0 interrupted iterations
default   [  36% ] 030/100 VUs  10m24.9s/29m00.0s

running (10m25.9s), 030/100 VUs, 4024 complete and 0 interrupted iterations
default   [  36% ] 030/100 VUs  10m25.9s/29m00.0s
time="2025-11-20T18:44:50+01:00" level=info msg="VU 31: Authenticated as 'performance__user_31_browser' with role 'library_admin'" source=console

running (10m26.9s), 030/100 VUs, 4032 complete and 0 interrupted iterations
default   [  36% ] 030/100 VUs  10m26.9s/29m00.0s

running (10m27.9s), 030/100 VUs, 4040 complete and 0 interrupted iterations
default   [  36% ] 030/100 VUs  10m27.9s/29m00.0s
time="2025-11-20T18:44:52+01:00" level=info msg="VU 33: Attempting to get token for user: performance__user_33_browser" source=console

running (10m29.0s), 031/100 VUs, 4047 complete and 0 interrupted iterations
default   [  36% ] 031/100 VUs  10m28.9s/29m00.0s

running (10m29.9s), 031/100 VUs, 4055 complete and 0 interrupted iterations
default   [  36% ] 031/100 VUs  10m29.9s/29m00.0s

running (10m31.0s), 031/100 VUs, 4063 complete and 0 interrupted iterations
default   [  36% ] 031/100 VUs  10m30.9s/29m00.0s
time="2025-11-20T18:44:55+01:00" level=info msg="VU 33: Authenticated as 'performance__user_33_browser' with role 'library_user'" source=console

running (10m31.9s), 031/100 VUs, 4071 complete and 0 interrupted iterations
default   [  36% ] 031/100 VUs  10m31.9s/29m00.0s

running (10m32.9s), 031/100 VUs, 4078 complete and 0 interrupted iterations
default   [  36% ] 031/100 VUs  10m32.9s/29m00.0s
time="2025-11-20T18:44:57+01:00" level=info msg="VU 34: Attempting to get token for user: performance__user_34_browser" source=console

running (10m34.0s), 032/100 VUs, 4085 complete and 0 interrupted iterations
default   [  36% ] 032/100 VUs  10m33.9s/29m00.0s

running (10m34.9s), 032/100 VUs, 4093 complete and 0 interrupted iterations
default   [  36% ] 032/100 VUs  10m34.9s/29m00.0s

running (10m36.0s), 032/100 VUs, 4101 complete and 0 interrupted iterations
default   [  37% ] 032/100 VUs  10m35.9s/29m00.0s
time="2025-11-20T18:45:00+01:00" level=info msg="VU 34: Authenticated as 'performance__user_34_browser' with role 'library_admin'" source=console

running (10m36.9s), 032/100 VUs, 4109 complete and 0 interrupted iterations
default   [  37% ] 032/100 VUs  10m36.9s/29m00.0s

running (10m38.0s), 032/100 VUs, 4115 complete and 0 interrupted iterations
default   [  37% ] 032/100 VUs  10m37.9s/29m00.0s
time="2025-11-20T18:45:01+01:00" level=info msg="VU 35: Attempting to get token for user: performance__user_35_browser" source=console

running (10m38.9s), 033/100 VUs, 4123 complete and 0 interrupted iterations
default   [  37% ] 033/100 VUs  10m38.9s/29m00.0s

running (10m39.9s), 033/100 VUs, 4131 complete and 0 interrupted iterations
default   [  37% ] 033/100 VUs  10m39.9s/29m00.0s

running (10m41.0s), 033/100 VUs, 4139 complete and 0 interrupted iterations
default   [  37% ] 033/100 VUs  10m40.9s/29m00.0s
time="2025-11-20T18:45:05+01:00" level=info msg="VU 35: Authenticated as 'performance__user_35_browser' with role 'library_author'" source=console

running (10m41.9s), 033/100 VUs, 4146 complete and 0 interrupted iterations
default   [  37% ] 033/100 VUs  10m41.9s/29m00.0s

running (10m42.9s), 033/100 VUs, 4152 complete and 0 interrupted iterations
default   [  37% ] 033/100 VUs  10m42.9s/29m00.0s
time="2025-11-20T18:45:06+01:00" level=info msg="VU 36: Attempting to get token for user: performance__user_36_browser" source=console

running (10m44.0s), 034/100 VUs, 4160 complete and 0 interrupted iterations
default   [  37% ] 034/100 VUs  10m43.9s/29m00.0s

running (10m45.0s), 034/100 VUs, 4168 complete and 0 interrupted iterations
default   [  37% ] 034/100 VUs  10m44.9s/29m00.0s

running (10m45.9s), 034/100 VUs, 4176 complete and 0 interrupted iterations
default   [  37% ] 034/100 VUs  10m45.9s/29m00.0s
time="2025-11-20T18:45:10+01:00" level=info msg="VU 36: Authenticated as 'performance__user_36_browser' with role 'library_user'" source=console

running (10m47.0s), 034/100 VUs, 4184 complete and 0 interrupted iterations
default   [  37% ] 034/100 VUs  10m46.9s/29m00.0s

running (10m47.9s), 034/100 VUs, 4191 complete and 0 interrupted iterations
default   [  37% ] 034/100 VUs  10m47.9s/29m00.0s
time="2025-11-20T18:45:11+01:00" level=info msg="VU 37: Attempting to get token for user: performance__user_37_browser" source=console

running (10m49.0s), 035/100 VUs, 4199 complete and 0 interrupted iterations
default   [  37% ] 035/100 VUs  10m48.9s/29m00.0s

running (10m49.9s), 035/100 VUs, 4207 complete and 0 interrupted iterations
default   [  37% ] 035/100 VUs  10m49.9s/29m00.0s

running (10m51.0s), 035/100 VUs, 4214 complete and 0 interrupted iterations
default   [  37% ] 035/100 VUs  10m50.9s/29m00.0s
time="2025-11-20T18:45:15+01:00" level=info msg="VU 37: Authenticated as 'performance__user_37_browser' with role 'library_admin'" source=console

running (10m51.9s), 035/100 VUs, 4222 complete and 0 interrupted iterations
default   [  37% ] 035/100 VUs  10m51.9s/29m00.0s
time="2025-11-20T18:45:16+01:00" level=info msg="VU 42: Attempting to get token for user: performance__user_42_browser" source=console

running (10m52.9s), 036/100 VUs, 4228 complete and 0 interrupted iterations
default   [  38% ] 036/100 VUs  10m52.9s/29m00.0s

running (10m54.0s), 036/100 VUs, 4235 complete and 0 interrupted iterations
default   [  38% ] 036/100 VUs  10m53.9s/29m00.0s

running (10m54.9s), 036/100 VUs, 4243 complete and 0 interrupted iterations
default   [  38% ] 036/100 VUs  10m54.9s/29m00.0s

running (10m55.9s), 036/100 VUs, 4251 complete and 0 interrupted iterations
default   [  38% ] 036/100 VUs  10m55.9s/29m00.0s
time="2025-11-20T18:45:19+01:00" level=info msg="VU 42: Authenticated as 'performance__user_42_browser' with role 'library_user'" source=console

running (10m56.9s), 036/100 VUs, 4259 complete and 0 interrupted iterations
default   [  38% ] 036/100 VUs  10m56.9s/29m00.0s
time="2025-11-20T18:45:21+01:00" level=info msg="VU 39: Attempting to get token for user: performance__user_39_browser" source=console

running (10m58.0s), 037/100 VUs, 4266 complete and 0 interrupted iterations
default   [  38% ] 037/100 VUs  10m57.9s/29m00.0s

running (10m59.0s), 037/100 VUs, 4274 complete and 0 interrupted iterations
default   [  38% ] 037/100 VUs  10m58.9s/29m00.0s

running (10m59.9s), 037/100 VUs, 4282 complete and 0 interrupted iterations
default   [  38% ] 037/100 VUs  10m59.9s/29m00.0s

running (11m01.0s), 037/100 VUs, 4290 complete and 0 interrupted iterations
default   [  38% ] 037/100 VUs  11m00.9s/29m00.0s
time="2025-11-20T18:45:24+01:00" level=info msg="VU 39: Authenticated as 'performance__user_39_browser' with role 'library_user'" source=console

running (11m02.0s), 037/100 VUs, 4298 complete and 0 interrupted iterations
default   [  38% ] 037/100 VUs  11m01.9s/29m00.0s
time="2025-11-20T18:45:25+01:00" level=info msg="VU 40: Attempting to get token for user: performance__user_40_browser" source=console

running (11m02.9s), 038/100 VUs, 4304 complete and 0 interrupted iterations
default   [  38% ] 038/100 VUs  11m02.9s/29m00.0s

running (11m04.0s), 038/100 VUs, 4311 complete and 0 interrupted iterations
default   [  38% ] 038/100 VUs  11m03.9s/29m00.0s

running (11m05.0s), 038/100 VUs, 4319 complete and 0 interrupted iterations
default   [  38% ] 038/100 VUs  11m04.9s/29m00.0s

running (11m05.9s), 038/100 VUs, 4327 complete and 0 interrupted iterations
default   [  38% ] 038/100 VUs  11m05.9s/29m00.0s
time="2025-11-20T18:45:29+01:00" level=info msg="VU 40: Authenticated as 'performance__user_40_browser' with role 'library_admin'" source=console

running (11m06.9s), 038/100 VUs, 4335 complete and 0 interrupted iterations
default   [  38% ] 038/100 VUs  11m06.9s/29m00.0s
time="2025-11-20T18:45:30+01:00" level=info msg="VU 43: Attempting to get token for user: performance__user_43_browser" source=console

running (11m08.0s), 039/100 VUs, 4341 complete and 0 interrupted iterations
default   [  38% ] 039/100 VUs  11m07.9s/29m00.0s

running (11m08.9s), 039/100 VUs, 4349 complete and 0 interrupted iterations
default   [  38% ] 039/100 VUs  11m08.9s/29m00.0s

running (11m10.0s), 039/100 VUs, 4357 complete and 0 interrupted iterations
default   [  39% ] 039/100 VUs  11m09.9s/29m00.0s

running (11m10.9s), 039/100 VUs, 4365 complete and 0 interrupted iterations
default   [  39% ] 039/100 VUs  11m10.9s/29m00.0s
time="2025-11-20T18:45:34+01:00" level=info msg="VU 43: Authenticated as 'performance__user_43_browser' with role 'library_admin'" source=console

running (11m12.0s), 039/100 VUs, 4373 complete and 0 interrupted iterations
default   [  39% ] 039/100 VUs  11m11.9s/29m00.0s
time="2025-11-20T18:45:35+01:00" level=info msg="VU 21: Attempting to get token for user: performance__user_21_browser" source=console

running (11m12.9s), 040/100 VUs, 4381 complete and 0 interrupted iterations
default   [  39% ] 040/100 VUs  11m12.9s/29m00.0s

running (11m13.9s), 040/100 VUs, 4388 complete and 0 interrupted iterations
default   [  39% ] 040/100 VUs  11m13.9s/29m00.0s

running (11m15.0s), 040/100 VUs, 4396 complete and 0 interrupted iterations
default   [  39% ] 040/100 VUs  11m14.9s/29m00.0s

running (11m16.0s), 040/100 VUs, 4403 complete and 0 interrupted iterations
default   [  39% ] 040/100 VUs  11m15.9s/29m00.0s
time="2025-11-20T18:45:39+01:00" level=info msg="VU 21: Authenticated as 'performance__user_21_browser' with role 'library_user'" source=console
time="2025-11-20T18:45:40+01:00" level=info msg="VU 44: Attempting to get token for user: performance__user_44_browser" source=console

running (11m17.0s), 041/100 VUs, 4410 complete and 0 interrupted iterations
default   [  39% ] 041/100 VUs  11m16.9s/29m00.0s

running (11m17.9s), 041/100 VUs, 4417 complete and 0 interrupted iterations
default   [  39% ] 041/100 VUs  11m17.9s/29m00.0s

running (11m18.9s), 041/100 VUs, 4425 complete and 0 interrupted iterations
default   [  39% ] 041/100 VUs  11m18.9s/29m00.0s

running (11m19.9s), 041/100 VUs, 4433 complete and 0 interrupted iterations
default   [  39% ] 041/100 VUs  11m19.9s/29m00.0s

running (11m21.0s), 041/100 VUs, 4441 complete and 0 interrupted iterations
default   [  39% ] 041/100 VUs  11m20.9s/29m00.0s
time="2025-11-20T18:45:44+01:00" level=info msg="VU 44: Authenticated as 'performance__user_44_browser' with role 'library_author'" source=console
time="2025-11-20T18:45:45+01:00" level=info msg="VU 45: Attempting to get token for user: performance__user_45_browser" source=console

running (11m22.0s), 042/100 VUs, 4449 complete and 0 interrupted iterations
default   [  39% ] 042/100 VUs  11m21.9s/29m00.0s

running (11m22.9s), 042/100 VUs, 4456 complete and 0 interrupted iterations
default   [  39% ] 042/100 VUs  11m22.9s/29m00.0s

running (11m24.0s), 042/100 VUs, 4464 complete and 0 interrupted iterations
default   [  39% ] 042/100 VUs  11m23.9s/29m00.0s

running (11m24.9s), 042/100 VUs, 4472 complete and 0 interrupted iterations
default   [  39% ] 042/100 VUs  11m24.9s/29m00.0s

running (11m25.9s), 042/100 VUs, 4480 complete and 0 interrupted iterations
default   [  39% ] 042/100 VUs  11m25.9s/29m00.0s
time="2025-11-20T18:45:49+01:00" level=info msg="VU 45: Authenticated as 'performance__user_45_browser' with role 'library_user'" source=console
time="2025-11-20T18:45:49+01:00" level=info msg="VU 38: Attempting to get token for user: performance__user_38_browser" source=console

running (11m26.9s), 043/100 VUs, 4488 complete and 0 interrupted iterations
default   [  39% ] 043/100 VUs  11m26.9s/29m00.0s

running (11m28.0s), 043/100 VUs, 4494 complete and 0 interrupted iterations
default   [  40% ] 043/100 VUs  11m27.9s/29m00.0s

running (11m28.9s), 043/100 VUs, 4502 complete and 0 interrupted iterations
default   [  40% ] 043/100 VUs  11m28.9s/29m00.0s

running (11m30.0s), 043/100 VUs, 4509 complete and 0 interrupted iterations
default   [  40% ] 043/100 VUs  11m29.9s/29m00.0s
time="2025-11-20T18:45:54+01:00" level=info msg="VU 38: Authenticated as 'performance__user_38_browser' with role 'library_author'" source=console

running (11m31.0s), 043/100 VUs, 4517 complete and 0 interrupted iterations
default   [  40% ] 043/100 VUs  11m30.9s/29m00.0s
time="2025-11-20T18:45:54+01:00" level=info msg="VU 47: Attempting to get token for user: performance__user_47_browser" source=console

running (11m31.9s), 044/100 VUs, 4525 complete and 0 interrupted iterations
default   [  40% ] 044/100 VUs  11m31.9s/29m00.0s

running (11m32.9s), 044/100 VUs, 4533 complete and 0 interrupted iterations
default   [  40% ] 044/100 VUs  11m32.9s/29m00.0s

running (11m33.9s), 044/100 VUs, 4540 complete and 0 interrupted iterations
default   [  40% ] 044/100 VUs  11m33.9s/29m00.0s

running (11m35.0s), 044/100 VUs, 4547 complete and 0 interrupted iterations
default   [  40% ] 044/100 VUs  11m34.9s/29m00.0s
time="2025-11-20T18:45:59+01:00" level=info msg="VU 47: Authenticated as 'performance__user_47_browser' with role 'library_author'" source=console

running (11m35.9s), 044/100 VUs, 4554 complete and 0 interrupted iterations
default   [  40% ] 044/100 VUs  11m35.9s/29m00.0s
time="2025-11-20T18:45:59+01:00" level=info msg="VU 48: Attempting to get token for user: performance__user_48_browser" source=console

running (11m36.9s), 045/100 VUs, 4562 complete and 0 interrupted iterations
default   [  40% ] 045/100 VUs  11m36.9s/29m00.0s

running (11m38.0s), 045/100 VUs, 4570 complete and 0 interrupted iterations
default   [  40% ] 045/100 VUs  11m37.9s/29m00.0s

running (11m38.9s), 045/100 VUs, 4577 complete and 0 interrupted iterations
default   [  40% ] 045/100 VUs  11m38.9s/29m00.0s

running (11m39.9s), 045/100 VUs, 4585 complete and 0 interrupted iterations
default   [  40% ] 045/100 VUs  11m39.9s/29m00.0s
time="2025-11-20T18:46:04+01:00" level=info msg="VU 24: Attempting to get token for user: performance__user_24_browser" source=console
time="2025-11-20T18:46:04+01:00" level=info msg="VU 48: Authenticated as 'performance__user_48_browser' with role 'library_user'" source=console

running (11m41.0s), 046/100 VUs, 4592 complete and 0 interrupted iterations
default   [  40% ] 046/100 VUs  11m40.9s/29m00.0s

running (11m42.0s), 046/100 VUs, 4600 complete and 0 interrupted iterations
default   [  40% ] 046/100 VUs  11m41.9s/29m00.0s

running (11m42.9s), 046/100 VUs, 4608 complete and 0 interrupted iterations
default   [  40% ] 046/100 VUs  11m42.9s/29m00.0s

running (11m44.0s), 046/100 VUs, 4616 complete and 0 interrupted iterations
default   [  40% ] 046/100 VUs  11m43.9s/29m00.0s

running (11m44.9s), 046/100 VUs, 4624 complete and 0 interrupted iterations
default   [  41% ] 046/100 VUs  11m44.9s/29m00.0s
time="2025-11-20T18:46:09+01:00" level=info msg="VU 49: Attempting to get token for user: performance__user_49_browser" source=console
time="2025-11-20T18:46:09+01:00" level=info msg="VU 24: Authenticated as 'performance__user_24_browser' with role 'library_user'" source=console

running (11m45.9s), 047/100 VUs, 4631 complete and 0 interrupted iterations
default   [  41% ] 047/100 VUs  11m45.9s/29m00.0s

running (11m47.0s), 047/100 VUs, 4638 complete and 0 interrupted iterations
default   [  41% ] 047/100 VUs  11m46.9s/29m00.0s

running (11m47.9s), 047/100 VUs, 4646 complete and 0 interrupted iterations
default   [  41% ] 047/100 VUs  11m47.9s/29m00.0s

running (11m49.0s), 047/100 VUs, 4654 complete and 0 interrupted iterations
default   [  41% ] 047/100 VUs  11m48.9s/29m00.0s

running (11m50.0s), 047/100 VUs, 4662 complete and 0 interrupted iterations
default   [  41% ] 047/100 VUs  11m49.9s/29m00.0s
time="2025-11-20T18:46:13+01:00" level=info msg="VU 46: Attempting to get token for user: performance__user_46_browser" source=console
time="2025-11-20T18:46:14+01:00" level=info msg="VU 49: Authenticated as 'performance__user_49_browser' with role 'library_admin'" source=console

running (11m51.0s), 048/100 VUs, 4670 complete and 0 interrupted iterations
default   [  41% ] 048/100 VUs  11m50.9s/29m00.0s

running (11m51.9s), 048/100 VUs, 4676 complete and 0 interrupted iterations
default   [  41% ] 048/100 VUs  11m51.9s/29m00.0s

running (11m53.0s), 048/100 VUs, 4684 complete and 0 interrupted iterations
default   [  41% ] 048/100 VUs  11m52.9s/29m00.0s

running (11m54.0s), 048/100 VUs, 4692 complete and 0 interrupted iterations
default   [  41% ] 048/100 VUs  11m53.9s/29m00.0s

running (11m54.9s), 048/100 VUs, 4699 complete and 0 interrupted iterations
default   [  41% ] 048/100 VUs  11m54.9s/29m00.0s
time="2025-11-20T18:46:18+01:00" level=info msg="VU 51: Attempting to get token for user: performance__user_51_browser" source=console
time="2025-11-20T18:46:19+01:00" level=info msg="VU 46: Authenticated as 'performance__user_46_browser' with role 'library_admin'" source=console

running (11m56.0s), 049/100 VUs, 4707 complete and 0 interrupted iterations
default   [  41% ] 049/100 VUs  11m55.9s/29m00.0s

running (11m57.0s), 049/100 VUs, 4714 complete and 0 interrupted iterations
default   [  41% ] 049/100 VUs  11m56.9s/29m00.0s

running (11m57.9s), 049/100 VUs, 4722 complete and 0 interrupted iterations
default   [  41% ] 049/100 VUs  11m57.9s/29m00.0s

running (11m59.0s), 049/100 VUs, 4730 complete and 0 interrupted iterations
default   [  41% ] 049/100 VUs  11m58.9s/29m00.0s

running (11m59.9s), 049/100 VUs, 4737 complete and 0 interrupted iterations
default   [  41% ] 049/100 VUs  11m59.9s/29m00.0s
time="2025-11-20T18:46:23+01:00" level=info msg="VU 52: Attempting to get token for user: performance__user_52_browser" source=console
time="2025-11-20T18:46:24+01:00" level=info msg="VU 51: Authenticated as 'performance__user_51_browser' with role 'library_user'" source=console

running (12m01.0s), 050/100 VUs, 4745 complete and 0 interrupted iterations
default   [  41% ] 050/100 VUs  12m00.9s/29m00.0s

running (12m01.9s), 050/100 VUs, 4751 complete and 0 interrupted iterations
default   [  41% ] 050/100 VUs  12m01.9s/29m00.0s

running (12m02.9s), 050/100 VUs, 4759 complete and 0 interrupted iterations
default   [  42% ] 050/100 VUs  12m02.9s/29m00.0s

running (12m03.9s), 050/100 VUs, 4767 complete and 0 interrupted iterations
default   [  42% ] 050/100 VUs  12m03.9s/29m00.0s

running (12m05.0s), 050/100 VUs, 4774 complete and 0 interrupted iterations
default   [  42% ] 050/100 VUs  12m04.9s/29m00.0s
time="2025-11-20T18:46:28+01:00" level=info msg="VU 52: Authenticated as 'performance__user_52_browser' with role 'library_admin'" source=console

running (12m06.0s), 050/100 VUs, 4782 complete and 0 interrupted iterations
default   [  42% ] 050/100 VUs  12m05.9s/29m00.0s

running (12m06.9s), 050/100 VUs, 4789 complete and 0 interrupted iterations
default   [  42% ] 050/100 VUs  12m06.9s/29m00.0s

running (12m08.0s), 050/100 VUs, 4797 complete and 0 interrupted iterations
default   [  42% ] 050/100 VUs  12m07.9s/29m00.0s

running (12m09.0s), 050/100 VUs, 4805 complete and 0 interrupted iterations
default   [  42% ] 050/100 VUs  12m08.9s/29m00.0s

running (12m10.0s), 050/100 VUs, 4813 complete and 0 interrupted iterations
default   [  42% ] 050/100 VUs  12m09.9s/29m00.0s

running (12m11.0s), 050/100 VUs, 4821 complete and 0 interrupted iterations
default   [  42% ] 050/100 VUs  12m10.9s/29m00.0s

running (12m12.0s), 050/100 VUs, 4829 complete and 0 interrupted iterations
default   [  42% ] 050/100 VUs  12m11.9s/29m00.0s

running (12m12.9s), 050/100 VUs, 4836 complete and 0 interrupted iterations
default   [  42% ] 050/100 VUs  12m12.9s/29m00.0s

running (12m13.9s), 050/100 VUs, 4843 complete and 0 interrupted iterations
default   [  42% ] 050/100 VUs  12m13.9s/29m00.0s

running (12m14.9s), 050/100 VUs, 4851 complete and 0 interrupted iterations
default   [  42% ] 050/100 VUs  12m14.9s/29m00.0s

running (12m16.0s), 050/100 VUs, 4859 complete and 0 interrupted iterations
default   [  42% ] 050/100 VUs  12m15.9s/29m00.0s

running (12m17.0s), 050/100 VUs, 4867 complete and 0 interrupted iterations
default   [  42% ] 050/100 VUs  12m16.9s/29m00.0s

running (12m18.0s), 050/100 VUs, 4875 complete and 0 interrupted iterations
default   [  42% ] 050/100 VUs  12m17.9s/29m00.0s

running (12m19.0s), 050/100 VUs, 4883 complete and 0 interrupted iterations
default   [  42% ] 050/100 VUs  12m18.9s/29m00.0s

running (12m19.9s), 050/100 VUs, 4891 complete and 0 interrupted iterations
default   [  43% ] 050/100 VUs  12m19.9s/29m00.0s

running (12m20.9s), 050/100 VUs, 4898 complete and 0 interrupted iterations
default   [  43% ] 050/100 VUs  12m20.9s/29m00.0s

running (12m22.0s), 050/100 VUs, 4906 complete and 0 interrupted iterations
default   [  43% ] 050/100 VUs  12m21.9s/29m00.0s

running (12m23.0s), 050/100 VUs, 4913 complete and 0 interrupted iterations
default   [  43% ] 050/100 VUs  12m22.9s/29m00.0s

running (12m24.0s), 050/100 VUs, 4921 complete and 0 interrupted iterations
default   [  43% ] 050/100 VUs  12m23.9s/29m00.0s

running (12m25.0s), 050/100 VUs, 4929 complete and 0 interrupted iterations
default   [  43% ] 050/100 VUs  12m24.9s/29m00.0s

running (12m25.9s), 050/100 VUs, 4937 complete and 0 interrupted iterations
default   [  43% ] 050/100 VUs  12m25.9s/29m00.0s

running (12m27.0s), 050/100 VUs, 4945 complete and 0 interrupted iterations
default   [  43% ] 050/100 VUs  12m26.9s/29m00.0s

running (12m28.0s), 050/100 VUs, 4953 complete and 0 interrupted iterations
default   [  43% ] 050/100 VUs  12m27.9s/29m00.0s

running (12m29.0s), 050/100 VUs, 4961 complete and 0 interrupted iterations
default   [  43% ] 050/100 VUs  12m28.9s/29m00.0s

running (12m29.9s), 050/100 VUs, 4968 complete and 0 interrupted iterations
default   [  43% ] 050/100 VUs  12m29.9s/29m00.0s

running (12m30.9s), 050/100 VUs, 4976 complete and 0 interrupted iterations
default   [  43% ] 050/100 VUs  12m30.9s/29m00.0s

running (12m31.9s), 050/100 VUs, 4984 complete and 0 interrupted iterations
default   [  43% ] 050/100 VUs  12m31.9s/29m00.0s

running (12m32.9s), 050/100 VUs, 4992 complete and 0 interrupted iterations
default   [  43% ] 050/100 VUs  12m32.9s/29m00.0s

running (12m34.0s), 050/100 VUs, 5000 complete and 0 interrupted iterations
default   [  43% ] 050/100 VUs  12m33.9s/29m00.0s

running (12m34.9s), 050/100 VUs, 5007 complete and 0 interrupted iterations
default   [  43% ] 050/100 VUs  12m34.9s/29m00.0s

running (12m35.9s), 050/100 VUs, 5015 complete and 0 interrupted iterations
default   [  43% ] 050/100 VUs  12m35.9s/29m00.0s

running (12m36.9s), 050/100 VUs, 5023 complete and 0 interrupted iterations
default   [  44% ] 050/100 VUs  12m36.9s/29m00.0s

running (12m37.9s), 050/100 VUs, 5030 complete and 0 interrupted iterations
default   [  44% ] 050/100 VUs  12m37.9s/29m00.0s

running (12m38.9s), 050/100 VUs, 5038 complete and 0 interrupted iterations
default   [  44% ] 050/100 VUs  12m38.9s/29m00.0s

running (12m39.9s), 050/100 VUs, 5046 complete and 0 interrupted iterations
default   [  44% ] 050/100 VUs  12m39.9s/29m00.0s

running (12m40.9s), 050/100 VUs, 5054 complete and 0 interrupted iterations
default   [  44% ] 050/100 VUs  12m40.9s/29m00.0s

running (12m42.0s), 050/100 VUs, 5062 complete and 0 interrupted iterations
default   [  44% ] 050/100 VUs  12m41.9s/29m00.0s

running (12m43.0s), 050/100 VUs, 5069 complete and 0 interrupted iterations
default   [  44% ] 050/100 VUs  12m42.9s/29m00.0s

running (12m44.0s), 050/100 VUs, 5077 complete and 0 interrupted iterations
default   [  44% ] 050/100 VUs  12m43.9s/29m00.0s

running (12m45.0s), 050/100 VUs, 5085 complete and 0 interrupted iterations
default   [  44% ] 050/100 VUs  12m44.9s/29m00.0s

running (12m46.0s), 050/100 VUs, 5093 complete and 0 interrupted iterations
default   [  44% ] 050/100 VUs  12m45.9s/29m00.0s

running (12m47.0s), 050/100 VUs, 5101 complete and 0 interrupted iterations
default   [  44% ] 050/100 VUs  12m46.9s/29m00.0s

running (12m47.9s), 050/100 VUs, 5109 complete and 0 interrupted iterations
default   [  44% ] 050/100 VUs  12m47.9s/29m00.0s

running (12m49.0s), 050/100 VUs, 5117 complete and 0 interrupted iterations
default   [  44% ] 050/100 VUs  12m48.9s/29m00.0s

running (12m49.9s), 050/100 VUs, 5125 complete and 0 interrupted iterations
default   [  44% ] 050/100 VUs  12m49.9s/29m00.0s

running (12m50.9s), 050/100 VUs, 5132 complete and 0 interrupted iterations
default   [  44% ] 050/100 VUs  12m50.9s/29m00.0s

running (12m51.9s), 050/100 VUs, 5139 complete and 0 interrupted iterations
default   [  44% ] 050/100 VUs  12m51.9s/29m00.0s

running (12m52.9s), 050/100 VUs, 5147 complete and 0 interrupted iterations
default   [  44% ] 050/100 VUs  12m52.9s/29m00.0s

running (12m54.0s), 050/100 VUs, 5155 complete and 0 interrupted iterations
default   [  44% ] 050/100 VUs  12m53.9s/29m00.0s

running (12m55.0s), 050/100 VUs, 5163 complete and 0 interrupted iterations
default   [  45% ] 050/100 VUs  12m54.9s/29m00.0s

running (12m55.9s), 050/100 VUs, 5171 complete and 0 interrupted iterations
default   [  45% ] 050/100 VUs  12m55.9s/29m00.0s

running (12m56.9s), 050/100 VUs, 5179 complete and 0 interrupted iterations
default   [  45% ] 050/100 VUs  12m56.9s/29m00.0s

running (12m57.9s), 050/100 VUs, 5186 complete and 0 interrupted iterations
default   [  45% ] 050/100 VUs  12m57.9s/29m00.0s

running (12m58.9s), 050/100 VUs, 5194 complete and 0 interrupted iterations
default   [  45% ] 050/100 VUs  12m58.9s/29m00.0s

running (12m59.9s), 050/100 VUs, 5201 complete and 0 interrupted iterations
default   [  45% ] 050/100 VUs  12m59.9s/29m00.0s

running (13m00.9s), 050/100 VUs, 5209 complete and 0 interrupted iterations
default   [  45% ] 050/100 VUs  13m00.9s/29m00.0s

running (13m01.9s), 050/100 VUs, 5217 complete and 0 interrupted iterations
default   [  45% ] 050/100 VUs  13m01.9s/29m00.0s

running (13m02.9s), 050/100 VUs, 5225 complete and 0 interrupted iterations
default   [  45% ] 050/100 VUs  13m02.9s/29m00.0s

running (13m03.9s), 050/100 VUs, 5233 complete and 0 interrupted iterations
default   [  45% ] 050/100 VUs  13m03.9s/29m00.0s

running (13m05.0s), 050/100 VUs, 5241 complete and 0 interrupted iterations
default   [  45% ] 050/100 VUs  13m04.9s/29m00.0s

running (13m06.0s), 050/100 VUs, 5249 complete and 0 interrupted iterations
default   [  45% ] 050/100 VUs  13m05.9s/29m00.0s

running (13m07.0s), 050/100 VUs, 5257 complete and 0 interrupted iterations
default   [  45% ] 050/100 VUs  13m06.9s/29m00.0s

running (13m08.0s), 050/100 VUs, 5265 complete and 0 interrupted iterations
default   [  45% ] 050/100 VUs  13m07.9s/29m00.0s

running (13m08.9s), 050/100 VUs, 5273 complete and 0 interrupted iterations
default   [  45% ] 050/100 VUs  13m08.9s/29m00.0s

running (13m10.0s), 050/100 VUs, 5281 complete and 0 interrupted iterations
default   [  45% ] 050/100 VUs  13m09.9s/29m00.0s

running (13m10.9s), 050/100 VUs, 5289 complete and 0 interrupted iterations
default   [  45% ] 050/100 VUs  13m10.9s/29m00.0s

running (13m11.9s), 050/100 VUs, 5296 complete and 0 interrupted iterations
default   [  46% ] 050/100 VUs  13m11.9s/29m00.0s

running (13m12.9s), 050/100 VUs, 5303 complete and 0 interrupted iterations
default   [  46% ] 050/100 VUs  13m12.9s/29m00.0s

running (13m13.9s), 050/100 VUs, 5311 complete and 0 interrupted iterations
default   [  46% ] 050/100 VUs  13m13.9s/29m00.0s

running (13m15.0s), 050/100 VUs, 5319 complete and 0 interrupted iterations
default   [  46% ] 050/100 VUs  13m14.9s/29m00.0s

running (13m16.0s), 050/100 VUs, 5327 complete and 0 interrupted iterations
default   [  46% ] 050/100 VUs  13m15.9s/29m00.0s

running (13m17.0s), 050/100 VUs, 5333 complete and 0 interrupted iterations
default   [  46% ] 050/100 VUs  13m16.9s/29m00.0s

running (13m18.0s), 050/100 VUs, 5341 complete and 0 interrupted iterations
default   [  46% ] 050/100 VUs  13m17.9s/29m00.0s

running (13m18.9s), 050/100 VUs, 5349 complete and 0 interrupted iterations
default   [  46% ] 050/100 VUs  13m18.9s/29m00.0s

running (13m20.0s), 050/100 VUs, 5357 complete and 0 interrupted iterations
default   [  46% ] 050/100 VUs  13m19.9s/29m00.0s

running (13m20.9s), 050/100 VUs, 5365 complete and 0 interrupted iterations
default   [  46% ] 050/100 VUs  13m20.9s/29m00.0s

running (13m22.0s), 050/100 VUs, 5373 complete and 0 interrupted iterations
default   [  46% ] 050/100 VUs  13m21.9s/29m00.0s

running (13m22.9s), 050/100 VUs, 5381 complete and 0 interrupted iterations
default   [  46% ] 050/100 VUs  13m22.9s/29m00.0s

running (13m23.9s), 050/100 VUs, 5389 complete and 0 interrupted iterations
default   [  46% ] 050/100 VUs  13m23.9s/29m00.0s

running (13m25.0s), 050/100 VUs, 5397 complete and 0 interrupted iterations
default   [  46% ] 050/100 VUs  13m24.9s/29m00.0s

running (13m26.0s), 050/100 VUs, 5405 complete and 0 interrupted iterations
default   [  46% ] 050/100 VUs  13m25.9s/29m00.0s

running (13m26.9s), 050/100 VUs, 5413 complete and 0 interrupted iterations
default   [  46% ] 050/100 VUs  13m26.9s/29m00.0s

running (13m27.9s), 050/100 VUs, 5420 complete and 0 interrupted iterations
default   [  46% ] 050/100 VUs  13m27.9s/29m00.0s

running (13m28.9s), 050/100 VUs, 5428 complete and 0 interrupted iterations
default   [  46% ] 050/100 VUs  13m28.9s/29m00.0s

running (13m30.0s), 050/100 VUs, 5436 complete and 0 interrupted iterations
default   [  47% ] 050/100 VUs  13m29.9s/29m00.0s

running (13m31.0s), 050/100 VUs, 5444 complete and 0 interrupted iterations
default   [  47% ] 050/100 VUs  13m30.9s/29m00.0s

running (13m31.9s), 050/100 VUs, 5452 complete and 0 interrupted iterations
default   [  47% ] 050/100 VUs  13m31.9s/29m00.0s

running (13m32.9s), 050/100 VUs, 5458 complete and 0 interrupted iterations
default   [  47% ] 050/100 VUs  13m32.9s/29m00.0s

running (13m34.0s), 050/100 VUs, 5466 complete and 0 interrupted iterations
default   [  47% ] 050/100 VUs  13m33.9s/29m00.0s

running (13m35.0s), 050/100 VUs, 5474 complete and 0 interrupted iterations
default   [  47% ] 050/100 VUs  13m34.9s/29m00.0s

running (13m36.0s), 050/100 VUs, 5482 complete and 0 interrupted iterations
default   [  47% ] 050/100 VUs  13m35.9s/29m00.0s

running (13m36.9s), 050/100 VUs, 5490 complete and 0 interrupted iterations
default   [  47% ] 050/100 VUs  13m36.9s/29m00.0s

running (13m37.9s), 050/100 VUs, 5497 complete and 0 interrupted iterations
default   [  47% ] 050/100 VUs  13m37.9s/29m00.0s

running (13m38.9s), 050/100 VUs, 5505 complete and 0 interrupted iterations
default   [  47% ] 050/100 VUs  13m38.9s/29m00.0s

running (13m39.9s), 050/100 VUs, 5513 complete and 0 interrupted iterations
default   [  47% ] 050/100 VUs  13m39.9s/29m00.0s

running (13m40.9s), 050/100 VUs, 5521 complete and 0 interrupted iterations
default   [  47% ] 050/100 VUs  13m40.9s/29m00.0s

running (13m41.9s), 050/100 VUs, 5528 complete and 0 interrupted iterations
default   [  47% ] 050/100 VUs  13m41.9s/29m00.0s

running (13m43.0s), 050/100 VUs, 5536 complete and 0 interrupted iterations
default   [  47% ] 050/100 VUs  13m42.9s/29m00.0s

running (13m44.0s), 050/100 VUs, 5544 complete and 0 interrupted iterations
default   [  47% ] 050/100 VUs  13m43.9s/29m00.0s

running (13m44.9s), 050/100 VUs, 5552 complete and 0 interrupted iterations
default   [  47% ] 050/100 VUs  13m44.9s/29m00.0s

running (13m45.9s), 050/100 VUs, 5559 complete and 0 interrupted iterations
default   [  47% ] 050/100 VUs  13m45.9s/29m00.0s

running (13m46.9s), 050/100 VUs, 5567 complete and 0 interrupted iterations
default   [  48% ] 050/100 VUs  13m46.9s/29m00.0s

running (13m48.0s), 050/100 VUs, 5575 complete and 0 interrupted iterations
default   [  48% ] 050/100 VUs  13m47.9s/29m00.0s

running (13m48.9s), 050/100 VUs, 5582 complete and 0 interrupted iterations
default   [  48% ] 050/100 VUs  13m48.9s/29m00.0s

running (13m49.9s), 050/100 VUs, 5590 complete and 0 interrupted iterations
default   [  48% ] 050/100 VUs  13m49.9s/29m00.0s

running (13m50.9s), 050/100 VUs, 5596 complete and 0 interrupted iterations
default   [  48% ] 050/100 VUs  13m50.9s/29m00.0s

running (13m51.9s), 050/100 VUs, 5604 complete and 0 interrupted iterations
default   [  48% ] 050/100 VUs  13m51.9s/29m00.0s

running (13m53.0s), 050/100 VUs, 5612 complete and 0 interrupted iterations
default   [  48% ] 050/100 VUs  13m52.9s/29m00.0s

running (13m54.0s), 050/100 VUs, 5620 complete and 0 interrupted iterations
default   [  48% ] 050/100 VUs  13m53.9s/29m00.0s

running (13m54.9s), 050/100 VUs, 5628 complete and 0 interrupted iterations
default   [  48% ] 050/100 VUs  13m54.9s/29m00.0s

running (13m55.9s), 050/100 VUs, 5636 complete and 0 interrupted iterations
default   [  48% ] 050/100 VUs  13m55.9s/29m00.0s

running (13m57.0s), 050/100 VUs, 5644 complete and 0 interrupted iterations
default   [  48% ] 050/100 VUs  13m56.9s/29m00.0s

running (13m58.0s), 050/100 VUs, 5652 complete and 0 interrupted iterations
default   [  48% ] 050/100 VUs  13m57.9s/29m00.0s

running (13m59.0s), 050/100 VUs, 5659 complete and 0 interrupted iterations
default   [  48% ] 050/100 VUs  13m58.9s/29m00.0s

running (13m59.9s), 050/100 VUs, 5667 complete and 0 interrupted iterations
default   [  48% ] 050/100 VUs  13m59.9s/29m00.0s

running (14m00.9s), 050/100 VUs, 5675 complete and 0 interrupted iterations
default   [  48% ] 050/100 VUs  14m00.9s/29m00.0s

running (14m02.0s), 050/100 VUs, 5683 complete and 0 interrupted iterations
default   [  48% ] 050/100 VUs  14m01.9s/29m00.0s

running (14m02.9s), 050/100 VUs, 5691 complete and 0 interrupted iterations
default   [  48% ] 050/100 VUs  14m02.9s/29m00.0s

running (14m04.0s), 050/100 VUs, 5699 complete and 0 interrupted iterations
default   [  49% ] 050/100 VUs  14m03.9s/29m00.0s

running (14m05.0s), 050/100 VUs, 5707 complete and 0 interrupted iterations
default   [  49% ] 050/100 VUs  14m04.9s/29m00.0s

running (14m06.0s), 050/100 VUs, 5715 complete and 0 interrupted iterations
default   [  49% ] 050/100 VUs  14m05.9s/29m00.0s

running (14m06.9s), 050/100 VUs, 5723 complete and 0 interrupted iterations
default   [  49% ] 050/100 VUs  14m06.9s/29m00.0s

running (14m07.9s), 050/100 VUs, 5730 complete and 0 interrupted iterations
default   [  49% ] 050/100 VUs  14m07.9s/29m00.0s

running (14m09.0s), 050/100 VUs, 5738 complete and 0 interrupted iterations
default   [  49% ] 050/100 VUs  14m08.9s/29m00.0s

running (14m10.0s), 050/100 VUs, 5744 complete and 0 interrupted iterations
default   [  49% ] 050/100 VUs  14m09.9s/29m00.0s

running (14m11.0s), 050/100 VUs, 5752 complete and 0 interrupted iterations
default   [  49% ] 050/100 VUs  14m10.9s/29m00.0s

running (14m12.0s), 050/100 VUs, 5760 complete and 0 interrupted iterations
default   [  49% ] 050/100 VUs  14m11.9s/29m00.0s

running (14m12.9s), 050/100 VUs, 5768 complete and 0 interrupted iterations
default   [  49% ] 050/100 VUs  14m12.9s/29m00.0s

running (14m14.0s), 050/100 VUs, 5776 complete and 0 interrupted iterations
default   [  49% ] 050/100 VUs  14m13.9s/29m00.0s

running (14m14.9s), 050/100 VUs, 5784 complete and 0 interrupted iterations
default   [  49% ] 050/100 VUs  14m14.9s/29m00.0s

running (14m15.9s), 050/100 VUs, 5791 complete and 0 interrupted iterations
default   [  49% ] 050/100 VUs  14m15.9s/29m00.0s

running (14m16.9s), 050/100 VUs, 5799 complete and 0 interrupted iterations
default   [  49% ] 050/100 VUs  14m16.9s/29m00.0s

running (14m18.0s), 050/100 VUs, 5807 complete and 0 interrupted iterations
default   [  49% ] 050/100 VUs  14m17.9s/29m00.0s

running (14m18.9s), 050/100 VUs, 5815 complete and 0 interrupted iterations
default   [  49% ] 050/100 VUs  14m18.9s/29m00.0s

running (14m20.0s), 050/100 VUs, 5823 complete and 0 interrupted iterations
default   [  49% ] 050/100 VUs  14m19.9s/29m00.0s

running (14m20.9s), 050/100 VUs, 5831 complete and 0 interrupted iterations
default   [  49% ] 050/100 VUs  14m20.9s/29m00.0s

running (14m21.9s), 050/100 VUs, 5839 complete and 0 interrupted iterations
default   [  50% ] 050/100 VUs  14m21.9s/29m00.0s

running (14m23.0s), 050/100 VUs, 5847 complete and 0 interrupted iterations
default   [  50% ] 050/100 VUs  14m22.9s/29m00.0s

running (14m23.9s), 050/100 VUs, 5855 complete and 0 interrupted iterations
default   [  50% ] 050/100 VUs  14m23.9s/29m00.0s

running (14m24.9s), 050/100 VUs, 5863 complete and 0 interrupted iterations
default   [  50% ] 050/100 VUs  14m24.9s/29m00.0s

running (14m25.9s), 050/100 VUs, 5871 complete and 0 interrupted iterations
default   [  50% ] 050/100 VUs  14m25.9s/29m00.0s

running (14m27.0s), 050/100 VUs, 5879 complete and 0 interrupted iterations
default   [  50% ] 050/100 VUs  14m26.9s/29m00.0s

running (14m28.0s), 050/100 VUs, 5887 complete and 0 interrupted iterations
default   [  50% ] 050/100 VUs  14m27.9s/29m00.0s

running (14m28.9s), 050/100 VUs, 5895 complete and 0 interrupted iterations
default   [  50% ] 050/100 VUs  14m28.9s/29m00.0s

running (14m30.0s), 050/100 VUs, 5903 complete and 0 interrupted iterations
default   [  50% ] 050/100 VUs  14m29.9s/29m00.0s

running (14m30.9s), 050/100 VUs, 5909 complete and 0 interrupted iterations
default   [  50% ] 050/100 VUs  14m30.9s/29m00.0s

running (14m32.0s), 050/100 VUs, 5917 complete and 0 interrupted iterations
default   [  50% ] 050/100 VUs  14m31.9s/29m00.0s

running (14m33.0s), 050/100 VUs, 5924 complete and 0 interrupted iterations
default   [  50% ] 050/100 VUs  14m32.9s/29m00.0s

running (14m33.9s), 050/100 VUs, 5932 complete and 0 interrupted iterations
default   [  50% ] 050/100 VUs  14m33.9s/29m00.0s

running (14m35.0s), 050/100 VUs, 5940 complete and 0 interrupted iterations
default   [  50% ] 050/100 VUs  14m34.9s/29m00.0s

running (14m36.0s), 050/100 VUs, 5947 complete and 0 interrupted iterations
default   [  50% ] 050/100 VUs  14m35.9s/29m00.0s

running (14m36.9s), 050/100 VUs, 5955 complete and 0 interrupted iterations
default   [  50% ] 050/100 VUs  14m36.9s/29m00.0s

running (14m37.9s), 050/100 VUs, 5963 complete and 0 interrupted iterations
default   [  50% ] 050/100 VUs  14m37.9s/29m00.0s

running (14m38.9s), 050/100 VUs, 5971 complete and 0 interrupted iterations
default   [  51% ] 050/100 VUs  14m38.9s/29m00.0s

running (14m40.0s), 050/100 VUs, 5979 complete and 0 interrupted iterations
default   [  51% ] 050/100 VUs  14m39.9s/29m00.0s

running (14m41.0s), 050/100 VUs, 5987 complete and 0 interrupted iterations
default   [  51% ] 050/100 VUs  14m40.9s/29m00.0s

running (14m41.9s), 050/100 VUs, 5995 complete and 0 interrupted iterations
default   [  51% ] 050/100 VUs  14m41.9s/29m00.0s

running (14m43.0s), 050/100 VUs, 6003 complete and 0 interrupted iterations
default   [  51% ] 050/100 VUs  14m42.9s/29m00.0s

running (14m43.9s), 050/100 VUs, 6011 complete and 0 interrupted iterations
default   [  51% ] 050/100 VUs  14m43.9s/29m00.0s

running (14m44.9s), 050/100 VUs, 6019 complete and 0 interrupted iterations
default   [  51% ] 050/100 VUs  14m44.9s/29m00.0s

running (14m45.9s), 050/100 VUs, 6027 complete and 0 interrupted iterations
default   [  51% ] 050/100 VUs  14m45.9s/29m00.0s

running (14m47.0s), 050/100 VUs, 6035 complete and 0 interrupted iterations
default   [  51% ] 050/100 VUs  14m46.9s/29m00.0s

running (14m48.0s), 050/100 VUs, 6043 complete and 0 interrupted iterations
default   [  51% ] 050/100 VUs  14m47.9s/29m00.0s

running (14m49.0s), 050/100 VUs, 6051 complete and 0 interrupted iterations
default   [  51% ] 050/100 VUs  14m48.9s/29m00.0s

running (14m49.9s), 050/100 VUs, 6059 complete and 0 interrupted iterations
default   [  51% ] 050/100 VUs  14m49.9s/29m00.0s

running (14m50.9s), 050/100 VUs, 6066 complete and 0 interrupted iterations
default   [  51% ] 050/100 VUs  14m50.9s/29m00.0s

running (14m52.0s), 050/100 VUs, 6074 complete and 0 interrupted iterations
default   [  51% ] 050/100 VUs  14m51.9s/29m00.0s

running (14m52.9s), 050/100 VUs, 6080 complete and 0 interrupted iterations
default   [  51% ] 050/100 VUs  14m52.9s/29m00.0s

running (14m53.9s), 050/100 VUs, 6088 complete and 0 interrupted iterations
default   [  51% ] 050/100 VUs  14m53.9s/29m00.0s

running (14m55.0s), 050/100 VUs, 6096 complete and 0 interrupted iterations
default   [  51% ] 050/100 VUs  14m54.9s/29m00.0s

running (14m55.9s), 050/100 VUs, 6103 complete and 0 interrupted iterations
default   [  51% ] 050/100 VUs  14m55.9s/29m00.0s

running (14m56.9s), 050/100 VUs, 6111 complete and 0 interrupted iterations
default   [  52% ] 050/100 VUs  14m56.9s/29m00.0s

running (14m57.9s), 050/100 VUs, 6119 complete and 0 interrupted iterations
default   [  52% ] 050/100 VUs  14m57.9s/29m00.0s

running (14m59.0s), 050/100 VUs, 6127 complete and 0 interrupted iterations
default   [  52% ] 050/100 VUs  14m58.9s/29m00.0s

running (14m59.9s), 050/100 VUs, 6135 complete and 0 interrupted iterations
default   [  52% ] 050/100 VUs  14m59.9s/29m00.0s

running (15m01.0s), 050/100 VUs, 6143 complete and 0 interrupted iterations
default   [  52% ] 050/100 VUs  15m00.9s/29m00.0s

running (15m01.9s), 050/100 VUs, 6151 complete and 0 interrupted iterations
default   [  52% ] 050/100 VUs  15m01.9s/29m00.0s

running (15m02.9s), 050/100 VUs, 6159 complete and 0 interrupted iterations
default   [  52% ] 050/100 VUs  15m02.9s/29m00.0s

running (15m04.0s), 050/100 VUs, 6167 complete and 0 interrupted iterations
default   [  52% ] 050/100 VUs  15m03.9s/29m00.0s

running (15m04.9s), 050/100 VUs, 6174 complete and 0 interrupted iterations
default   [  52% ] 050/100 VUs  15m04.9s/29m00.0s

running (15m05.9s), 050/100 VUs, 6182 complete and 0 interrupted iterations
default   [  52% ] 050/100 VUs  15m05.9s/29m00.0s

running (15m07.0s), 050/100 VUs, 6190 complete and 0 interrupted iterations
default   [  52% ] 050/100 VUs  15m06.9s/29m00.0s

running (15m08.0s), 050/100 VUs, 6198 complete and 0 interrupted iterations
default   [  52% ] 050/100 VUs  15m07.9s/29m00.0s

running (15m09.0s), 050/100 VUs, 6206 complete and 0 interrupted iterations
default   [  52% ] 050/100 VUs  15m08.9s/29m00.0s

running (15m10.0s), 050/100 VUs, 6214 complete and 0 interrupted iterations
default   [  52% ] 050/100 VUs  15m09.9s/29m00.0s

running (15m11.0s), 050/100 VUs, 6222 complete and 0 interrupted iterations
default   [  52% ] 050/100 VUs  15m10.9s/29m00.0s

running (15m11.9s), 050/100 VUs, 6230 complete and 0 interrupted iterations
default   [  52% ] 050/100 VUs  15m11.9s/29m00.0s

running (15m12.9s), 050/100 VUs, 6238 complete and 0 interrupted iterations
default   [  52% ] 050/100 VUs  15m12.9s/29m00.0s

running (15m13.9s), 050/100 VUs, 6245 complete and 0 interrupted iterations
default   [  53% ] 050/100 VUs  15m13.9s/29m00.0s

running (15m14.9s), 050/100 VUs, 6252 complete and 0 interrupted iterations
default   [  53% ] 050/100 VUs  15m14.9s/29m00.0s

running (15m16.0s), 050/100 VUs, 6260 complete and 0 interrupted iterations
default   [  53% ] 050/100 VUs  15m15.9s/29m00.0s

running (15m16.9s), 050/100 VUs, 6268 complete and 0 interrupted iterations
default   [  53% ] 050/100 VUs  15m16.9s/29m00.0s

running (15m17.9s), 050/100 VUs, 6275 complete and 0 interrupted iterations
default   [  53% ] 050/100 VUs  15m17.9s/29m00.0s

running (15m18.9s), 050/100 VUs, 6283 complete and 0 interrupted iterations
default   [  53% ] 050/100 VUs  15m18.9s/29m00.0s

running (15m19.9s), 050/100 VUs, 6291 complete and 0 interrupted iterations
default   [  53% ] 050/100 VUs  15m19.9s/29m00.0s

running (15m21.0s), 050/100 VUs, 6299 complete and 0 interrupted iterations
default   [  53% ] 050/100 VUs  15m20.9s/29m00.0s

running (15m21.9s), 050/100 VUs, 6307 complete and 0 interrupted iterations
default   [  53% ] 050/100 VUs  15m21.9s/29m00.0s

running (15m22.9s), 050/100 VUs, 6315 complete and 0 interrupted iterations
default   [  53% ] 050/100 VUs  15m22.9s/29m00.0s

running (15m24.0s), 050/100 VUs, 6323 complete and 0 interrupted iterations
default   [  53% ] 050/100 VUs  15m23.9s/29m00.0s

running (15m24.9s), 050/100 VUs, 6330 complete and 0 interrupted iterations
default   [  53% ] 050/100 VUs  15m24.9s/29m00.0s

running (15m26.0s), 050/100 VUs, 6338 complete and 0 interrupted iterations
default   [  53% ] 050/100 VUs  15m25.9s/29m00.0s

running (15m27.0s), 050/100 VUs, 6346 complete and 0 interrupted iterations
default   [  53% ] 050/100 VUs  15m26.9s/29m00.0s

running (15m28.0s), 050/100 VUs, 6354 complete and 0 interrupted iterations
default   [  53% ] 050/100 VUs  15m27.9s/29m00.0s

running (15m28.9s), 050/100 VUs, 6362 complete and 0 interrupted iterations
default   [  53% ] 050/100 VUs  15m28.9s/29m00.0s

running (15m30.0s), 050/100 VUs, 6370 complete and 0 interrupted iterations
default   [  53% ] 050/100 VUs  15m29.9s/29m00.0s

running (15m30.9s), 050/100 VUs, 6378 complete and 0 interrupted iterations
default   [  54% ] 050/100 VUs  15m30.9s/29m00.0s

running (15m32.0s), 050/100 VUs, 6386 complete and 0 interrupted iterations
default   [  54% ] 050/100 VUs  15m31.9s/29m00.0s

running (15m32.9s), 050/100 VUs, 6394 complete and 0 interrupted iterations
default   [  54% ] 050/100 VUs  15m32.9s/29m00.0s

running (15m34.0s), 050/100 VUs, 6402 complete and 0 interrupted iterations
default   [  54% ] 050/100 VUs  15m33.9s/29m00.0s

running (15m34.9s), 050/100 VUs, 6410 complete and 0 interrupted iterations
default   [  54% ] 050/100 VUs  15m34.9s/29m00.0s

running (15m35.9s), 050/100 VUs, 6418 complete and 0 interrupted iterations
default   [  54% ] 050/100 VUs  15m35.9s/29m00.0s

running (15m37.0s), 050/100 VUs, 6424 complete and 0 interrupted iterations
default   [  54% ] 050/100 VUs  15m36.9s/29m00.0s

running (15m37.9s), 050/100 VUs, 6431 complete and 0 interrupted iterations
default   [  54% ] 050/100 VUs  15m37.9s/29m00.0s

running (15m39.0s), 050/100 VUs, 6439 complete and 0 interrupted iterations
default   [  54% ] 050/100 VUs  15m38.9s/29m00.0s

running (15m40.0s), 050/100 VUs, 6447 complete and 0 interrupted iterations
default   [  54% ] 050/100 VUs  15m39.9s/29m00.0s

running (15m40.9s), 050/100 VUs, 6455 complete and 0 interrupted iterations
default   [  54% ] 050/100 VUs  15m40.9s/29m00.0s

running (15m41.9s), 050/100 VUs, 6463 complete and 0 interrupted iterations
default   [  54% ] 050/100 VUs  15m41.9s/29m00.0s

running (15m42.9s), 050/100 VUs, 6471 complete and 0 interrupted iterations
default   [  54% ] 050/100 VUs  15m42.9s/29m00.0s

running (15m44.0s), 050/100 VUs, 6479 complete and 0 interrupted iterations
default   [  54% ] 050/100 VUs  15m43.9s/29m00.0s

running (15m45.0s), 050/100 VUs, 6487 complete and 0 interrupted iterations
default   [  54% ] 050/100 VUs  15m44.9s/29m00.0s

running (15m46.0s), 050/100 VUs, 6494 complete and 0 interrupted iterations
default   [  54% ] 050/100 VUs  15m45.9s/29m00.0s

running (15m46.9s), 050/100 VUs, 6502 complete and 0 interrupted iterations
default   [  54% ] 050/100 VUs  15m46.9s/29m00.0s

running (15m47.9s), 050/100 VUs, 6510 complete and 0 interrupted iterations
default   [  54% ] 050/100 VUs  15m47.9s/29m00.0s

running (15m49.0s), 050/100 VUs, 6518 complete and 0 interrupted iterations
default   [  55% ] 050/100 VUs  15m48.9s/29m00.0s

running (15m49.9s), 050/100 VUs, 6526 complete and 0 interrupted iterations
default   [  55% ] 050/100 VUs  15m49.9s/29m00.0s

running (15m50.9s), 050/100 VUs, 6534 complete and 0 interrupted iterations
default   [  55% ] 050/100 VUs  15m50.9s/29m00.0s

running (15m51.9s), 050/100 VUs, 6542 complete and 0 interrupted iterations
default   [  55% ] 050/100 VUs  15m51.9s/29m00.0s

running (15m52.9s), 050/100 VUs, 6550 complete and 0 interrupted iterations
default   [  55% ] 050/100 VUs  15m52.9s/29m00.0s

running (15m54.0s), 050/100 VUs, 6557 complete and 0 interrupted iterations
default   [  55% ] 050/100 VUs  15m53.9s/29m00.0s

running (15m54.9s), 050/100 VUs, 6565 complete and 0 interrupted iterations
default   [  55% ] 050/100 VUs  15m54.9s/29m00.0s

running (15m56.0s), 050/100 VUs, 6573 complete and 0 interrupted iterations
default   [  55% ] 050/100 VUs  15m55.9s/29m00.0s

running (15m56.9s), 050/100 VUs, 6581 complete and 0 interrupted iterations
default   [  55% ] 050/100 VUs  15m56.9s/29m00.0s

running (15m58.0s), 050/100 VUs, 6589 complete and 0 interrupted iterations
default   [  55% ] 050/100 VUs  15m57.9s/29m00.0s

running (15m59.0s), 050/100 VUs, 6596 complete and 0 interrupted iterations
default   [  55% ] 050/100 VUs  15m58.9s/29m00.0s

running (16m00.0s), 050/100 VUs, 6604 complete and 0 interrupted iterations
default   [  55% ] 050/100 VUs  15m59.9s/29m00.0s

running (16m00.9s), 050/100 VUs, 6612 complete and 0 interrupted iterations
default   [  55% ] 050/100 VUs  16m00.9s/29m00.0s

running (16m01.9s), 050/100 VUs, 6619 complete and 0 interrupted iterations
default   [  55% ] 050/100 VUs  16m01.9s/29m00.0s

running (16m02.9s), 050/100 VUs, 6627 complete and 0 interrupted iterations
default   [  55% ] 050/100 VUs  16m02.9s/29m00.0s

running (16m03.9s), 050/100 VUs, 6634 complete and 0 interrupted iterations
default   [  55% ] 050/100 VUs  16m03.9s/29m00.0s
time="2025-11-20T18:50:28+01:00" level=info msg="VU 41: Attempting to get token for user: performance__user_41_browser" source=console

running (16m05.0s), 051/100 VUs, 6642 complete and 0 interrupted iterations
default   [  55% ] 051/100 VUs  16m04.9s/29m00.0s

running (16m05.9s), 051/100 VUs, 6650 complete and 0 interrupted iterations
default   [  56% ] 051/100 VUs  16m05.9s/29m00.0s

running (16m06.9s), 051/100 VUs, 6658 complete and 0 interrupted iterations
default   [  56% ] 051/100 VUs  16m06.9s/29m00.0s

running (16m08.0s), 051/100 VUs, 6666 complete and 0 interrupted iterations
default   [  56% ] 051/100 VUs  16m07.9s/29m00.0s

running (16m09.0s), 051/100 VUs, 6674 complete and 0 interrupted iterations
default   [  56% ] 051/100 VUs  16m08.9s/29m00.0s
time="2025-11-20T18:50:33+01:00" level=info msg="VU 54: Attempting to get token for user: performance__user_54_browser" source=console

running (16m10.0s), 052/100 VUs, 6682 complete and 0 interrupted iterations
default   [  56% ] 052/100 VUs  16m09.9s/29m00.0s
time="2025-11-20T18:50:34+01:00" level=info msg="VU 41: Authenticated as 'performance__user_41_browser' with role 'library_author'" source=console

running (16m10.9s), 052/100 VUs, 6690 complete and 0 interrupted iterations
default   [  56% ] 052/100 VUs  16m10.9s/29m00.0s

running (16m11.9s), 052/100 VUs, 6696 complete and 0 interrupted iterations
default   [  56% ] 052/100 VUs  16m11.9s/29m00.0s

running (16m12.9s), 052/100 VUs, 6704 complete and 0 interrupted iterations
default   [  56% ] 052/100 VUs  16m12.9s/29m00.0s

running (16m14.0s), 052/100 VUs, 6712 complete and 0 interrupted iterations
default   [  56% ] 052/100 VUs  16m13.9s/29m00.0s
time="2025-11-20T18:50:37+01:00" level=info msg="VU 50: Attempting to get token for user: performance__user_50_browser" source=console

running (16m14.9s), 053/100 VUs, 6720 complete and 0 interrupted iterations
default   [  56% ] 053/100 VUs  16m14.9s/29m00.0s
time="2025-11-20T18:50:38+01:00" level=info msg="VU 54: Authenticated as 'performance__user_54_browser' with role 'library_user'" source=console

running (16m16.0s), 053/100 VUs, 6728 complete and 0 interrupted iterations
default   [  56% ] 053/100 VUs  16m15.9s/29m00.0s

running (16m16.9s), 053/100 VUs, 6735 complete and 0 interrupted iterations
default   [  56% ] 053/100 VUs  16m16.9s/29m00.0s

running (16m18.0s), 053/100 VUs, 6743 complete and 0 interrupted iterations
default   [  56% ] 053/100 VUs  16m17.9s/29m00.0s

running (16m19.0s), 053/100 VUs, 6751 complete and 0 interrupted iterations
default   [  56% ] 053/100 VUs  16m18.9s/29m00.0s
time="2025-11-20T18:50:42+01:00" level=info msg="VU 53: Attempting to get token for user: performance__user_53_browser" source=console

running (16m19.9s), 054/100 VUs, 6759 complete and 0 interrupted iterations
default   [  56% ] 054/100 VUs  16m19.9s/29m00.0s
time="2025-11-20T18:50:43+01:00" level=info msg="VU 50: Authenticated as 'performance__user_50_browser' with role 'library_author'" source=console

running (16m20.9s), 054/100 VUs, 6767 complete and 0 interrupted iterations
default   [  56% ] 054/100 VUs  16m20.9s/29m00.0s

running (16m21.9s), 054/100 VUs, 6772 complete and 0 interrupted iterations
default   [  56% ] 054/100 VUs  16m21.9s/29m00.0s

running (16m23.0s), 054/100 VUs, 6780 complete and 0 interrupted iterations
default   [  56% ] 054/100 VUs  16m22.9s/29m00.0s

running (16m24.0s), 054/100 VUs, 6788 complete and 0 interrupted iterations
default   [  57% ] 054/100 VUs  16m23.9s/29m00.0s
time="2025-11-20T18:50:47+01:00" level=info msg="VU 55: Attempting to get token for user: performance__user_55_browser" source=console

running (16m25.0s), 055/100 VUs, 6796 complete and 0 interrupted iterations
default   [  57% ] 055/100 VUs  16m24.9s/29m00.0s
time="2025-11-20T18:50:48+01:00" level=info msg="VU 53: Authenticated as 'performance__user_53_browser' with role 'library_author'" source=console

running (16m25.9s), 055/100 VUs, 6804 complete and 0 interrupted iterations
default   [  57% ] 055/100 VUs  16m25.9s/29m00.0s

running (16m26.9s), 055/100 VUs, 6811 complete and 0 interrupted iterations
default   [  57% ] 055/100 VUs  16m26.9s/29m00.0s

running (16m28.0s), 055/100 VUs, 6819 complete and 0 interrupted iterations
default   [  57% ] 055/100 VUs  16m27.9s/29m00.0s
time="2025-11-20T18:50:52+01:00" level=info msg="VU 56: Attempting to get token for user: performance__user_56_browser" source=console

running (16m29.0s), 056/100 VUs, 6826 complete and 0 interrupted iterations
default   [  57% ] 056/100 VUs  16m28.9s/29m00.0s

running (16m29.9s), 056/100 VUs, 6834 complete and 0 interrupted iterations
default   [  57% ] 056/100 VUs  16m29.9s/29m00.0s
time="2025-11-20T18:50:53+01:00" level=info msg="VU 55: Authenticated as 'performance__user_55_browser' with role 'library_admin'" source=console

running (16m31.0s), 056/100 VUs, 6841 complete and 0 interrupted iterations
default   [  57% ] 056/100 VUs  16m30.9s/29m00.0s

running (16m31.9s), 056/100 VUs, 6848 complete and 0 interrupted iterations
default   [  57% ] 056/100 VUs  16m31.9s/29m00.0s

running (16m32.9s), 056/100 VUs, 6856 complete and 0 interrupted iterations
default   [  57% ] 056/100 VUs  16m32.9s/29m00.0s
time="2025-11-20T18:50:57+01:00" level=info msg="VU 57: Attempting to get token for user: performance__user_57_browser" source=console

running (16m34.0s), 057/100 VUs, 6864 complete and 0 interrupted iterations
default   [  57% ] 057/100 VUs  16m33.9s/29m00.0s

running (16m35.0s), 057/100 VUs, 6872 complete and 0 interrupted iterations
default   [  57% ] 057/100 VUs  16m34.9s/29m00.0s
time="2025-11-20T18:50:58+01:00" level=info msg="VU 56: Authenticated as 'performance__user_56_browser' with role 'library_author'" source=console

running (16m35.9s), 057/100 VUs, 6880 complete and 0 interrupted iterations
default   [  57% ] 057/100 VUs  16m35.9s/29m00.0s

running (16m36.9s), 057/100 VUs, 6887 complete and 0 interrupted iterations
default   [  57% ] 057/100 VUs  16m36.9s/29m00.0s

running (16m38.0s), 057/100 VUs, 6895 complete and 0 interrupted iterations
default   [  57% ] 057/100 VUs  16m37.9s/29m00.0s
time="2025-11-20T18:51:01+01:00" level=info msg="VU 58: Attempting to get token for user: performance__user_58_browser" source=console

running (16m39.0s), 058/100 VUs, 6902 complete and 0 interrupted iterations
default   [  57% ] 058/100 VUs  16m38.9s/29m00.0s

running (16m39.9s), 058/100 VUs, 6910 complete and 0 interrupted iterations
default   [  57% ] 058/100 VUs  16m39.9s/29m00.0s
time="2025-11-20T18:51:03+01:00" level=info msg="VU 57: Authenticated as 'performance__user_57_browser' with role 'library_user'" source=console

running (16m40.9s), 058/100 VUs, 6918 complete and 0 interrupted iterations
default   [  58% ] 058/100 VUs  16m40.9s/29m00.0s

running (16m41.9s), 058/100 VUs, 6925 complete and 0 interrupted iterations
default   [  58% ] 058/100 VUs  16m41.9s/29m00.0s

running (16m42.9s), 058/100 VUs, 6933 complete and 0 interrupted iterations
default   [  58% ] 058/100 VUs  16m42.9s/29m00.0s
time="2025-11-20T18:51:06+01:00" level=info msg="VU 61: Attempting to get token for user: performance__user_61_browser" source=console

running (16m44.0s), 059/100 VUs, 6939 complete and 0 interrupted iterations
default   [  58% ] 059/100 VUs  16m43.9s/29m00.0s
time="2025-11-20T18:51:08+01:00" level=info msg="VU 58: Authenticated as 'performance__user_58_browser' with role 'library_admin'" source=console

running (16m44.9s), 059/100 VUs, 6947 complete and 0 interrupted iterations
default   [  58% ] 059/100 VUs  16m44.9s/29m00.0s

running (16m45.9s), 059/100 VUs, 6955 complete and 0 interrupted iterations
default   [  58% ] 059/100 VUs  16m45.9s/29m00.0s

running (16m46.9s), 059/100 VUs, 6963 complete and 0 interrupted iterations
default   [  58% ] 059/100 VUs  16m46.9s/29m00.0s

running (16m48.0s), 059/100 VUs, 6971 complete and 0 interrupted iterations
default   [  58% ] 059/100 VUs  16m47.9s/29m00.0s
time="2025-11-20T18:51:11+01:00" level=info msg="VU 60: Attempting to get token for user: performance__user_60_browser" source=console

running (16m49.0s), 060/100 VUs, 6979 complete and 0 interrupted iterations
default   [  58% ] 060/100 VUs  16m48.9s/29m00.0s
time="2025-11-20T18:51:13+01:00" level=info msg="VU 61: Authenticated as 'performance__user_61_browser' with role 'library_admin'" source=console

running (16m49.9s), 060/100 VUs, 6986 complete and 0 interrupted iterations
default   [  58% ] 060/100 VUs  16m49.9s/29m00.0s

running (16m50.9s), 060/100 VUs, 6993 complete and 0 interrupted iterations
default   [  58% ] 060/100 VUs  16m50.9s/29m00.0s

running (16m51.9s), 060/100 VUs, 7001 complete and 0 interrupted iterations
default   [  58% ] 060/100 VUs  16m51.9s/29m00.0s
time="2025-11-20T18:51:16+01:00" level=info msg="VU 63: Attempting to get token for user: performance__user_63_browser" source=console

running (16m53.0s), 061/100 VUs, 7009 complete and 0 interrupted iterations
default   [  58% ] 061/100 VUs  16m52.9s/29m00.0s

running (16m54.0s), 061/100 VUs, 7017 complete and 0 interrupted iterations
default   [  58% ] 061/100 VUs  16m53.9s/29m00.0s
time="2025-11-20T18:51:18+01:00" level=info msg="VU 60: Authenticated as 'performance__user_60_browser' with role 'library_user'" source=console

running (16m54.9s), 061/100 VUs, 7025 complete and 0 interrupted iterations
default   [  58% ] 061/100 VUs  16m54.9s/29m00.0s

running (16m55.9s), 061/100 VUs, 7031 complete and 0 interrupted iterations
default   [  58% ] 061/100 VUs  16m55.9s/29m00.0s

running (16m56.9s), 061/100 VUs, 7039 complete and 0 interrupted iterations
default   [  58% ] 061/100 VUs  16m56.9s/29m00.0s
time="2025-11-20T18:51:21+01:00" level=info msg="VU 68: Attempting to get token for user: performance__user_68_browser" source=console

running (16m57.9s), 062/100 VUs, 7047 complete and 0 interrupted iterations
default   [  59% ] 062/100 VUs  16m57.9s/29m00.0s

running (16m59.0s), 062/100 VUs, 7054 complete and 0 interrupted iterations
default   [  59% ] 062/100 VUs  16m58.9s/29m00.0s
time="2025-11-20T18:51:23+01:00" level=info msg="VU 63: Authenticated as 'performance__user_63_browser' with role 'library_user'" source=console

running (16m59.9s), 062/100 VUs, 7062 complete and 0 interrupted iterations
default   [  59% ] 062/100 VUs  16m59.9s/29m00.0s

running (17m01.0s), 062/100 VUs, 7069 complete and 0 interrupted iterations
default   [  59% ] 062/100 VUs  17m00.9s/29m00.0s

running (17m01.9s), 062/100 VUs, 7077 complete and 0 interrupted iterations
default   [  59% ] 062/100 VUs  17m01.9s/29m00.0s
time="2025-11-20T18:51:25+01:00" level=info msg="VU 65: Attempting to get token for user: performance__user_65_browser" source=console

running (17m03.0s), 063/100 VUs, 7084 complete and 0 interrupted iterations
default   [  59% ] 063/100 VUs  17m02.9s/29m00.0s

running (17m03.9s), 063/100 VUs, 7092 complete and 0 interrupted iterations
default   [  59% ] 063/100 VUs  17m03.9s/29m00.0s
time="2025-11-20T18:51:27+01:00" level=info msg="VU 68: Authenticated as 'performance__user_68_browser' with role 'library_author'" source=console

running (17m05.0s), 063/100 VUs, 7100 complete and 0 interrupted iterations
default   [  59% ] 063/100 VUs  17m04.9s/29m00.0s

running (17m05.9s), 063/100 VUs, 7107 complete and 0 interrupted iterations
default   [  59% ] 063/100 VUs  17m05.9s/29m00.0s

running (17m06.9s), 063/100 VUs, 7115 complete and 0 interrupted iterations
default   [  59% ] 063/100 VUs  17m06.9s/29m00.0s
time="2025-11-20T18:51:30+01:00" level=info msg="VU 62: Attempting to get token for user: performance__user_62_browser" source=console

running (17m07.9s), 064/100 VUs, 7123 complete and 0 interrupted iterations
default   [  59% ] 064/100 VUs  17m07.9s/29m00.0s

running (17m08.9s), 064/100 VUs, 7131 complete and 0 interrupted iterations
default   [  59% ] 064/100 VUs  17m08.9s/29m00.0s
time="2025-11-20T18:51:32+01:00" level=info msg="VU 65: Authenticated as 'performance__user_65_browser' with role 'library_author'" source=console

running (17m09.9s), 064/100 VUs, 7138 complete and 0 interrupted iterations
default   [  59% ] 064/100 VUs  17m09.9s/29m00.0s

running (17m10.9s), 064/100 VUs, 7145 complete and 0 interrupted iterations
default   [  59% ] 064/100 VUs  17m10.9s/29m00.0s

running (17m12.0s), 064/100 VUs, 7153 complete and 0 interrupted iterations
default   [  59% ] 064/100 VUs  17m11.9s/29m00.0s
time="2025-11-20T18:51:35+01:00" level=info msg="VU 69: Attempting to get token for user: performance__user_69_browser" source=console

running (17m12.9s), 065/100 VUs, 7160 complete and 0 interrupted iterations
default   [  59% ] 065/100 VUs  17m12.9s/29m00.0s

running (17m14.0s), 065/100 VUs, 7168 complete and 0 interrupted iterations
default   [  59% ] 065/100 VUs  17m13.9s/29m00.0s
time="2025-11-20T18:51:37+01:00" level=info msg="VU 62: Authenticated as 'performance__user_62_browser' with role 'library_author'" source=console

running (17m14.9s), 065/100 VUs, 7176 complete and 0 interrupted iterations
default   [  59% ] 065/100 VUs  17m14.9s/29m00.0s

running (17m15.9s), 065/100 VUs, 7182 complete and 0 interrupted iterations
default   [  60% ] 065/100 VUs  17m15.9s/29m00.0s
time="2025-11-20T18:51:40+01:00" level=info msg="VU 59: Attempting to get token for user: performance__user_59_browser" source=console

running (17m16.9s), 066/100 VUs, 7190 complete and 0 interrupted iterations
default   [  60% ] 066/100 VUs  17m16.9s/29m00.0s

running (17m17.9s), 066/100 VUs, 7198 complete and 0 interrupted iterations
default   [  60% ] 066/100 VUs  17m17.9s/29m00.0s

running (17m18.9s), 066/100 VUs, 7206 complete and 0 interrupted iterations
default   [  60% ] 066/100 VUs  17m18.9s/29m00.0s
time="2025-11-20T18:51:42+01:00" level=info msg="VU 69: Authenticated as 'performance__user_69_browser' with role 'library_user'" source=console

running (17m19.9s), 066/100 VUs, 7214 complete and 0 interrupted iterations
default   [  60% ] 066/100 VUs  17m19.9s/29m00.0s

running (17m20.9s), 066/100 VUs, 7221 complete and 0 interrupted iterations
default   [  60% ] 066/100 VUs  17m20.9s/29m00.0s
time="2025-11-20T18:51:45+01:00" level=info msg="VU 71: Attempting to get token for user: performance__user_71_browser" source=console

running (17m21.9s), 067/100 VUs, 7229 complete and 0 interrupted iterations
default   [  60% ] 067/100 VUs  17m21.9s/29m00.0s

running (17m22.9s), 067/100 VUs, 7237 complete and 0 interrupted iterations
default   [  60% ] 067/100 VUs  17m22.9s/29m00.0s

running (17m23.9s), 067/100 VUs, 7245 complete and 0 interrupted iterations
default   [  60% ] 067/100 VUs  17m23.9s/29m00.0s
time="2025-11-20T18:51:47+01:00" level=info msg="VU 59: Authenticated as 'performance__user_59_browser' with role 'library_author'" source=console

running (17m25.0s), 067/100 VUs, 7253 complete and 0 interrupted iterations
default   [  60% ] 067/100 VUs  17m24.9s/29m00.0s

running (17m26.0s), 067/100 VUs, 7259 complete and 0 interrupted iterations
default   [  60% ] 067/100 VUs  17m25.9s/29m00.0s
time="2025-11-20T18:51:49+01:00" level=info msg="VU 64: Attempting to get token for user: performance__user_64_browser" source=console

running (17m26.9s), 068/100 VUs, 7267 complete and 0 interrupted iterations
default   [  60% ] 068/100 VUs  17m26.9s/29m00.0s

running (17m27.9s), 068/100 VUs, 7275 complete and 0 interrupted iterations
default   [  60% ] 068/100 VUs  17m27.9s/29m00.0s

running (17m29.0s), 068/100 VUs, 7282 complete and 0 interrupted iterations
default   [  60% ] 068/100 VUs  17m28.9s/29m00.0s
time="2025-11-20T18:51:52+01:00" level=info msg="VU 71: Authenticated as 'performance__user_71_browser' with role 'library_author'" source=console

running (17m30.0s), 068/100 VUs, 7290 complete and 0 interrupted iterations
default   [  60% ] 068/100 VUs  17m29.9s/29m00.0s

running (17m31.0s), 068/100 VUs, 7298 complete and 0 interrupted iterations
default   [  60% ] 068/100 VUs  17m30.9s/29m00.0s
time="2025-11-20T18:51:54+01:00" level=info msg="VU 72: Attempting to get token for user: performance__user_72_browser" source=console

running (17m31.9s), 069/100 VUs, 7306 complete and 0 interrupted iterations
default   [  60% ] 069/100 VUs  17m31.9s/29m00.0s

running (17m32.9s), 069/100 VUs, 7312 complete and 0 interrupted iterations
default   [  61% ] 069/100 VUs  17m32.9s/29m00.0s

running (17m34.0s), 069/100 VUs, 7320 complete and 0 interrupted iterations
default   [  61% ] 069/100 VUs  17m33.9s/29m00.0s
time="2025-11-20T18:51:57+01:00" level=info msg="VU 64: Authenticated as 'performance__user_64_browser' with role 'library_admin'" source=console

running (17m35.0s), 069/100 VUs, 7328 complete and 0 interrupted iterations
default   [  61% ] 069/100 VUs  17m34.9s/29m00.0s

running (17m36.0s), 069/100 VUs, 7334 complete and 0 interrupted iterations
default   [  61% ] 069/100 VUs  17m35.9s/29m00.0s
time="2025-11-20T18:51:59+01:00" level=info msg="VU 76: Attempting to get token for user: performance__user_76_browser" source=console

running (17m37.0s), 070/100 VUs, 7342 complete and 0 interrupted iterations
default   [  61% ] 070/100 VUs  17m36.9s/29m00.0s

running (17m37.9s), 070/100 VUs, 7350 complete and 0 interrupted iterations
default   [  61% ] 070/100 VUs  17m37.9s/29m00.0s

running (17m38.9s), 070/100 VUs, 7358 complete and 0 interrupted iterations
default   [  61% ] 070/100 VUs  17m38.9s/29m00.0s
time="2025-11-20T18:52:02+01:00" level=info msg="VU 72: Authenticated as 'performance__user_72_browser' with role 'library_user'" source=console

running (17m39.9s), 070/100 VUs, 7366 complete and 0 interrupted iterations
default   [  61% ] 070/100 VUs  17m39.9s/29m00.0s
time="2025-11-20T18:52:04+01:00" level=info msg="VU 75: Attempting to get token for user: performance__user_75_browser" source=console

running (17m40.9s), 071/100 VUs, 7373 complete and 0 interrupted iterations
default   [  61% ] 071/100 VUs  17m40.9s/29m00.0s

running (17m42.0s), 071/100 VUs, 7381 complete and 0 interrupted iterations
default   [  61% ] 071/100 VUs  17m41.9s/29m00.0s

running (17m42.9s), 071/100 VUs, 7389 complete and 0 interrupted iterations
default   [  61% ] 071/100 VUs  17m42.9s/29m00.0s

running (17m43.9s), 071/100 VUs, 7397 complete and 0 interrupted iterations
default   [  61% ] 071/100 VUs  17m43.9s/29m00.0s
time="2025-11-20T18:52:07+01:00" level=info msg="VU 76: Authenticated as 'performance__user_76_browser' with role 'library_admin'" source=console

running (17m45.0s), 071/100 VUs, 7405 complete and 0 interrupted iterations
default   [  61% ] 071/100 VUs  17m44.9s/29m00.0s
time="2025-11-20T18:52:09+01:00" level=info msg="VU 79: Attempting to get token for user: performance__user_79_browser" source=console

running (17m45.9s), 072/100 VUs, 7410 complete and 0 interrupted iterations
default   [  61% ] 072/100 VUs  17m45.9s/29m00.0s

running (17m46.9s), 072/100 VUs, 7418 complete and 0 interrupted iterations
default   [  61% ] 072/100 VUs  17m46.9s/29m00.0s

running (17m48.0s), 072/100 VUs, 7425 complete and 0 interrupted iterations
default   [  61% ] 072/100 VUs  17m47.9s/29m00.0s
time="2025-11-20T18:52:12+01:00" level=info msg="VU 75: Authenticated as 'performance__user_75_browser' with role 'library_user'" source=console

running (17m49.0s), 072/100 VUs, 7433 complete and 0 interrupted iterations
default   [  61% ] 072/100 VUs  17m48.9s/29m00.0s

running (17m50.0s), 072/100 VUs, 7441 complete and 0 interrupted iterations
default   [  61% ] 072/100 VUs  17m49.9s/29m00.0s
time="2025-11-20T18:52:13+01:00" level=info msg="VU 66: Attempting to get token for user: performance__user_66_browser" source=console

running (17m50.9s), 073/100 VUs, 7449 complete and 0 interrupted iterations
default   [  62% ] 073/100 VUs  17m50.9s/29m00.0s

running (17m52.0s), 073/100 VUs, 7456 complete and 0 interrupted iterations
default   [  62% ] 073/100 VUs  17m51.9s/29m00.0s

running (17m52.9s), 073/100 VUs, 7464 complete and 0 interrupted iterations
default   [  62% ] 073/100 VUs  17m52.9s/29m00.0s
time="2025-11-20T18:52:17+01:00" level=info msg="VU 79: Authenticated as 'performance__user_79_browser' with role 'library_admin'" source=console

running (17m53.9s), 073/100 VUs, 7471 complete and 0 interrupted iterations
default   [  62% ] 073/100 VUs  17m53.9s/29m00.0s

running (17m54.9s), 073/100 VUs, 7479 complete and 0 interrupted iterations
default   [  62% ] 073/100 VUs  17m54.9s/29m00.0s
time="2025-11-20T18:52:18+01:00" level=info msg="VU 81: Attempting to get token for user: performance__user_81_browser" source=console

running (17m55.9s), 074/100 VUs, 7487 complete and 0 interrupted iterations
default   [  62% ] 074/100 VUs  17m55.9s/29m00.0s

running (17m57.0s), 074/100 VUs, 7495 complete and 0 interrupted iterations
default   [  62% ] 074/100 VUs  17m56.9s/29m00.0s

running (17m58.0s), 074/100 VUs, 7502 complete and 0 interrupted iterations
default   [  62% ] 074/100 VUs  17m57.9s/29m00.0s
time="2025-11-20T18:52:22+01:00" level=info msg="VU 66: Authenticated as 'performance__user_66_browser' with role 'library_user'" source=console

running (17m59.0s), 074/100 VUs, 7510 complete and 0 interrupted iterations
default   [  62% ] 074/100 VUs  17m58.9s/29m00.0s

running (18m00.0s), 074/100 VUs, 7517 complete and 0 interrupted iterations
default   [  62% ] 074/100 VUs  17m59.9s/29m00.0s
time="2025-11-20T18:52:23+01:00" level=info msg="VU 70: Attempting to get token for user: performance__user_70_browser" source=console

running (18m00.9s), 075/100 VUs, 7525 complete and 0 interrupted iterations
default   [  62% ] 075/100 VUs  18m00.9s/29m00.0s

running (18m02.0s), 075/100 VUs, 7533 complete and 0 interrupted iterations
default   [  62% ] 075/100 VUs  18m01.9s/29m00.0s

running (18m02.9s), 075/100 VUs, 7541 complete and 0 interrupted iterations
default   [  62% ] 075/100 VUs  18m02.9s/29m00.0s
time="2025-11-20T18:52:27+01:00" level=info msg="VU 81: Authenticated as 'performance__user_81_browser' with role 'library_user'" source=console

running (18m04.0s), 075/100 VUs, 7548 complete and 0 interrupted iterations
default   [  62% ] 075/100 VUs  18m03.9s/29m00.0s

running (18m05.0s), 075/100 VUs, 7554 complete and 0 interrupted iterations
default   [  62% ] 075/100 VUs  18m04.9s/29m00.0s

running (18m05.9s), 075/100 VUs, 7562 complete and 0 interrupted iterations
default   [  62% ] 075/100 VUs  18m05.9s/29m00.0s

running (18m06.9s), 075/100 VUs, 7570 complete and 0 interrupted iterations
default   [  62% ] 075/100 VUs  18m06.9s/29m00.0s

running (18m08.0s), 075/100 VUs, 7578 complete and 0 interrupted iterations
default   [  63% ] 075/100 VUs  18m07.9s/29m00.0s
time="2025-11-20T18:52:31+01:00" level=info msg="VU 70: Authenticated as 'performance__user_70_browser' with role 'library_admin'" source=console

running (18m08.9s), 075/100 VUs, 7586 complete and 0 interrupted iterations
default   [  63% ] 075/100 VUs  18m08.9s/29m00.0s

running (18m10.0s), 075/100 VUs, 7592 complete and 0 interrupted iterations
default   [  63% ] 075/100 VUs  18m09.9s/29m00.0s

running (18m11.0s), 075/100 VUs, 7600 complete and 0 interrupted iterations
default   [  63% ] 075/100 VUs  18m10.9s/29m00.0s

running (18m12.0s), 075/100 VUs, 7608 complete and 0 interrupted iterations
default   [  63% ] 075/100 VUs  18m11.9s/29m00.0s

running (18m12.9s), 075/100 VUs, 7616 complete and 0 interrupted iterations
default   [  63% ] 075/100 VUs  18m12.9s/29m00.0s

running (18m14.0s), 075/100 VUs, 7624 complete and 0 interrupted iterations
default   [  63% ] 075/100 VUs  18m13.9s/29m00.0s

running (18m14.9s), 075/100 VUs, 7632 complete and 0 interrupted iterations
default   [  63% ] 075/100 VUs  18m14.9s/29m00.0s

running (18m15.9s), 075/100 VUs, 7639 complete and 0 interrupted iterations
default   [  63% ] 075/100 VUs  18m15.9s/29m00.0s

running (18m17.0s), 075/100 VUs, 7647 complete and 0 interrupted iterations
default   [  63% ] 075/100 VUs  18m16.9s/29m00.0s

running (18m17.9s), 075/100 VUs, 7655 complete and 0 interrupted iterations
default   [  63% ] 075/100 VUs  18m17.9s/29m00.0s

running (18m19.0s), 075/100 VUs, 7663 complete and 0 interrupted iterations
default   [  63% ] 075/100 VUs  18m18.9s/29m00.0s

running (18m19.9s), 075/100 VUs, 7671 complete and 0 interrupted iterations
default   [  63% ] 075/100 VUs  18m19.9s/29m00.0s

running (18m20.9s), 075/100 VUs, 7679 complete and 0 interrupted iterations
default   [  63% ] 075/100 VUs  18m20.9s/29m00.0s

running (18m21.9s), 075/100 VUs, 7687 complete and 0 interrupted iterations
default   [  63% ] 075/100 VUs  18m21.9s/29m00.0s

running (18m23.0s), 075/100 VUs, 7695 complete and 0 interrupted iterations
default   [  63% ] 075/100 VUs  18m22.9s/29m00.0s

running (18m23.9s), 075/100 VUs, 7703 complete and 0 interrupted iterations
default   [  63% ] 075/100 VUs  18m23.9s/29m00.0s

running (18m25.0s), 075/100 VUs, 7710 complete and 0 interrupted iterations
default   [  64% ] 075/100 VUs  18m24.9s/29m00.0s

running (18m26.0s), 075/100 VUs, 7718 complete and 0 interrupted iterations
default   [  64% ] 075/100 VUs  18m25.9s/29m00.0s

running (18m26.9s), 075/100 VUs, 7726 complete and 0 interrupted iterations
default   [  64% ] 075/100 VUs  18m26.9s/29m00.0s

running (18m27.9s), 075/100 VUs, 7733 complete and 0 interrupted iterations
default   [  64% ] 075/100 VUs  18m27.9s/29m00.0s

running (18m28.9s), 075/100 VUs, 7741 complete and 0 interrupted iterations
default   [  64% ] 075/100 VUs  18m28.9s/29m00.0s

running (18m29.9s), 075/100 VUs, 7749 complete and 0 interrupted iterations
default   [  64% ] 075/100 VUs  18m29.9s/29m00.0s

running (18m30.9s), 075/100 VUs, 7756 complete and 0 interrupted iterations
default   [  64% ] 075/100 VUs  18m30.9s/29m00.0s

running (18m31.9s), 075/100 VUs, 7764 complete and 0 interrupted iterations
default   [  64% ] 075/100 VUs  18m31.9s/29m00.0s

running (18m33.0s), 075/100 VUs, 7772 complete and 0 interrupted iterations
default   [  64% ] 075/100 VUs  18m32.9s/29m00.0s

running (18m33.9s), 075/100 VUs, 7780 complete and 0 interrupted iterations
default   [  64% ] 075/100 VUs  18m33.9s/29m00.0s

running (18m35.0s), 075/100 VUs, 7788 complete and 0 interrupted iterations
default   [  64% ] 075/100 VUs  18m34.9s/29m00.0s

running (18m36.0s), 075/100 VUs, 7796 complete and 0 interrupted iterations
default   [  64% ] 075/100 VUs  18m35.9s/29m00.0s

running (18m36.9s), 075/100 VUs, 7803 complete and 0 interrupted iterations
default   [  64% ] 075/100 VUs  18m36.9s/29m00.0s

running (18m37.9s), 075/100 VUs, 7811 complete and 0 interrupted iterations
default   [  64% ] 075/100 VUs  18m37.9s/29m00.0s

running (18m38.9s), 075/100 VUs, 7819 complete and 0 interrupted iterations
default   [  64% ] 075/100 VUs  18m38.9s/29m00.0s

running (18m39.9s), 075/100 VUs, 7826 complete and 0 interrupted iterations
default   [  64% ] 075/100 VUs  18m39.9s/29m00.0s

running (18m40.9s), 075/100 VUs, 7833 complete and 0 interrupted iterations
default   [  64% ] 075/100 VUs  18m40.9s/29m00.0s

running (18m41.9s), 075/100 VUs, 7841 complete and 0 interrupted iterations
default   [  64% ] 075/100 VUs  18m41.9s/29m00.0s

running (18m43.0s), 075/100 VUs, 7849 complete and 0 interrupted iterations
default   [  65% ] 075/100 VUs  18m42.9s/29m00.0s

running (18m43.9s), 075/100 VUs, 7857 complete and 0 interrupted iterations
default   [  65% ] 075/100 VUs  18m43.9s/29m00.0s

running (18m44.9s), 075/100 VUs, 7865 complete and 0 interrupted iterations
default   [  65% ] 075/100 VUs  18m44.9s/29m00.0s

running (18m45.9s), 075/100 VUs, 7873 complete and 0 interrupted iterations
default   [  65% ] 075/100 VUs  18m45.9s/29m00.0s

running (18m46.9s), 075/100 VUs, 7881 complete and 0 interrupted iterations
default   [  65% ] 075/100 VUs  18m46.9s/29m00.0s

running (18m48.0s), 075/100 VUs, 7888 complete and 0 interrupted iterations
default   [  65% ] 075/100 VUs  18m47.9s/29m00.0s

running (18m48.9s), 075/100 VUs, 7895 complete and 0 interrupted iterations
default   [  65% ] 075/100 VUs  18m48.9s/29m00.0s

running (18m49.9s), 075/100 VUs, 7903 complete and 0 interrupted iterations
default   [  65% ] 075/100 VUs  18m49.9s/29m00.0s

running (18m51.0s), 075/100 VUs, 7910 complete and 0 interrupted iterations
default   [  65% ] 075/100 VUs  18m50.9s/29m00.0s

running (18m51.9s), 075/100 VUs, 7918 complete and 0 interrupted iterations
default   [  65% ] 075/100 VUs  18m51.9s/29m00.0s

running (18m52.9s), 075/100 VUs, 7926 complete and 0 interrupted iterations
default   [  65% ] 075/100 VUs  18m52.9s/29m00.0s

running (18m53.9s), 075/100 VUs, 7934 complete and 0 interrupted iterations
default   [  65% ] 075/100 VUs  18m53.9s/29m00.0s

running (18m55.0s), 075/100 VUs, 7941 complete and 0 interrupted iterations
default   [  65% ] 075/100 VUs  18m54.9s/29m00.0s

running (18m55.9s), 075/100 VUs, 7949 complete and 0 interrupted iterations
default   [  65% ] 075/100 VUs  18m55.9s/29m00.0s

running (18m57.0s), 075/100 VUs, 7957 complete and 0 interrupted iterations
default   [  65% ] 075/100 VUs  18m56.9s/29m00.0s

running (18m58.0s), 075/100 VUs, 7965 complete and 0 interrupted iterations
default   [  65% ] 075/100 VUs  18m57.9s/29m00.0s

running (18m59.0s), 075/100 VUs, 7973 complete and 0 interrupted iterations
default   [  65% ] 075/100 VUs  18m58.9s/29m00.0s

running (18m59.9s), 075/100 VUs, 7981 complete and 0 interrupted iterations
default   [  66% ] 075/100 VUs  18m59.9s/29m00.0s

running (19m01.0s), 075/100 VUs, 7989 complete and 0 interrupted iterations
default   [  66% ] 075/100 VUs  19m00.9s/29m00.0s

running (19m01.9s), 075/100 VUs, 7996 complete and 0 interrupted iterations
default   [  66% ] 075/100 VUs  19m01.9s/29m00.0s

running (19m03.0s), 075/100 VUs, 8004 complete and 0 interrupted iterations
default   [  66% ] 075/100 VUs  19m02.9s/29m00.0s

running (19m04.0s), 075/100 VUs, 8012 complete and 0 interrupted iterations
default   [  66% ] 075/100 VUs  19m03.9s/29m00.0s

running (19m05.0s), 075/100 VUs, 8019 complete and 0 interrupted iterations
default   [  66% ] 075/100 VUs  19m04.9s/29m00.0s

running (19m06.0s), 075/100 VUs, 8027 complete and 0 interrupted iterations
default   [  66% ] 075/100 VUs  19m05.9s/29m00.0s

running (19m06.9s), 075/100 VUs, 8035 complete and 0 interrupted iterations
default   [  66% ] 075/100 VUs  19m06.9s/29m00.0s

running (19m07.9s), 075/100 VUs, 8042 complete and 0 interrupted iterations
default   [  66% ] 075/100 VUs  19m07.9s/29m00.0s

running (19m08.9s), 075/100 VUs, 8050 complete and 0 interrupted iterations
default   [  66% ] 075/100 VUs  19m08.9s/29m00.0s

running (19m09.9s), 075/100 VUs, 8058 complete and 0 interrupted iterations
default   [  66% ] 075/100 VUs  19m09.9s/29m00.0s

running (19m10.9s), 075/100 VUs, 8066 complete and 0 interrupted iterations
default   [  66% ] 075/100 VUs  19m10.9s/29m00.0s

running (19m11.9s), 075/100 VUs, 8074 complete and 0 interrupted iterations
default   [  66% ] 075/100 VUs  19m11.9s/29m00.0s

running (19m12.9s), 075/100 VUs, 8082 complete and 0 interrupted iterations
default   [  66% ] 075/100 VUs  19m12.9s/29m00.0s

running (19m13.9s), 075/100 VUs, 8090 complete and 0 interrupted iterations
default   [  66% ] 075/100 VUs  19m13.9s/29m00.0s

running (19m14.9s), 075/100 VUs, 8097 complete and 0 interrupted iterations
default   [  66% ] 075/100 VUs  19m14.9s/29m00.0s

running (19m16.0s), 075/100 VUs, 8105 complete and 0 interrupted iterations
default   [  66% ] 075/100 VUs  19m15.9s/29m00.0s

running (19m17.0s), 075/100 VUs, 8113 complete and 0 interrupted iterations
default   [  66% ] 075/100 VUs  19m16.9s/29m00.0s

running (19m18.0s), 075/100 VUs, 8121 complete and 0 interrupted iterations
default   [  67% ] 075/100 VUs  19m17.9s/29m00.0s

running (19m19.0s), 075/100 VUs, 8129 complete and 0 interrupted iterations
default   [  67% ] 075/100 VUs  19m18.9s/29m00.0s

running (19m20.0s), 075/100 VUs, 8137 complete and 0 interrupted iterations
default   [  67% ] 075/100 VUs  19m19.9s/29m00.0s

running (19m21.0s), 075/100 VUs, 8145 complete and 0 interrupted iterations
default   [  67% ] 075/100 VUs  19m20.9s/29m00.0s

running (19m22.0s), 075/100 VUs, 8153 complete and 0 interrupted iterations
default   [  67% ] 075/100 VUs  19m21.9s/29m00.0s

running (19m22.9s), 075/100 VUs, 8161 complete and 0 interrupted iterations
default   [  67% ] 075/100 VUs  19m22.9s/29m00.0s

running (19m23.9s), 075/100 VUs, 8169 complete and 0 interrupted iterations
default   [  67% ] 075/100 VUs  19m23.9s/29m00.0s

running (19m24.9s), 075/100 VUs, 8176 complete and 0 interrupted iterations
default   [  67% ] 075/100 VUs  19m24.9s/29m00.0s

running (19m26.0s), 075/100 VUs, 8184 complete and 0 interrupted iterations
default   [  67% ] 075/100 VUs  19m25.9s/29m00.0s

running (19m27.0s), 075/100 VUs, 8192 complete and 0 interrupted iterations
default   [  67% ] 075/100 VUs  19m26.9s/29m00.0s

running (19m27.9s), 075/100 VUs, 8200 complete and 0 interrupted iterations
default   [  67% ] 075/100 VUs  19m27.9s/29m00.0s

running (19m28.9s), 075/100 VUs, 8206 complete and 0 interrupted iterations
default   [  67% ] 075/100 VUs  19m28.9s/29m00.0s

running (19m29.9s), 075/100 VUs, 8214 complete and 0 interrupted iterations
default   [  67% ] 075/100 VUs  19m29.9s/29m00.0s

running (19m30.9s), 075/100 VUs, 8221 complete and 0 interrupted iterations
default   [  67% ] 075/100 VUs  19m30.9s/29m00.0s

running (19m31.9s), 075/100 VUs, 8229 complete and 0 interrupted iterations
default   [  67% ] 075/100 VUs  19m31.9s/29m00.0s

running (19m33.0s), 075/100 VUs, 8237 complete and 0 interrupted iterations
default   [  67% ] 075/100 VUs  19m32.9s/29m00.0s

running (19m33.9s), 075/100 VUs, 8245 complete and 0 interrupted iterations
default   [  67% ] 075/100 VUs  19m33.9s/29m00.0s

running (19m34.9s), 075/100 VUs, 8253 complete and 0 interrupted iterations
default   [  68% ] 075/100 VUs  19m34.9s/29m00.0s

running (19m35.9s), 075/100 VUs, 8261 complete and 0 interrupted iterations
default   [  68% ] 075/100 VUs  19m35.9s/29m00.0s

running (19m36.9s), 075/100 VUs, 8269 complete and 0 interrupted iterations
default   [  68% ] 075/100 VUs  19m36.9s/29m00.0s

running (19m38.0s), 075/100 VUs, 8277 complete and 0 interrupted iterations
default   [  68% ] 075/100 VUs  19m37.9s/29m00.0s

running (19m38.9s), 075/100 VUs, 8285 complete and 0 interrupted iterations
default   [  68% ] 075/100 VUs  19m38.9s/29m00.0s

running (19m40.0s), 075/100 VUs, 8292 complete and 0 interrupted iterations
default   [  68% ] 075/100 VUs  19m39.9s/29m00.0s

running (19m40.9s), 075/100 VUs, 8300 complete and 0 interrupted iterations
default   [  68% ] 075/100 VUs  19m40.9s/29m00.0s

running (19m42.0s), 075/100 VUs, 8308 complete and 0 interrupted iterations
default   [  68% ] 075/100 VUs  19m41.9s/29m00.0s

running (19m42.9s), 075/100 VUs, 8316 complete and 0 interrupted iterations
default   [  68% ] 075/100 VUs  19m42.9s/29m00.0s

running (19m43.9s), 075/100 VUs, 8324 complete and 0 interrupted iterations
default   [  68% ] 075/100 VUs  19m43.9s/29m00.0s

running (19m44.9s), 075/100 VUs, 8332 complete and 0 interrupted iterations
default   [  68% ] 075/100 VUs  19m44.9s/29m00.0s

running (19m45.9s), 075/100 VUs, 8340 complete and 0 interrupted iterations
default   [  68% ] 075/100 VUs  19m45.9s/29m00.0s

running (19m46.9s), 075/100 VUs, 8348 complete and 0 interrupted iterations
default   [  68% ] 075/100 VUs  19m46.9s/29m00.0s

running (19m47.9s), 075/100 VUs, 8355 complete and 0 interrupted iterations
default   [  68% ] 075/100 VUs  19m47.9s/29m00.0s

running (19m48.9s), 075/100 VUs, 8363 complete and 0 interrupted iterations
default   [  68% ] 075/100 VUs  19m48.9s/29m00.0s

running (19m49.9s), 075/100 VUs, 8372 complete and 0 interrupted iterations
default   [  68% ] 075/100 VUs  19m49.9s/29m00.0s

running (19m50.9s), 075/100 VUs, 8379 complete and 0 interrupted iterations
default   [  68% ] 075/100 VUs  19m50.9s/29m00.0s

running (19m51.9s), 075/100 VUs, 8387 complete and 0 interrupted iterations
default   [  69% ] 075/100 VUs  19m51.9s/29m00.0s

running (19m53.0s), 075/100 VUs, 8394 complete and 0 interrupted iterations
default   [  69% ] 075/100 VUs  19m52.9s/29m00.0s

running (19m54.0s), 075/100 VUs, 8401 complete and 0 interrupted iterations
default   [  69% ] 075/100 VUs  19m53.9s/29m00.0s

running (19m54.9s), 075/100 VUs, 8409 complete and 0 interrupted iterations
default   [  69% ] 075/100 VUs  19m54.9s/29m00.0s

running (19m55.9s), 075/100 VUs, 8417 complete and 0 interrupted iterations
default   [  69% ] 075/100 VUs  19m55.9s/29m00.0s

running (19m56.9s), 075/100 VUs, 8425 complete and 0 interrupted iterations
default   [  69% ] 075/100 VUs  19m56.9s/29m00.0s

running (19m57.9s), 075/100 VUs, 8433 complete and 0 interrupted iterations
default   [  69% ] 075/100 VUs  19m57.9s/29m00.0s

running (19m58.9s), 075/100 VUs, 8441 complete and 0 interrupted iterations
default   [  69% ] 075/100 VUs  19m58.9s/29m00.0s

running (20m00.0s), 075/100 VUs, 8449 complete and 0 interrupted iterations
default   [  69% ] 075/100 VUs  19m59.9s/29m00.0s

running (20m00.9s), 075/100 VUs, 8457 complete and 0 interrupted iterations
default   [  69% ] 075/100 VUs  20m00.9s/29m00.0s

running (20m01.9s), 075/100 VUs, 8464 complete and 0 interrupted iterations
default   [  69% ] 075/100 VUs  20m01.9s/29m00.0s

running (20m02.9s), 075/100 VUs, 8472 complete and 0 interrupted iterations
default   [  69% ] 075/100 VUs  20m02.9s/29m00.0s

running (20m03.9s), 075/100 VUs, 8480 complete and 0 interrupted iterations
default   [  69% ] 075/100 VUs  20m03.9s/29m00.0s

running (20m04.9s), 075/100 VUs, 8488 complete and 0 interrupted iterations
default   [  69% ] 075/100 VUs  20m04.9s/29m00.0s

running (20m05.9s), 075/100 VUs, 8496 complete and 0 interrupted iterations
default   [  69% ] 075/100 VUs  20m05.9s/29m00.0s

running (20m07.0s), 075/100 VUs, 8504 complete and 0 interrupted iterations
default   [  69% ] 075/100 VUs  20m06.9s/29m00.0s

running (20m07.9s), 075/100 VUs, 8512 complete and 0 interrupted iterations
default   [  69% ] 075/100 VUs  20m07.9s/29m00.0s

running (20m09.0s), 075/100 VUs, 8520 complete and 0 interrupted iterations
default   [  69% ] 075/100 VUs  20m08.9s/29m00.0s

running (20m10.0s), 075/100 VUs, 8528 complete and 0 interrupted iterations
default   [  70% ] 075/100 VUs  20m09.9s/29m00.0s

running (20m10.9s), 075/100 VUs, 8535 complete and 0 interrupted iterations
default   [  70% ] 075/100 VUs  20m10.9s/29m00.0s

running (20m11.9s), 075/100 VUs, 8542 complete and 0 interrupted iterations
default   [  70% ] 075/100 VUs  20m11.9s/29m00.0s

running (20m12.9s), 075/100 VUs, 8549 complete and 0 interrupted iterations
default   [  70% ] 075/100 VUs  20m12.9s/29m00.0s

running (20m13.9s), 075/100 VUs, 8556 complete and 0 interrupted iterations
default   [  70% ] 075/100 VUs  20m13.9s/29m00.0s

running (20m15.0s), 075/100 VUs, 8564 complete and 0 interrupted iterations
default   [  70% ] 075/100 VUs  20m14.9s/29m00.0s

running (20m15.9s), 075/100 VUs, 8572 complete and 0 interrupted iterations
default   [  70% ] 075/100 VUs  20m15.9s/29m00.0s

running (20m16.9s), 075/100 VUs, 8580 complete and 0 interrupted iterations
default   [  70% ] 075/100 VUs  20m16.9s/29m00.0s

running (20m17.9s), 075/100 VUs, 8588 complete and 0 interrupted iterations
default   [  70% ] 075/100 VUs  20m17.9s/29m00.0s

running (20m19.0s), 075/100 VUs, 8596 complete and 0 interrupted iterations
default   [  70% ] 075/100 VUs  20m18.9s/29m00.0s

running (20m20.0s), 075/100 VUs, 8603 complete and 0 interrupted iterations
default   [  70% ] 075/100 VUs  20m19.9s/29m00.0s

running (20m20.9s), 075/100 VUs, 8610 complete and 0 interrupted iterations
default   [  70% ] 075/100 VUs  20m20.9s/29m00.0s

running (20m21.9s), 075/100 VUs, 8616 complete and 0 interrupted iterations
default   [  70% ] 075/100 VUs  20m21.9s/29m00.0s

running (20m23.0s), 075/100 VUs, 8624 complete and 0 interrupted iterations
default   [  70% ] 075/100 VUs  20m22.9s/29m00.0s

running (20m23.9s), 075/100 VUs, 8631 complete and 0 interrupted iterations
default   [  70% ] 075/100 VUs  20m23.9s/29m00.0s

running (20m25.0s), 075/100 VUs, 8638 complete and 0 interrupted iterations
default   [  70% ] 075/100 VUs  20m24.9s/29m00.0s

running (20m25.9s), 075/100 VUs, 8646 complete and 0 interrupted iterations
default   [  70% ] 075/100 VUs  20m25.9s/29m00.0s

running (20m26.9s), 075/100 VUs, 8654 complete and 0 interrupted iterations
default   [  71% ] 075/100 VUs  20m26.9s/29m00.0s

running (20m27.9s), 075/100 VUs, 8662 complete and 0 interrupted iterations
default   [  71% ] 075/100 VUs  20m27.9s/29m00.0s

running (20m28.9s), 075/100 VUs, 8670 complete and 0 interrupted iterations
default   [  71% ] 075/100 VUs  20m28.9s/29m00.0s

running (20m30.0s), 075/100 VUs, 8678 complete and 0 interrupted iterations
default   [  71% ] 075/100 VUs  20m29.9s/29m00.0s

running (20m31.0s), 075/100 VUs, 8685 complete and 0 interrupted iterations
default   [  71% ] 075/100 VUs  20m30.9s/29m00.0s

running (20m31.9s), 075/100 VUs, 8693 complete and 0 interrupted iterations
default   [  71% ] 075/100 VUs  20m31.9s/29m00.0s

running (20m32.9s), 075/100 VUs, 8701 complete and 0 interrupted iterations
default   [  71% ] 075/100 VUs  20m32.9s/29m00.0s

running (20m34.0s), 075/100 VUs, 8709 complete and 0 interrupted iterations
default   [  71% ] 075/100 VUs  20m33.9s/29m00.0s

running (20m34.9s), 075/100 VUs, 8717 complete and 0 interrupted iterations
default   [  71% ] 075/100 VUs  20m34.9s/29m00.0s

running (20m36.0s), 075/100 VUs, 8725 complete and 0 interrupted iterations
default   [  71% ] 075/100 VUs  20m35.9s/29m00.0s

running (20m37.0s), 075/100 VUs, 8732 complete and 0 interrupted iterations
default   [  71% ] 075/100 VUs  20m36.9s/29m00.0s

running (20m38.0s), 075/100 VUs, 8740 complete and 0 interrupted iterations
default   [  71% ] 075/100 VUs  20m37.9s/29m00.0s

running (20m39.0s), 075/100 VUs, 8748 complete and 0 interrupted iterations
default   [  71% ] 075/100 VUs  20m38.9s/29m00.0s

running (20m39.9s), 075/100 VUs, 8756 complete and 0 interrupted iterations
default   [  71% ] 075/100 VUs  20m39.9s/29m00.0s

running (20m41.0s), 075/100 VUs, 8764 complete and 0 interrupted iterations
default   [  71% ] 075/100 VUs  20m40.9s/29m00.0s

running (20m41.9s), 075/100 VUs, 8772 complete and 0 interrupted iterations
default   [  71% ] 075/100 VUs  20m41.9s/29m00.0s

running (20m42.9s), 075/100 VUs, 8780 complete and 0 interrupted iterations
default   [  71% ] 075/100 VUs  20m42.9s/29m00.0s

running (20m44.0s), 075/100 VUs, 8787 complete and 0 interrupted iterations
default   [  71% ] 075/100 VUs  20m43.9s/29m00.0s

running (20m44.9s), 075/100 VUs, 8795 complete and 0 interrupted iterations
default   [  72% ] 075/100 VUs  20m44.9s/29m00.0s

running (20m46.0s), 075/100 VUs, 8802 complete and 0 interrupted iterations
default   [  72% ] 075/100 VUs  20m45.9s/29m00.0s

running (20m46.9s), 075/100 VUs, 8810 complete and 0 interrupted iterations
default   [  72% ] 075/100 VUs  20m46.9s/29m00.0s

running (20m47.9s), 075/100 VUs, 8818 complete and 0 interrupted iterations
default   [  72% ] 075/100 VUs  20m47.9s/29m00.0s

running (20m49.0s), 075/100 VUs, 8826 complete and 0 interrupted iterations
default   [  72% ] 075/100 VUs  20m48.9s/29m00.0s

running (20m50.0s), 075/100 VUs, 8834 complete and 0 interrupted iterations
default   [  72% ] 075/100 VUs  20m49.9s/29m00.0s

running (20m51.0s), 075/100 VUs, 8842 complete and 0 interrupted iterations
default   [  72% ] 075/100 VUs  20m50.9s/29m00.0s

running (20m52.0s), 075/100 VUs, 8850 complete and 0 interrupted iterations
default   [  72% ] 075/100 VUs  20m51.9s/29m00.0s

running (20m52.9s), 075/100 VUs, 8858 complete and 0 interrupted iterations
default   [  72% ] 075/100 VUs  20m52.9s/29m00.0s

running (20m54.0s), 075/100 VUs, 8866 complete and 0 interrupted iterations
default   [  72% ] 075/100 VUs  20m53.9s/29m00.0s

running (20m54.9s), 075/100 VUs, 8874 complete and 0 interrupted iterations
default   [  72% ] 075/100 VUs  20m54.9s/29m00.0s

running (20m55.9s), 075/100 VUs, 8882 complete and 0 interrupted iterations
default   [  72% ] 075/100 VUs  20m55.9s/29m00.0s

running (20m56.9s), 075/100 VUs, 8889 complete and 0 interrupted iterations
default   [  72% ] 075/100 VUs  20m56.9s/29m00.0s

running (20m58.0s), 075/100 VUs, 8897 complete and 0 interrupted iterations
default   [  72% ] 075/100 VUs  20m57.9s/29m00.0s

running (20m59.0s), 075/100 VUs, 8905 complete and 0 interrupted iterations
default   [  72% ] 075/100 VUs  20m58.9s/29m00.0s

running (21m00.0s), 075/100 VUs, 8912 complete and 0 interrupted iterations
default   [  72% ] 075/100 VUs  20m59.9s/29m00.0s

running (21m00.9s), 075/100 VUs, 8920 complete and 0 interrupted iterations
default   [  72% ] 075/100 VUs  21m00.9s/29m00.0s

running (21m01.9s), 075/100 VUs, 8928 complete and 0 interrupted iterations
default   [  73% ] 075/100 VUs  21m01.9s/29m00.0s

running (21m02.9s), 075/100 VUs, 8936 complete and 0 interrupted iterations
default   [  73% ] 075/100 VUs  21m02.9s/29m00.0s

running (21m04.0s), 075/100 VUs, 8944 complete and 0 interrupted iterations
default   [  73% ] 075/100 VUs  21m03.9s/29m00.0s
time="2025-11-20T18:55:28+01:00" level=info msg="VU 74: Attempting to get token for user: performance__user_74_browser" source=console

running (21m04.9s), 076/100 VUs, 8952 complete and 0 interrupted iterations
default   [  73% ] 076/100 VUs  21m04.9s/29m00.0s

running (21m06.0s), 076/100 VUs, 8960 complete and 0 interrupted iterations
default   [  73% ] 076/100 VUs  21m05.9s/29m00.0s

running (21m06.9s), 076/100 VUs, 8968 complete and 0 interrupted iterations
default   [  73% ] 076/100 VUs  21m06.9s/29m00.0s

running (21m08.0s), 076/100 VUs, 8974 complete and 0 interrupted iterations
default   [  73% ] 076/100 VUs  21m07.9s/29m00.0s

running (21m08.9s), 076/100 VUs, 8982 complete and 0 interrupted iterations
default   [  73% ] 076/100 VUs  21m08.9s/29m00.0s
time="2025-11-20T18:55:33+01:00" level=info msg="VU 77: Attempting to get token for user: performance__user_77_browser" source=console

running (21m10.0s), 077/100 VUs, 8990 complete and 0 interrupted iterations
default   [  73% ] 077/100 VUs  21m09.9s/29m00.0s

running (21m11.0s), 077/100 VUs, 8998 complete and 0 interrupted iterations
default   [  73% ] 077/100 VUs  21m10.9s/29m00.0s

running (21m11.9s), 077/100 VUs, 9006 complete and 0 interrupted iterations
default   [  73% ] 077/100 VUs  21m11.9s/29m00.0s

running (21m12.9s), 077/100 VUs, 9014 complete and 0 interrupted iterations
default   [  73% ] 077/100 VUs  21m12.9s/29m00.0s
time="2025-11-20T18:55:36+01:00" level=info msg="VU 74: Authenticated as 'performance__user_74_browser' with role 'library_author'" source=console

running (21m13.9s), 077/100 VUs, 9022 complete and 0 interrupted iterations
default   [  73% ] 077/100 VUs  21m13.9s/29m00.0s
time="2025-11-20T18:55:37+01:00" level=info msg="VU 80: Attempting to get token for user: performance__user_80_browser" source=console

running (21m14.9s), 078/100 VUs, 9029 complete and 0 interrupted iterations
default   [  73% ] 078/100 VUs  21m14.9s/29m00.0s

running (21m16.0s), 078/100 VUs, 9037 complete and 0 interrupted iterations
default   [  73% ] 078/100 VUs  21m15.9s/29m00.0s

running (21m17.0s), 078/100 VUs, 9045 complete and 0 interrupted iterations
default   [  73% ] 078/100 VUs  21m16.9s/29m00.0s

running (21m17.9s), 078/100 VUs, 9052 complete and 0 interrupted iterations
default   [  73% ] 078/100 VUs  21m17.9s/29m00.0s
time="2025-11-20T18:55:41+01:00" level=info msg="VU 77: Authenticated as 'performance__user_77_browser' with role 'library_author'" source=console

running (21m18.9s), 078/100 VUs, 9060 complete and 0 interrupted iterations
default   [  74% ] 078/100 VUs  21m18.9s/29m00.0s
time="2025-11-20T18:55:42+01:00" level=info msg="VU 82: Attempting to get token for user: performance__user_82_browser" source=console

running (21m19.9s), 079/100 VUs, 9067 complete and 0 interrupted iterations
default   [  74% ] 079/100 VUs  21m19.9s/29m00.0s

running (21m20.9s), 079/100 VUs, 9075 complete and 0 interrupted iterations
default   [  74% ] 079/100 VUs  21m20.9s/29m00.0s

running (21m21.9s), 079/100 VUs, 9083 complete and 0 interrupted iterations
default   [  74% ] 079/100 VUs  21m21.9s/29m00.0s

running (21m23.0s), 079/100 VUs, 9091 complete and 0 interrupted iterations
default   [  74% ] 079/100 VUs  21m22.9s/29m00.0s
time="2025-11-20T18:55:46+01:00" level=info msg="VU 80: Authenticated as 'performance__user_80_browser' with role 'library_author'" source=console

running (21m24.0s), 079/100 VUs, 9098 complete and 0 interrupted iterations
default   [  74% ] 079/100 VUs  21m23.9s/29m00.0s
time="2025-11-20T18:55:47+01:00" level=info msg="VU 84: Attempting to get token for user: performance__user_84_browser" source=console

running (21m24.9s), 080/100 VUs, 9105 complete and 0 interrupted iterations
default   [  74% ] 080/100 VUs  21m24.9s/29m00.0s

running (21m26.0s), 080/100 VUs, 9113 complete and 0 interrupted iterations
default   [  74% ] 080/100 VUs  21m25.9s/29m00.0s

running (21m27.0s), 080/100 VUs, 9121 complete and 0 interrupted iterations
default   [  74% ] 080/100 VUs  21m26.9s/29m00.0s

running (21m28.0s), 080/100 VUs, 9129 complete and 0 interrupted iterations
default   [  74% ] 080/100 VUs  21m27.9s/29m00.0s
time="2025-11-20T18:55:51+01:00" level=info msg="VU 82: Authenticated as 'performance__user_82_browser' with role 'library_admin'" source=console
time="2025-11-20T18:55:52+01:00" level=info msg="VU 85: Attempting to get token for user: performance__user_85_browser" source=console

running (21m28.9s), 081/100 VUs, 9137 complete and 0 interrupted iterations
default   [  74% ] 081/100 VUs  21m28.9s/29m00.0s

running (21m29.9s), 081/100 VUs, 9144 complete and 0 interrupted iterations
default   [  74% ] 081/100 VUs  21m29.9s/29m00.0s

running (21m30.9s), 081/100 VUs, 9152 complete and 0 interrupted iterations
default   [  74% ] 081/100 VUs  21m30.9s/29m00.0s

running (21m32.0s), 081/100 VUs, 9159 complete and 0 interrupted iterations
default   [  74% ] 081/100 VUs  21m31.9s/29m00.0s

running (21m33.0s), 081/100 VUs, 9167 complete and 0 interrupted iterations
default   [  74% ] 081/100 VUs  21m32.9s/29m00.0s
time="2025-11-20T18:55:56+01:00" level=info msg="VU 84: Authenticated as 'performance__user_84_browser' with role 'library_user'" source=console
time="2025-11-20T18:55:57+01:00" level=info msg="VU 86: Attempting to get token for user: performance__user_86_browser" source=console

running (21m33.9s), 082/100 VUs, 9175 complete and 0 interrupted iterations
default   [  74% ] 082/100 VUs  21m33.9s/29m00.0s

running (21m34.9s), 082/100 VUs, 9182 complete and 0 interrupted iterations
default   [  74% ] 082/100 VUs  21m34.9s/29m00.0s

running (21m35.9s), 082/100 VUs, 9190 complete and 0 interrupted iterations
default   [  74% ] 082/100 VUs  21m35.9s/29m00.0s

running (21m37.0s), 082/100 VUs, 9198 complete and 0 interrupted iterations
default   [  75% ] 082/100 VUs  21m36.9s/29m00.0s

running (21m38.0s), 082/100 VUs, 9205 complete and 0 interrupted iterations
default   [  75% ] 082/100 VUs  21m37.9s/29m00.0s
time="2025-11-20T18:56:01+01:00" level=info msg="VU 85: Authenticated as 'performance__user_85_browser' with role 'library_admin'" source=console
time="2025-11-20T18:56:01+01:00" level=info msg="VU 87: Attempting to get token for user: performance__user_87_browser" source=console

running (21m38.9s), 083/100 VUs, 9213 complete and 0 interrupted iterations
default   [  75% ] 083/100 VUs  21m38.9s/29m00.0s

running (21m40.0s), 083/100 VUs, 9219 complete and 0 interrupted iterations
default   [  75% ] 083/100 VUs  21m39.9s/29m00.0s

running (21m41.0s), 083/100 VUs, 9227 complete and 0 interrupted iterations
default   [  75% ] 083/100 VUs  21m40.9s/29m00.0s

running (21m41.9s), 083/100 VUs, 9235 complete and 0 interrupted iterations
default   [  75% ] 083/100 VUs  21m41.9s/29m00.0s

running (21m43.0s), 083/100 VUs, 9243 complete and 0 interrupted iterations
default   [  75% ] 083/100 VUs  21m42.9s/29m00.0s
time="2025-11-20T18:56:06+01:00" level=info msg="VU 86: Authenticated as 'performance__user_86_browser' with role 'library_author'" source=console
time="2025-11-20T18:56:06+01:00" level=info msg="VU 88: Attempting to get token for user: performance__user_88_browser" source=console

running (21m43.9s), 084/100 VUs, 9251 complete and 0 interrupted iterations
default   [  75% ] 084/100 VUs  21m43.9s/29m00.0s

running (21m45.0s), 084/100 VUs, 9258 complete and 0 interrupted iterations
default   [  75% ] 084/100 VUs  21m44.9s/29m00.0s

running (21m46.0s), 084/100 VUs, 9266 complete and 0 interrupted iterations
default   [  75% ] 084/100 VUs  21m45.9s/29m00.0s

running (21m47.0s), 084/100 VUs, 9274 complete and 0 interrupted iterations
default   [  75% ] 084/100 VUs  21m46.9s/29m00.0s

running (21m47.9s), 084/100 VUs, 9282 complete and 0 interrupted iterations
default   [  75% ] 084/100 VUs  21m47.9s/29m00.0s
time="2025-11-20T18:56:11+01:00" level=info msg="VU 87: Authenticated as 'performance__user_87_browser' with role 'library_user'" source=console
time="2025-11-20T18:56:11+01:00" level=info msg="VU 83: Attempting to get token for user: performance__user_83_browser" source=console

running (21m49.0s), 085/100 VUs, 9289 complete and 0 interrupted iterations
default   [  75% ] 085/100 VUs  21m48.9s/29m00.0s

running (21m49.9s), 085/100 VUs, 9295 complete and 0 interrupted iterations
default   [  75% ] 085/100 VUs  21m49.9s/29m00.0s

running (21m50.9s), 085/100 VUs, 9303 complete and 0 interrupted iterations
default   [  75% ] 085/100 VUs  21m50.9s/29m00.0s

running (21m52.0s), 085/100 VUs, 9311 complete and 0 interrupted iterations
default   [  75% ] 085/100 VUs  21m51.9s/29m00.0s
time="2025-11-20T18:56:16+01:00" level=info msg="VU 90: Attempting to get token for user: performance__user_90_browser" source=console
time="2025-11-20T18:56:16+01:00" level=info msg="VU 88: Authenticated as 'performance__user_88_browser' with role 'library_admin'" source=console

running (21m52.9s), 086/100 VUs, 9319 complete and 0 interrupted iterations
default   [  75% ] 086/100 VUs  21m52.9s/29m00.0s

running (21m53.9s), 086/100 VUs, 9327 complete and 0 interrupted iterations
default   [  76% ] 086/100 VUs  21m53.9s/29m00.0s

running (21m54.9s), 086/100 VUs, 9335 complete and 0 interrupted iterations
default   [  76% ] 086/100 VUs  21m54.9s/29m00.0s

running (21m56.0s), 086/100 VUs, 9342 complete and 0 interrupted iterations
default   [  76% ] 086/100 VUs  21m55.9s/29m00.0s

running (21m56.9s), 086/100 VUs, 9350 complete and 0 interrupted iterations
default   [  76% ] 086/100 VUs  21m56.9s/29m00.0s
time="2025-11-20T18:56:21+01:00" level=info msg="VU 89: Attempting to get token for user: performance__user_89_browser" source=console
time="2025-11-20T18:56:21+01:00" level=info msg="VU 83: Authenticated as 'performance__user_83_browser' with role 'library_author'" source=console

running (21m57.9s), 087/100 VUs, 9358 complete and 0 interrupted iterations
default   [  76% ] 087/100 VUs  21m57.9s/29m00.0s

running (21m58.9s), 087/100 VUs, 9365 complete and 0 interrupted iterations
default   [  76% ] 087/100 VUs  21m58.9s/29m00.0s

running (21m59.9s), 087/100 VUs, 9373 complete and 0 interrupted iterations
default   [  76% ] 087/100 VUs  21m59.9s/29m00.0s

running (22m00.9s), 087/100 VUs, 9381 complete and 0 interrupted iterations
default   [  76% ] 087/100 VUs  22m00.9s/29m00.0s

running (22m02.0s), 087/100 VUs, 9389 complete and 0 interrupted iterations
default   [  76% ] 087/100 VUs  22m01.9s/29m00.0s
time="2025-11-20T18:56:25+01:00" level=info msg="VU 78: Attempting to get token for user: performance__user_78_browser" source=console
time="2025-11-20T18:56:26+01:00" level=info msg="VU 90: Authenticated as 'performance__user_90_browser' with role 'library_user'" source=console

running (22m02.9s), 088/100 VUs, 9397 complete and 0 interrupted iterations
default   [  76% ] 088/100 VUs  22m02.9s/29m00.0s

running (22m03.9s), 088/100 VUs, 9403 complete and 0 interrupted iterations
default   [  76% ] 088/100 VUs  22m03.9s/29m00.0s

running (22m04.9s), 088/100 VUs, 9411 complete and 0 interrupted iterations
default   [  76% ] 088/100 VUs  22m04.9s/29m00.0s

running (22m05.9s), 088/100 VUs, 9418 complete and 0 interrupted iterations
default   [  76% ] 088/100 VUs  22m05.9s/29m00.0s

running (22m06.9s), 088/100 VUs, 9426 complete and 0 interrupted iterations
default   [  76% ] 088/100 VUs  22m06.9s/29m00.0s
time="2025-11-20T18:56:30+01:00" level=info msg="VU 91: Attempting to get token for user: performance__user_91_browser" source=console
time="2025-11-20T18:56:31+01:00" level=info msg="VU 89: Authenticated as 'performance__user_89_browser' with role 'library_author'" source=console

running (22m07.9s), 089/100 VUs, 9434 complete and 0 interrupted iterations
default   [  76% ] 089/100 VUs  22m07.9s/29m00.0s

running (22m08.9s), 089/100 VUs, 9441 complete and 0 interrupted iterations
default   [  76% ] 089/100 VUs  22m08.9s/29m00.0s

running (22m09.9s), 089/100 VUs, 9449 complete and 0 interrupted iterations
default   [  76% ] 089/100 VUs  22m09.9s/29m00.0s

running (22m11.0s), 089/100 VUs, 9457 complete and 0 interrupted iterations
default   [  76% ] 089/100 VUs  22m10.9s/29m00.0s

running (22m11.9s), 089/100 VUs, 9464 complete and 0 interrupted iterations
default   [  77% ] 089/100 VUs  22m11.9s/29m00.0s
time="2025-11-20T18:56:35+01:00" level=info msg="VU 73: Attempting to get token for user: performance__user_73_browser" source=console
time="2025-11-20T18:56:36+01:00" level=info msg="VU 78: Authenticated as 'performance__user_78_browser' with role 'library_user'" source=console

running (22m13.0s), 090/100 VUs, 9472 complete and 0 interrupted iterations
default   [  77% ] 090/100 VUs  22m12.9s/29m00.0s

running (22m13.9s), 090/100 VUs, 9479 complete and 0 interrupted iterations
default   [  77% ] 090/100 VUs  22m13.9s/29m00.0s

running (22m14.9s), 090/100 VUs, 9487 complete and 0 interrupted iterations
default   [  77% ] 090/100 VUs  22m14.9s/29m00.0s

running (22m15.9s), 090/100 VUs, 9495 complete and 0 interrupted iterations
default   [  77% ] 090/100 VUs  22m15.9s/29m00.0s
time="2025-11-20T18:56:40+01:00" level=info msg="VU 92: Attempting to get token for user: performance__user_92_browser" source=console

running (22m16.9s), 091/100 VUs, 9503 complete and 0 interrupted iterations
default   [  77% ] 091/100 VUs  22m16.9s/29m00.0s
time="2025-11-20T18:56:41+01:00" level=info msg="VU 91: Authenticated as 'performance__user_91_browser' with role 'library_admin'" source=console

running (22m18.0s), 091/100 VUs, 9511 complete and 0 interrupted iterations
default   [  77% ] 091/100 VUs  22m17.9s/29m00.0s

running (22m18.9s), 091/100 VUs, 9517 complete and 0 interrupted iterations
default   [  77% ] 091/100 VUs  22m18.9s/29m00.0s

running (22m19.9s), 091/100 VUs, 9525 complete and 0 interrupted iterations
default   [  77% ] 091/100 VUs  22m19.9s/29m00.0s

running (22m21.0s), 091/100 VUs, 9532 complete and 0 interrupted iterations
default   [  77% ] 091/100 VUs  22m20.9s/29m00.0s
time="2025-11-20T18:56:45+01:00" level=info msg="VU 93: Attempting to get token for user: performance__user_93_browser" source=console

running (22m21.9s), 092/100 VUs, 9540 complete and 0 interrupted iterations
default   [  77% ] 092/100 VUs  22m21.9s/29m00.0s
time="2025-11-20T18:56:45+01:00" level=info msg="VU 73: Authenticated as 'performance__user_73_browser' with role 'library_admin'" source=console

running (22m23.0s), 092/100 VUs, 9548 complete and 0 interrupted iterations
default   [  77% ] 092/100 VUs  22m22.9s/29m00.0s

running (22m23.9s), 092/100 VUs, 9556 complete and 0 interrupted iterations
default   [  77% ] 092/100 VUs  22m23.9s/29m00.0s

running (22m25.0s), 092/100 VUs, 9564 complete and 0 interrupted iterations
default   [  77% ] 092/100 VUs  22m24.9s/29m00.0s

running (22m25.9s), 092/100 VUs, 9571 complete and 0 interrupted iterations
default   [  77% ] 092/100 VUs  22m25.9s/29m00.0s
time="2025-11-20T18:56:49+01:00" level=info msg="VU 67: Attempting to get token for user: performance__user_67_browser" source=console

running (22m26.9s), 093/100 VUs, 9579 complete and 0 interrupted iterations
default   [  77% ] 093/100 VUs  22m26.9s/29m00.0s
time="2025-11-20T18:56:50+01:00" level=info msg="VU 92: Authenticated as 'performance__user_92_browser' with role 'library_author'" source=console

running (22m27.9s), 093/100 VUs, 9587 complete and 0 interrupted iterations
default   [  77% ] 093/100 VUs  22m27.9s/29m00.0s

running (22m28.9s), 093/100 VUs, 9594 complete and 0 interrupted iterations
default   [  78% ] 093/100 VUs  22m28.9s/29m00.0s

running (22m30.0s), 093/100 VUs, 9602 complete and 0 interrupted iterations
default   [  78% ] 093/100 VUs  22m29.9s/29m00.0s

running (22m31.0s), 093/100 VUs, 9608 complete and 0 interrupted iterations
default   [  78% ] 093/100 VUs  22m30.9s/29m00.0s
time="2025-11-20T18:56:54+01:00" level=info msg="VU 94: Attempting to get token for user: performance__user_94_browser" source=console

running (22m31.9s), 094/100 VUs, 9616 complete and 0 interrupted iterations
default   [  78% ] 094/100 VUs  22m31.9s/29m00.0s
time="2025-11-20T18:56:55+01:00" level=info msg="VU 93: Authenticated as 'performance__user_93_browser' with role 'library_user'" source=console

running (22m33.0s), 094/100 VUs, 9624 complete and 0 interrupted iterations
default   [  78% ] 094/100 VUs  22m32.9s/29m00.0s

running (22m33.9s), 094/100 VUs, 9631 complete and 0 interrupted iterations
default   [  78% ] 094/100 VUs  22m33.9s/29m00.0s

running (22m35.0s), 094/100 VUs, 9638 complete and 0 interrupted iterations
default   [  78% ] 094/100 VUs  22m34.9s/29m00.0s

running (22m36.0s), 094/100 VUs, 9646 complete and 0 interrupted iterations
default   [  78% ] 094/100 VUs  22m35.9s/29m00.0s
time="2025-11-20T18:56:59+01:00" level=info msg="VU 96: Attempting to get token for user: performance__user_96_browser" source=console

running (22m36.9s), 095/100 VUs, 9654 complete and 0 interrupted iterations
default   [  78% ] 095/100 VUs  22m36.9s/29m00.0s
time="2025-11-20T18:57:00+01:00" level=info msg="VU 67: Authenticated as 'performance__user_67_browser' with role 'library_admin'" source=console

running (22m37.9s), 095/100 VUs, 9662 complete and 0 interrupted iterations
default   [  78% ] 095/100 VUs  22m37.9s/29m00.0s

running (22m39.0s), 095/100 VUs, 9669 complete and 0 interrupted iterations
default   [  78% ] 095/100 VUs  22m38.9s/29m00.0s

running (22m39.9s), 095/100 VUs, 9676 complete and 0 interrupted iterations
default   [  78% ] 095/100 VUs  22m39.9s/29m00.0s
time="2025-11-20T18:57:04+01:00" level=info msg="VU 99: Attempting to get token for user: performance__user_99_browser" source=console

running (22m40.9s), 096/100 VUs, 9684 complete and 0 interrupted iterations
default   [  78% ] 096/100 VUs  22m40.9s/29m00.0s

running (22m42.0s), 096/100 VUs, 9692 complete and 0 interrupted iterations
default   [  78% ] 096/100 VUs  22m41.9s/29m00.0s
time="2025-11-20T18:57:05+01:00" level=info msg="VU 94: Authenticated as 'performance__user_94_browser' with role 'library_admin'" source=console

running (22m42.9s), 096/100 VUs, 9700 complete and 0 interrupted iterations
default   [  78% ] 096/100 VUs  22m42.9s/29m00.0s

running (22m43.9s), 096/100 VUs, 9707 complete and 0 interrupted iterations
default   [  78% ] 096/100 VUs  22m43.9s/29m00.0s

running (22m45.0s), 096/100 VUs, 9715 complete and 0 interrupted iterations
default   [  78% ] 096/100 VUs  22m44.9s/29m00.0s
time="2025-11-20T18:57:09+01:00" level=info msg="VU 97: Attempting to get token for user: performance__user_97_browser" source=console

running (22m46.0s), 097/100 VUs, 9723 complete and 0 interrupted iterations
default   [  79% ] 097/100 VUs  22m45.9s/29m00.0s

running (22m47.0s), 097/100 VUs, 9731 complete and 0 interrupted iterations
default   [  79% ] 097/100 VUs  22m46.9s/29m00.0s
time="2025-11-20T18:57:10+01:00" level=info msg="VU 96: Authenticated as 'performance__user_96_browser' with role 'library_user'" source=console

running (22m48.0s), 097/100 VUs, 9739 complete and 0 interrupted iterations
default   [  79% ] 097/100 VUs  22m47.9s/29m00.0s

running (22m49.0s), 097/100 VUs, 9745 complete and 0 interrupted iterations
default   [  79% ] 097/100 VUs  22m48.9s/29m00.0s

running (22m49.9s), 097/100 VUs, 9753 complete and 0 interrupted iterations
default   [  79% ] 097/100 VUs  22m49.9s/29m00.0s
time="2025-11-20T18:57:13+01:00" level=info msg="VU 98: Attempting to get token for user: performance__user_98_browser" source=console

running (22m50.9s), 098/100 VUs, 9761 complete and 0 interrupted iterations
default   [  79% ] 098/100 VUs  22m50.9s/29m00.0s

running (22m51.9s), 098/100 VUs, 9769 complete and 0 interrupted iterations
default   [  79% ] 098/100 VUs  22m51.9s/29m00.0s
time="2025-11-20T18:57:15+01:00" level=info msg="VU 99: Authenticated as 'performance__user_99_browser' with role 'library_user'" source=console

running (22m52.9s), 098/100 VUs, 9775 complete and 0 interrupted iterations
default   [  79% ] 098/100 VUs  22m52.9s/29m00.0s

running (22m54.0s), 098/100 VUs, 9782 complete and 0 interrupted iterations
default   [  79% ] 098/100 VUs  22m53.9s/29m00.0s

running (22m54.9s), 098/100 VUs, 9791 complete and 0 interrupted iterations
default   [  79% ] 098/100 VUs  22m54.9s/29m00.0s
time="2025-11-20T18:57:18+01:00" level=info msg="VU 100: Attempting to get token for user: performance__user_100_browser" source=console

running (22m56.0s), 099/100 VUs, 9799 complete and 0 interrupted iterations
default   [  79% ] 099/100 VUs  22m55.9s/29m00.0s

running (22m56.9s), 099/100 VUs, 9806 complete and 0 interrupted iterations
default   [  79% ] 099/100 VUs  22m56.9s/29m00.0s
time="2025-11-20T18:57:20+01:00" level=info msg="VU 97: Authenticated as 'performance__user_97_browser' with role 'library_admin'" source=console

running (22m58.0s), 099/100 VUs, 9814 complete and 0 interrupted iterations
default   [  79% ] 099/100 VUs  22m57.9s/29m00.0s

running (22m59.0s), 099/100 VUs, 9820 complete and 0 interrupted iterations
default   [  79% ] 099/100 VUs  22m58.9s/29m00.0s

running (22m59.9s), 099/100 VUs, 9828 complete and 0 interrupted iterations
default   [  79% ] 099/100 VUs  22m59.9s/29m00.0s
time="2025-11-20T18:57:23+01:00" level=info msg="VU 95: Attempting to get token for user: performance__user_95_browser" source=console

running (23m01.0s), 100/100 VUs, 9836 complete and 0 interrupted iterations
default   [  79% ] 100/100 VUs  23m00.9s/29m00.0s

running (23m01.9s), 100/100 VUs, 9844 complete and 0 interrupted iterations
default   [  79% ] 100/100 VUs  23m01.9s/29m00.0s
time="2025-11-20T18:57:25+01:00" level=info msg="VU 98: Authenticated as 'performance__user_98_browser' with role 'library_author'" source=console

running (23m02.9s), 100/100 VUs, 9852 complete and 0 interrupted iterations
default   [  79% ] 100/100 VUs  23m02.9s/29m00.0s

running (23m03.9s), 100/100 VUs, 9859 complete and 0 interrupted iterations
default   [  80% ] 100/100 VUs  23m03.9s/29m00.0s

running (23m04.9s), 100/100 VUs, 9867 complete and 0 interrupted iterations
default   [  80% ] 100/100 VUs  23m04.9s/29m00.0s

running (23m06.0s), 100/100 VUs, 9875 complete and 0 interrupted iterations
default   [  80% ] 100/100 VUs  23m05.9s/29m00.0s
time="2025-11-20T18:57:30+01:00" level=info msg="VU 100: Authenticated as 'performance__user_100_browser' with role 'library_admin'" source=console

running (23m07.0s), 100/100 VUs, 9882 complete and 0 interrupted iterations
default   [  80% ] 100/100 VUs  23m06.9s/29m00.0s

running (23m07.9s), 100/100 VUs, 9889 complete and 0 interrupted iterations
default   [  80% ] 100/100 VUs  23m07.9s/29m00.0s

running (23m09.0s), 100/100 VUs, 9897 complete and 0 interrupted iterations
default   [  80% ] 100/100 VUs  23m08.9s/29m00.0s

running (23m09.9s), 100/100 VUs, 9905 complete and 0 interrupted iterations
default   [  80% ] 100/100 VUs  23m09.9s/29m00.0s

running (23m11.0s), 100/100 VUs, 9913 complete and 0 interrupted iterations
default   [  80% ] 100/100 VUs  23m10.9s/29m00.0s
time="2025-11-20T18:57:35+01:00" level=info msg="VU 95: Authenticated as 'performance__user_95_browser' with role 'library_author'" source=console

running (23m11.9s), 100/100 VUs, 9920 complete and 0 interrupted iterations
default   [  80% ] 100/100 VUs  23m11.9s/29m00.0s

running (23m12.9s), 100/100 VUs, 9928 complete and 0 interrupted iterations
default   [  80% ] 100/100 VUs  23m12.9s/29m00.0s

running (23m14.0s), 100/100 VUs, 9936 complete and 0 interrupted iterations
default   [  80% ] 100/100 VUs  23m13.9s/29m00.0s

running (23m15.0s), 100/100 VUs, 9944 complete and 0 interrupted iterations
default   [  80% ] 100/100 VUs  23m14.9s/29m00.0s

running (23m15.9s), 100/100 VUs, 9952 complete and 0 interrupted iterations
default   [  80% ] 100/100 VUs  23m15.9s/29m00.0s

running (23m17.0s), 100/100 VUs, 9960 complete and 0 interrupted iterations
default   [  80% ] 100/100 VUs  23m16.9s/29m00.0s

running (23m18.0s), 100/100 VUs, 9968 complete and 0 interrupted iterations
default   [  80% ] 100/100 VUs  23m17.9s/29m00.0s

running (23m18.9s), 100/100 VUs, 9975 complete and 0 interrupted iterations
default   [  80% ] 100/100 VUs  23m18.9s/29m00.0s

running (23m20.0s), 100/100 VUs, 9982 complete and 0 interrupted iterations
default   [  80% ] 100/100 VUs  23m19.9s/29m00.0s

running (23m21.0s), 100/100 VUs, 9989 complete and 0 interrupted iterations
default   [  81% ] 100/100 VUs  23m20.9s/29m00.0s

running (23m22.0s), 100/100 VUs, 9997 complete and 0 interrupted iterations
default   [  81% ] 100/100 VUs  23m21.9s/29m00.0s

running (23m23.0s), 100/100 VUs, 10005 complete and 0 interrupted iterations
default   [  81% ] 100/100 VUs  23m22.9s/29m00.0s

running (23m23.9s), 100/100 VUs, 10013 complete and 0 interrupted iterations
default   [  81% ] 100/100 VUs  23m23.9s/29m00.0s

running (23m24.9s), 100/100 VUs, 10021 complete and 0 interrupted iterations
default   [  81% ] 100/100 VUs  23m24.9s/29m00.0s

running (23m26.0s), 100/100 VUs, 10028 complete and 0 interrupted iterations
default   [  81% ] 100/100 VUs  23m25.9s/29m00.0s

running (23m26.9s), 100/100 VUs, 10036 complete and 0 interrupted iterations
default   [  81% ] 100/100 VUs  23m26.9s/29m00.0s

running (23m27.9s), 100/100 VUs, 10044 complete and 0 interrupted iterations
default   [  81% ] 100/100 VUs  23m27.9s/29m00.0s

running (23m28.9s), 100/100 VUs, 10052 complete and 0 interrupted iterations
default   [  81% ] 100/100 VUs  23m28.9s/29m00.0s

running (23m30.0s), 100/100 VUs, 10060 complete and 0 interrupted iterations
default   [  81% ] 100/100 VUs  23m29.9s/29m00.0s

running (23m30.9s), 100/100 VUs, 10068 complete and 0 interrupted iterations
default   [  81% ] 100/100 VUs  23m30.9s/29m00.0s

running (23m32.0s), 100/100 VUs, 10076 complete and 0 interrupted iterations
default   [  81% ] 100/100 VUs  23m31.9s/29m00.0s

running (23m32.9s), 100/100 VUs, 10084 complete and 0 interrupted iterations
default   [  81% ] 100/100 VUs  23m32.9s/29m00.0s

running (23m34.0s), 100/100 VUs, 10092 complete and 0 interrupted iterations
default   [  81% ] 100/100 VUs  23m33.9s/29m00.0s

running (23m35.0s), 100/100 VUs, 10100 complete and 0 interrupted iterations
default   [  81% ] 100/100 VUs  23m34.9s/29m00.0s

running (23m36.0s), 100/100 VUs, 10108 complete and 0 interrupted iterations
default   [  81% ] 100/100 VUs  23m35.9s/29m00.0s

running (23m37.0s), 100/100 VUs, 10116 complete and 0 interrupted iterations
default   [  81% ] 100/100 VUs  23m36.9s/29m00.0s

running (23m37.9s), 100/100 VUs, 10124 complete and 0 interrupted iterations
default   [  81% ] 100/100 VUs  23m37.9s/29m00.0s

running (23m39.0s), 100/100 VUs, 10132 complete and 0 interrupted iterations
default   [  82% ] 100/100 VUs  23m38.9s/29m00.0s

running (23m40.0s), 100/100 VUs, 10138 complete and 0 interrupted iterations
default   [  82% ] 100/100 VUs  23m39.9s/29m00.0s

running (23m40.9s), 100/100 VUs, 10146 complete and 0 interrupted iterations
default   [  82% ] 100/100 VUs  23m40.9s/29m00.0s

running (23m42.0s), 100/100 VUs, 10154 complete and 0 interrupted iterations
default   [  82% ] 100/100 VUs  23m41.9s/29m00.0s

running (23m42.9s), 100/100 VUs, 10162 complete and 0 interrupted iterations
default   [  82% ] 100/100 VUs  23m42.9s/29m00.0s

running (23m44.0s), 100/100 VUs, 10170 complete and 0 interrupted iterations
default   [  82% ] 100/100 VUs  23m43.9s/29m00.0s

running (23m45.0s), 100/100 VUs, 10178 complete and 0 interrupted iterations
default   [  82% ] 100/100 VUs  23m44.9s/29m00.0s

running (23m46.0s), 100/100 VUs, 10186 complete and 0 interrupted iterations
default   [  82% ] 100/100 VUs  23m45.9s/29m00.0s

running (23m47.0s), 100/100 VUs, 10192 complete and 0 interrupted iterations
default   [  82% ] 100/100 VUs  23m46.9s/29m00.0s

running (23m47.9s), 100/100 VUs, 10200 complete and 0 interrupted iterations
default   [  82% ] 100/100 VUs  23m47.9s/29m00.0s

running (23m49.0s), 100/100 VUs, 10208 complete and 0 interrupted iterations
default   [  82% ] 100/100 VUs  23m48.9s/29m00.0s

running (23m49.9s), 100/100 VUs, 10216 complete and 0 interrupted iterations
default   [  82% ] 100/100 VUs  23m49.9s/29m00.0s

running (23m50.9s), 100/100 VUs, 10224 complete and 0 interrupted iterations
default   [  82% ] 100/100 VUs  23m50.9s/29m00.0s

running (23m51.9s), 100/100 VUs, 10232 complete and 0 interrupted iterations
default   [  82% ] 100/100 VUs  23m51.9s/29m00.0s

running (23m52.9s), 100/100 VUs, 10240 complete and 0 interrupted iterations
default   [  82% ] 100/100 VUs  23m52.9s/29m00.0s

running (23m54.0s), 100/100 VUs, 10248 complete and 0 interrupted iterations
default   [  82% ] 100/100 VUs  23m53.9s/29m00.0s

running (23m54.9s), 100/100 VUs, 10256 complete and 0 interrupted iterations
default   [  82% ] 100/100 VUs  23m54.9s/29m00.0s

running (23m55.9s), 100/100 VUs, 10264 complete and 0 interrupted iterations
default   [  83% ] 100/100 VUs  23m55.9s/29m00.0s

running (23m57.0s), 100/100 VUs, 10272 complete and 0 interrupted iterations
default   [  83% ] 100/100 VUs  23m56.9s/29m00.0s

running (23m58.0s), 100/100 VUs, 10280 complete and 0 interrupted iterations
default   [  83% ] 100/100 VUs  23m57.9s/29m00.0s

running (23m58.9s), 100/100 VUs, 10288 complete and 0 interrupted iterations
default   [  83% ] 100/100 VUs  23m58.9s/29m00.0s

running (23m59.9s), 100/100 VUs, 10296 complete and 0 interrupted iterations
default   [  83% ] 100/100 VUs  23m59.9s/29m00.0s

running (24m01.0s), 100/100 VUs, 10303 complete and 0 interrupted iterations
default   [  83% ] 100/100 VUs  24m00.9s/29m00.0s

running (24m01.9s), 100/100 VUs, 10311 complete and 0 interrupted iterations
default   [  83% ] 100/100 VUs  24m01.9s/29m00.0s

running (24m02.9s), 100/100 VUs, 10319 complete and 0 interrupted iterations
default   [  83% ] 100/100 VUs  24m02.9s/29m00.0s

running (24m04.0s), 100/100 VUs, 10327 complete and 0 interrupted iterations
default   [  83% ] 100/100 VUs  24m03.9s/29m00.0s

running (24m04.9s), 100/100 VUs, 10335 complete and 0 interrupted iterations
default   [  83% ] 100/100 VUs  24m04.9s/29m00.0s

running (24m06.0s), 100/100 VUs, 10343 complete and 0 interrupted iterations
default   [  83% ] 100/100 VUs  24m05.9s/29m00.0s

running (24m06.9s), 100/100 VUs, 10351 complete and 0 interrupted iterations
default   [  83% ] 100/100 VUs  24m06.9s/29m00.0s

running (24m07.9s), 100/100 VUs, 10358 complete and 0 interrupted iterations
default   [  83% ] 100/100 VUs  24m07.9s/29m00.0s

running (24m08.9s), 100/100 VUs, 10365 complete and 0 interrupted iterations
default   [  83% ] 100/100 VUs  24m08.9s/29m00.0s

running (24m10.0s), 100/100 VUs, 10373 complete and 0 interrupted iterations
default   [  83% ] 100/100 VUs  24m09.9s/29m00.0s

running (24m11.0s), 100/100 VUs, 10380 complete and 0 interrupted iterations
default   [  83% ] 100/100 VUs  24m10.9s/29m00.0s

running (24m12.0s), 100/100 VUs, 10388 complete and 0 interrupted iterations
default   [  83% ] 100/100 VUs  24m11.9s/29m00.0s

running (24m12.9s), 100/100 VUs, 10396 complete and 0 interrupted iterations
default   [  84% ] 100/100 VUs  24m12.9s/29m00.0s

running (24m14.0s), 100/100 VUs, 10404 complete and 0 interrupted iterations
default   [  84% ] 100/100 VUs  24m13.9s/29m00.0s

running (24m14.9s), 100/100 VUs, 10412 complete and 0 interrupted iterations
default   [  84% ] 100/100 VUs  24m14.9s/29m00.0s

running (24m15.9s), 100/100 VUs, 10420 complete and 0 interrupted iterations
default   [  84% ] 100/100 VUs  24m15.9s/29m00.0s

running (24m17.0s), 100/100 VUs, 10428 complete and 0 interrupted iterations
default   [  84% ] 100/100 VUs  24m16.9s/29m00.0s

running (24m18.0s), 100/100 VUs, 10436 complete and 0 interrupted iterations
default   [  84% ] 100/100 VUs  24m17.9s/29m00.0s

running (24m19.0s), 100/100 VUs, 10444 complete and 0 interrupted iterations
default   [  84% ] 100/100 VUs  24m18.9s/29m00.0s

running (24m20.0s), 100/100 VUs, 10452 complete and 0 interrupted iterations
default   [  84% ] 100/100 VUs  24m19.9s/29m00.0s

running (24m20.9s), 100/100 VUs, 10460 complete and 0 interrupted iterations
default   [  84% ] 100/100 VUs  24m20.9s/29m00.0s

running (24m21.9s), 100/100 VUs, 10467 complete and 0 interrupted iterations
default   [  84% ] 100/100 VUs  24m21.9s/29m00.0s

running (24m22.9s), 100/100 VUs, 10475 complete and 0 interrupted iterations
default   [  84% ] 100/100 VUs  24m22.9s/29m00.0s

running (24m24.0s), 100/100 VUs, 10483 complete and 0 interrupted iterations
default   [  84% ] 100/100 VUs  24m23.9s/29m00.0s

running (24m25.0s), 100/100 VUs, 10491 complete and 0 interrupted iterations
default   [  84% ] 100/100 VUs  24m24.9s/29m00.0s

running (24m25.9s), 100/100 VUs, 10499 complete and 0 interrupted iterations
default   [  84% ] 100/100 VUs  24m25.9s/29m00.0s

running (24m26.9s), 100/100 VUs, 10507 complete and 0 interrupted iterations
default   [  84% ] 100/100 VUs  24m26.9s/29m00.0s

running (24m27.9s), 100/100 VUs, 10515 complete and 0 interrupted iterations
default   [  84% ] 100/100 VUs  24m27.9s/29m00.0s

running (24m29.0s), 100/100 VUs, 10523 complete and 0 interrupted iterations
default   [  84% ] 100/100 VUs  24m28.9s/29m00.0s

running (24m29.9s), 100/100 VUs, 10531 complete and 0 interrupted iterations
default   [  84% ] 100/100 VUs  24m29.9s/29m00.0s

running (24m31.0s), 100/100 VUs, 10538 complete and 0 interrupted iterations
default   [  85% ] 100/100 VUs  24m30.9s/29m00.0s

running (24m31.9s), 100/100 VUs, 10546 complete and 0 interrupted iterations
default   [  85% ] 100/100 VUs  24m31.9s/29m00.0s

running (24m32.9s), 100/100 VUs, 10553 complete and 0 interrupted iterations
default   [  85% ] 100/100 VUs  24m32.9s/29m00.0s

running (24m33.9s), 100/100 VUs, 10561 complete and 0 interrupted iterations
default   [  85% ] 100/100 VUs  24m33.9s/29m00.0s

running (24m35.0s), 100/100 VUs, 10569 complete and 0 interrupted iterations
default   [  85% ] 100/100 VUs  24m34.9s/29m00.0s

running (24m35.9s), 100/100 VUs, 10576 complete and 0 interrupted iterations
default   [  85% ] 100/100 VUs  24m35.9s/29m00.0s

running (24m36.9s), 100/100 VUs, 10584 complete and 0 interrupted iterations
default   [  85% ] 100/100 VUs  24m36.9s/29m00.0s

running (24m38.0s), 100/100 VUs, 10592 complete and 0 interrupted iterations
default   [  85% ] 100/100 VUs  24m37.9s/29m00.0s

running (24m38.9s), 100/100 VUs, 10600 complete and 0 interrupted iterations
default   [  85% ] 100/100 VUs  24m38.9s/29m00.0s

running (24m40.0s), 100/100 VUs, 10608 complete and 0 interrupted iterations
default   [  85% ] 100/100 VUs  24m39.9s/29m00.0s

running (24m41.0s), 100/100 VUs, 10616 complete and 0 interrupted iterations
default   [  85% ] 100/100 VUs  24m40.9s/29m00.0s

running (24m42.0s), 100/100 VUs, 10624 complete and 0 interrupted iterations
default   [  85% ] 100/100 VUs  24m41.9s/29m00.0s

running (24m43.0s), 100/100 VUs, 10631 complete and 0 interrupted iterations
default   [  85% ] 100/100 VUs  24m42.9s/29m00.0s

running (24m43.9s), 100/100 VUs, 10639 complete and 0 interrupted iterations
default   [  85% ] 100/100 VUs  24m43.9s/29m00.0s

running (24m44.9s), 100/100 VUs, 10647 complete and 0 interrupted iterations
default   [  85% ] 100/100 VUs  24m44.9s/29m00.0s

running (24m45.9s), 100/100 VUs, 10655 complete and 0 interrupted iterations
default   [  85% ] 100/100 VUs  24m45.9s/29m00.0s

running (24m46.9s), 100/100 VUs, 10663 complete and 0 interrupted iterations
default   [  85% ] 100/100 VUs  24m46.9s/29m00.0s

running (24m48.0s), 100/100 VUs, 10671 complete and 0 interrupted iterations
default   [  86% ] 100/100 VUs  24m47.9s/29m00.0s

running (24m48.9s), 100/100 VUs, 10679 complete and 0 interrupted iterations
default   [  86% ] 100/100 VUs  24m48.9s/29m00.0s

running (24m49.9s), 100/100 VUs, 10686 complete and 0 interrupted iterations
default   [  86% ] 100/100 VUs  24m49.9s/29m00.0s

running (24m50.9s), 100/100 VUs, 10694 complete and 0 interrupted iterations
default   [  86% ] 100/100 VUs  24m50.9s/29m00.0s

running (24m52.0s), 100/100 VUs, 10702 complete and 0 interrupted iterations
default   [  86% ] 100/100 VUs  24m51.9s/29m00.0s

running (24m52.9s), 100/100 VUs, 10710 complete and 0 interrupted iterations
default   [  86% ] 100/100 VUs  24m52.9s/29m00.0s

running (24m53.9s), 100/100 VUs, 10717 complete and 0 interrupted iterations
default   [  86% ] 100/100 VUs  24m53.9s/29m00.0s

running (24m55.0s), 100/100 VUs, 10725 complete and 0 interrupted iterations
default   [  86% ] 100/100 VUs  24m54.9s/29m00.0s

running (24m55.9s), 100/100 VUs, 10733 complete and 0 interrupted iterations
default   [  86% ] 100/100 VUs  24m55.9s/29m00.0s

running (24m57.0s), 100/100 VUs, 10740 complete and 0 interrupted iterations
default   [  86% ] 100/100 VUs  24m56.9s/29m00.0s

running (24m57.9s), 100/100 VUs, 10748 complete and 0 interrupted iterations
default   [  86% ] 100/100 VUs  24m57.9s/29m00.0s

running (24m59.0s), 100/100 VUs, 10756 complete and 0 interrupted iterations
default   [  86% ] 100/100 VUs  24m58.9s/29m00.0s

running (24m59.9s), 100/100 VUs, 10764 complete and 0 interrupted iterations
default   [  86% ] 100/100 VUs  24m59.9s/29m00.0s

running (25m00.9s), 100/100 VUs, 10771 complete and 0 interrupted iterations
default   [  86% ] 100/100 VUs  25m00.9s/29m00.0s

running (25m02.0s), 100/100 VUs, 10779 complete and 0 interrupted iterations
default   [  86% ] 100/100 VUs  25m01.9s/29m00.0s

running (25m03.0s), 100/100 VUs, 10787 complete and 0 interrupted iterations
default   [  86% ] 100/100 VUs  25m02.9s/29m00.0s

running (25m04.0s), 100/100 VUs, 10795 complete and 0 interrupted iterations
default   [  86% ] 100/100 VUs  25m03.9s/29m00.0s

running (25m04.9s), 100/100 VUs, 10803 complete and 0 interrupted iterations
default   [  86% ] 100/100 VUs  25m04.9s/29m00.0s

running (25m06.0s), 100/100 VUs, 10811 complete and 0 interrupted iterations
default   [  87% ] 100/100 VUs  25m05.9s/29m00.0s

running (25m06.9s), 100/100 VUs, 10819 complete and 0 interrupted iterations
default   [  87% ] 100/100 VUs  25m06.9s/29m00.0s

running (25m08.0s), 100/100 VUs, 10827 complete and 0 interrupted iterations
default   [  87% ] 100/100 VUs  25m07.9s/29m00.0s

running (25m08.9s), 100/100 VUs, 10835 complete and 0 interrupted iterations
default   [  87% ] 100/100 VUs  25m08.9s/29m00.0s

running (25m10.0s), 100/100 VUs, 10843 complete and 0 interrupted iterations
default   [  87% ] 100/100 VUs  25m09.9s/29m00.0s

running (25m11.0s), 100/100 VUs, 10850 complete and 0 interrupted iterations
default   [  87% ] 100/100 VUs  25m10.9s/29m00.0s

running (25m11.9s), 100/100 VUs, 10857 complete and 0 interrupted iterations
default   [  87% ] 100/100 VUs  25m11.9s/29m00.0s

running (25m12.9s), 100/100 VUs, 10865 complete and 0 interrupted iterations
default   [  87% ] 100/100 VUs  25m12.9s/29m00.0s

running (25m13.9s), 100/100 VUs, 10873 complete and 0 interrupted iterations
default   [  87% ] 100/100 VUs  25m13.9s/29m00.0s

running (25m14.9s), 100/100 VUs, 10881 complete and 0 interrupted iterations
default   [  87% ] 100/100 VUs  25m14.9s/29m00.0s

running (25m15.9s), 100/100 VUs, 10889 complete and 0 interrupted iterations
default   [  87% ] 100/100 VUs  25m15.9s/29m00.0s

running (25m16.9s), 100/100 VUs, 10897 complete and 0 interrupted iterations
default   [  87% ] 100/100 VUs  25m16.9s/29m00.0s

running (25m18.0s), 100/100 VUs, 10904 complete and 0 interrupted iterations
default   [  87% ] 100/100 VUs  25m17.9s/29m00.0s

running (25m18.9s), 100/100 VUs, 10912 complete and 0 interrupted iterations
default   [  87% ] 100/100 VUs  25m18.9s/29m00.0s

running (25m20.0s), 100/100 VUs, 10920 complete and 0 interrupted iterations
default   [  87% ] 100/100 VUs  25m19.9s/29m00.0s

running (25m20.9s), 100/100 VUs, 10928 complete and 0 interrupted iterations
default   [  87% ] 100/100 VUs  25m20.9s/29m00.0s

running (25m21.9s), 100/100 VUs, 10936 complete and 0 interrupted iterations
default   [  87% ] 100/100 VUs  25m21.9s/29m00.0s

running (25m22.9s), 100/100 VUs, 10943 complete and 0 interrupted iterations
default   [  88% ] 100/100 VUs  25m22.9s/29m00.0s

running (25m23.9s), 100/100 VUs, 10951 complete and 0 interrupted iterations
default   [  88% ] 100/100 VUs  25m23.9s/29m00.0s

running (25m25.0s), 100/100 VUs, 10959 complete and 0 interrupted iterations
default   [  88% ] 100/100 VUs  25m24.9s/29m00.0s

running (25m26.0s), 100/100 VUs, 10967 complete and 0 interrupted iterations
default   [  88% ] 100/100 VUs  25m25.9s/29m00.0s

running (25m26.9s), 100/100 VUs, 10975 complete and 0 interrupted iterations
default   [  88% ] 100/100 VUs  25m26.9s/29m00.0s

running (25m28.0s), 100/100 VUs, 10983 complete and 0 interrupted iterations
default   [  88% ] 100/100 VUs  25m27.9s/29m00.0s

running (25m29.0s), 100/100 VUs, 10991 complete and 0 interrupted iterations
default   [  88% ] 100/100 VUs  25m28.9s/29m00.0s

running (25m30.0s), 100/100 VUs, 10998 complete and 0 interrupted iterations
default   [  88% ] 100/100 VUs  25m29.9s/29m00.0s

running (25m31.0s), 100/100 VUs, 11006 complete and 0 interrupted iterations
default   [  88% ] 100/100 VUs  25m30.9s/29m00.0s

running (25m31.9s), 100/100 VUs, 11014 complete and 0 interrupted iterations
default   [  88% ] 100/100 VUs  25m31.9s/29m00.0s

running (25m32.9s), 100/100 VUs, 11021 complete and 0 interrupted iterations
default   [  88% ] 100/100 VUs  25m32.9s/29m00.0s

running (25m33.9s), 100/100 VUs, 11029 complete and 0 interrupted iterations
default   [  88% ] 100/100 VUs  25m33.9s/29m00.0s

running (25m35.0s), 100/100 VUs, 11037 complete and 0 interrupted iterations
default   [  88% ] 100/100 VUs  25m34.9s/29m00.0s

running (25m35.9s), 100/100 VUs, 11044 complete and 0 interrupted iterations
default   [  88% ] 100/100 VUs  25m35.9s/29m00.0s

running (25m36.9s), 100/100 VUs, 11053 complete and 0 interrupted iterations
default   [  88% ] 100/100 VUs  25m36.9s/29m00.0s

running (25m37.9s), 100/100 VUs, 11060 complete and 0 interrupted iterations
default   [  88% ] 100/100 VUs  25m37.9s/29m00.0s

running (25m39.0s), 100/100 VUs, 11068 complete and 0 interrupted iterations
default   [  88% ] 100/100 VUs  25m38.9s/29m00.0s

running (25m40.0s), 100/100 VUs, 11076 complete and 0 interrupted iterations
default   [  89% ] 100/100 VUs  25m39.9s/29m00.0s

running (25m40.9s), 100/100 VUs, 11084 complete and 0 interrupted iterations
default   [  89% ] 100/100 VUs  25m40.9s/29m00.0s

running (25m41.9s), 100/100 VUs, 11092 complete and 0 interrupted iterations
default   [  89% ] 100/100 VUs  25m41.9s/29m00.0s

running (25m43.0s), 100/100 VUs, 11100 complete and 0 interrupted iterations
default   [  89% ] 100/100 VUs  25m42.9s/29m00.0s

running (25m43.9s), 100/100 VUs, 11108 complete and 0 interrupted iterations
default   [  89% ] 100/100 VUs  25m43.9s/29m00.0s

running (25m44.9s), 100/100 VUs, 11116 complete and 0 interrupted iterations
default   [  89% ] 100/100 VUs  25m44.9s/29m00.0s

running (25m46.0s), 100/100 VUs, 11124 complete and 0 interrupted iterations
default   [  89% ] 100/100 VUs  25m45.9s/29m00.0s

running (25m46.9s), 100/100 VUs, 11132 complete and 0 interrupted iterations
default   [  89% ] 100/100 VUs  25m46.9s/29m00.0s

running (25m47.9s), 100/100 VUs, 11140 complete and 0 interrupted iterations
default   [  89% ] 100/100 VUs  25m47.9s/29m00.0s

running (25m48.9s), 100/100 VUs, 11148 complete and 0 interrupted iterations
default   [  89% ] 100/100 VUs  25m48.9s/29m00.0s

running (25m49.9s), 100/100 VUs, 11156 complete and 0 interrupted iterations
default   [  89% ] 100/100 VUs  25m49.9s/29m00.0s

running (25m51.0s), 100/100 VUs, 11164 complete and 0 interrupted iterations
default   [  89% ] 100/100 VUs  25m50.9s/29m00.0s

running (25m52.0s), 100/100 VUs, 11172 complete and 0 interrupted iterations
default   [  89% ] 100/100 VUs  25m51.9s/29m00.0s

running (25m52.9s), 100/100 VUs, 11180 complete and 0 interrupted iterations
default   [  89% ] 100/100 VUs  25m52.9s/29m00.0s

running (25m54.0s), 100/100 VUs, 11187 complete and 0 interrupted iterations
default   [  89% ] 100/100 VUs  25m53.9s/29m00.0s

running (25m55.0s), 100/100 VUs, 11195 complete and 0 interrupted iterations
default   [  89% ] 100/100 VUs  25m54.9s/29m00.0s

running (25m55.9s), 100/100 VUs, 11203 complete and 0 interrupted iterations
default   [  89% ] 100/100 VUs  25m55.9s/29m00.0s

running (25m57.0s), 100/100 VUs, 11211 complete and 0 interrupted iterations
default   [  89% ] 100/100 VUs  25m56.9s/29m00.0s

running (25m57.9s), 100/100 VUs, 11219 complete and 0 interrupted iterations
default   [  90% ] 100/100 VUs  25m57.9s/29m00.0s

running (25m58.9s), 100/100 VUs, 11226 complete and 0 interrupted iterations
default   [  90% ] 100/100 VUs  25m58.9s/29m00.0s

running (26m00.0s), 100/100 VUs, 11232 complete and 0 interrupted iterations
default   [  90% ] 100/100 VUs  25m59.9s/29m00.0s

running (26m00.9s), 100/100 VUs, 11240 complete and 0 interrupted iterations
default   [  90% ] 100/100 VUs  26m00.9s/29m00.0s

running (26m01.9s), 100/100 VUs, 11248 complete and 0 interrupted iterations
default   [  90% ] 100/100 VUs  26m01.9s/29m00.0s

running (26m02.9s), 100/100 VUs, 11256 complete and 0 interrupted iterations
default   [  90% ] 100/100 VUs  26m02.9s/29m00.0s

running (26m04.0s), 100/100 VUs, 11264 complete and 0 interrupted iterations
default   [  90% ] 100/100 VUs  26m03.9s/29m00.0s

running (26m04.9s), 100/100 VUs, 11272 complete and 0 interrupted iterations
default   [  90% ] 100/100 VUs  26m04.9s/29m00.0s

running (26m05.9s), 100/100 VUs, 11280 complete and 0 interrupted iterations
default   [  90% ] 100/100 VUs  26m05.9s/29m00.0s

running (26m06.9s), 100/100 VUs, 11288 complete and 0 interrupted iterations
default   [  90% ] 100/100 VUs  26m06.9s/29m00.0s

running (26m08.0s), 100/100 VUs, 11296 complete and 0 interrupted iterations
default   [  90% ] 100/100 VUs  26m07.9s/29m00.0s

running (26m08.9s), 100/100 VUs, 11304 complete and 0 interrupted iterations
default   [  90% ] 100/100 VUs  26m08.9s/29m00.0s

running (26m10.0s), 100/100 VUs, 11312 complete and 0 interrupted iterations
default   [  90% ] 100/100 VUs  26m09.9s/29m00.0s

running (26m11.0s), 100/100 VUs, 11320 complete and 0 interrupted iterations
default   [  90% ] 100/100 VUs  26m10.9s/29m00.0s

running (26m11.9s), 100/100 VUs, 11328 complete and 0 interrupted iterations
default   [  90% ] 100/100 VUs  26m11.9s/29m00.0s

running (26m13.0s), 100/100 VUs, 11336 complete and 0 interrupted iterations
default   [  90% ] 100/100 VUs  26m12.9s/29m00.0s

running (26m13.9s), 100/100 VUs, 11344 complete and 0 interrupted iterations
default   [  90% ] 100/100 VUs  26m13.9s/29m00.0s

running (26m14.9s), 100/100 VUs, 11352 complete and 0 interrupted iterations
default   [  91% ] 100/100 VUs  26m14.9s/29m00.0s

running (26m15.9s), 100/100 VUs, 11360 complete and 0 interrupted iterations
default   [  91% ] 100/100 VUs  26m15.9s/29m00.0s

running (26m16.9s), 100/100 VUs, 11368 complete and 0 interrupted iterations
default   [  91% ] 100/100 VUs  26m16.9s/29m00.0s

running (26m18.0s), 100/100 VUs, 11376 complete and 0 interrupted iterations
default   [  91% ] 100/100 VUs  26m17.9s/29m00.0s

running (26m18.9s), 100/100 VUs, 11384 complete and 0 interrupted iterations
default   [  91% ] 100/100 VUs  26m18.9s/29m00.0s

running (26m19.9s), 100/100 VUs, 11392 complete and 0 interrupted iterations
default   [  91% ] 100/100 VUs  26m19.9s/29m00.0s

running (26m21.0s), 100/100 VUs, 11400 complete and 0 interrupted iterations
default   [  91% ] 100/100 VUs  26m20.9s/29m00.0s

running (26m21.9s), 100/100 VUs, 11407 complete and 0 interrupted iterations
default   [  91% ] 100/100 VUs  26m21.9s/29m00.0s

running (26m22.9s), 100/100 VUs, 11414 complete and 0 interrupted iterations
default   [  91% ] 100/100 VUs  26m22.9s/29m00.0s

running (26m23.9s), 100/100 VUs, 11422 complete and 0 interrupted iterations
default   [  91% ] 100/100 VUs  26m23.9s/29m00.0s

running (26m25.0s), 100/100 VUs, 11429 complete and 0 interrupted iterations
default   [  91% ] 100/100 VUs  26m24.9s/29m00.0s

running (26m25.9s), 100/100 VUs, 11437 complete and 0 interrupted iterations
default   [  91% ] 100/100 VUs  26m25.9s/29m00.0s

running (26m26.9s), 100/100 VUs, 11445 complete and 0 interrupted iterations
default   [  91% ] 100/100 VUs  26m26.9s/29m00.0s

running (26m28.0s), 100/100 VUs, 11452 complete and 0 interrupted iterations
default   [  91% ] 100/100 VUs  26m27.9s/29m00.0s

running (26m28.9s), 100/100 VUs, 11460 complete and 0 interrupted iterations
default   [  91% ] 100/100 VUs  26m28.9s/29m00.0s

running (26m30.0s), 100/100 VUs, 11468 complete and 0 interrupted iterations
default   [  91% ] 100/100 VUs  26m29.9s/29m00.0s

running (26m30.9s), 100/100 VUs, 11476 complete and 0 interrupted iterations
default   [  91% ] 100/100 VUs  26m30.9s/29m00.0s

running (26m32.0s), 100/100 VUs, 11484 complete and 0 interrupted iterations
default   [  91% ] 100/100 VUs  26m31.9s/29m00.0s

running (26m32.9s), 100/100 VUs, 11492 complete and 0 interrupted iterations
default   [  92% ] 100/100 VUs  26m32.9s/29m00.0s

running (26m34.0s), 100/100 VUs, 11500 complete and 0 interrupted iterations
default   [  92% ] 100/100 VUs  26m33.9s/29m00.0s

running (26m34.9s), 100/100 VUs, 11508 complete and 0 interrupted iterations
default   [  92% ] 100/100 VUs  26m34.9s/29m00.0s

running (26m35.9s), 100/100 VUs, 11516 complete and 0 interrupted iterations
default   [  92% ] 100/100 VUs  26m35.9s/29m00.0s

running (26m37.0s), 100/100 VUs, 11524 complete and 0 interrupted iterations
default   [  92% ] 100/100 VUs  26m36.9s/29m00.0s

running (26m38.0s), 100/100 VUs, 11532 complete and 0 interrupted iterations
default   [  92% ] 100/100 VUs  26m37.9s/29m00.0s

running (26m38.9s), 100/100 VUs, 11539 complete and 0 interrupted iterations
default   [  92% ] 100/100 VUs  26m38.9s/29m00.0s

running (26m39.9s), 100/100 VUs, 11547 complete and 0 interrupted iterations
default   [  92% ] 100/100 VUs  26m39.9s/29m00.0s

running (26m41.0s), 100/100 VUs, 11555 complete and 0 interrupted iterations
default   [  92% ] 100/100 VUs  26m40.9s/29m00.0s

running (26m42.0s), 100/100 VUs, 11563 complete and 0 interrupted iterations
default   [  92% ] 100/100 VUs  26m41.9s/29m00.0s

running (26m42.9s), 100/100 VUs, 11571 complete and 0 interrupted iterations
default   [  92% ] 100/100 VUs  26m42.9s/29m00.0s

running (26m44.0s), 100/100 VUs, 11579 complete and 0 interrupted iterations
default   [  92% ] 100/100 VUs  26m43.9s/29m00.0s

running (26m44.9s), 100/100 VUs, 11585 complete and 0 interrupted iterations
default   [  92% ] 100/100 VUs  26m44.9s/29m00.0s

running (26m46.0s), 100/100 VUs, 11592 complete and 0 interrupted iterations
default   [  92% ] 100/100 VUs  26m45.9s/29m00.0s

running (26m47.0s), 100/100 VUs, 11600 complete and 0 interrupted iterations
default   [  92% ] 100/100 VUs  26m46.9s/29m00.0s

running (26m48.0s), 100/100 VUs, 11608 complete and 0 interrupted iterations
default   [  92% ] 100/100 VUs  26m47.9s/29m00.0s

running (26m49.0s), 100/100 VUs, 11616 complete and 0 interrupted iterations
default   [  92% ] 100/100 VUs  26m48.9s/29m00.0s

running (26m49.9s), 100/100 VUs, 11624 complete and 0 interrupted iterations
default   [  93% ] 100/100 VUs  26m49.9s/29m00.0s

running (26m50.9s), 100/100 VUs, 11632 complete and 0 interrupted iterations
default   [  93% ] 100/100 VUs  26m50.9s/29m00.0s

running (26m52.0s), 100/100 VUs, 11640 complete and 0 interrupted iterations
default   [  93% ] 100/100 VUs  26m51.9s/29m00.0s

running (26m52.9s), 100/100 VUs, 11648 complete and 0 interrupted iterations
default   [  93% ] 100/100 VUs  26m52.9s/29m00.0s

running (26m53.9s), 100/100 VUs, 11656 complete and 0 interrupted iterations
default   [  93% ] 100/100 VUs  26m53.9s/29m00.0s

running (26m54.9s), 100/100 VUs, 11664 complete and 0 interrupted iterations
default   [  93% ] 100/100 VUs  26m54.9s/29m00.0s

running (26m55.9s), 100/100 VUs, 11671 complete and 0 interrupted iterations
default   [  93% ] 100/100 VUs  26m55.9s/29m00.0s

running (26m57.0s), 100/100 VUs, 11679 complete and 0 interrupted iterations
default   [  93% ] 100/100 VUs  26m56.9s/29m00.0s

running (26m57.9s), 100/100 VUs, 11686 complete and 0 interrupted iterations
default   [  93% ] 100/100 VUs  26m57.9s/29m00.0s

running (26m58.9s), 100/100 VUs, 11693 complete and 0 interrupted iterations
default   [  93% ] 100/100 VUs  26m58.9s/29m00.0s

running (26m59.9s), 100/100 VUs, 11701 complete and 0 interrupted iterations
default   [  93% ] 100/100 VUs  26m59.9s/29m00.0s

running (27m00.9s), 100/100 VUs, 11709 complete and 0 interrupted iterations
default   [  93% ] 100/100 VUs  27m00.9s/29m00.0s

running (27m01.9s), 100/100 VUs, 11717 complete and 0 interrupted iterations
default   [  93% ] 100/100 VUs  27m01.9s/29m00.0s

running (27m02.9s), 100/100 VUs, 11725 complete and 0 interrupted iterations
default   [  93% ] 100/100 VUs  27m02.9s/29m00.0s

running (27m04.0s), 099/100 VUs, 11732 complete and 0 interrupted iterations
default   [  93% ] 099/100 VUs  27m03.9s/29m00.0s

running (27m04.9s), 099/100 VUs, 11740 complete and 0 interrupted iterations
default   [  93% ] 099/100 VUs  27m04.9s/29m00.0s

running (27m06.0s), 099/100 VUs, 11748 complete and 0 interrupted iterations
default   [  93% ] 099/100 VUs  27m05.9s/29m00.0s

running (27m07.0s), 098/100 VUs, 11756 complete and 0 interrupted iterations
default   [  94% ] 098/100 VUs  27m06.9s/29m00.0s

running (27m07.9s), 098/100 VUs, 11764 complete and 0 interrupted iterations
default   [  94% ] 098/100 VUs  27m07.9s/29m00.0s

running (27m08.9s), 098/100 VUs, 11771 complete and 0 interrupted iterations
default   [  94% ] 098/100 VUs  27m08.9s/29m00.0s

running (27m10.0s), 097/100 VUs, 11779 complete and 0 interrupted iterations
default   [  94% ] 097/100 VUs  27m09.9s/29m00.0s

running (27m10.9s), 096/100 VUs, 11787 complete and 0 interrupted iterations
default   [  94% ] 096/100 VUs  27m10.9s/29m00.0s

running (27m11.9s), 095/100 VUs, 11795 complete and 0 interrupted iterations
default   [  94% ] 095/100 VUs  27m11.9s/29m00.0s

running (27m12.9s), 095/100 VUs, 11803 complete and 0 interrupted iterations
default   [  94% ] 095/100 VUs  27m12.9s/29m00.0s

running (27m13.9s), 094/100 VUs, 11811 complete and 0 interrupted iterations
default   [  94% ] 094/100 VUs  27m13.9s/29m00.0s

running (27m14.9s), 093/100 VUs, 11819 complete and 0 interrupted iterations
default   [  94% ] 093/100 VUs  27m14.9s/29m00.0s

running (27m15.9s), 092/100 VUs, 11827 complete and 0 interrupted iterations
default   [  94% ] 092/100 VUs  27m15.9s/29m00.0s

running (27m16.9s), 091/100 VUs, 11835 complete and 0 interrupted iterations
default   [  94% ] 091/100 VUs  27m16.9s/29m00.0s

running (27m18.0s), 090/100 VUs, 11843 complete and 0 interrupted iterations
default   [  94% ] 090/100 VUs  27m17.9s/29m00.0s

running (27m18.9s), 089/100 VUs, 11851 complete and 0 interrupted iterations
default   [  94% ] 089/100 VUs  27m18.9s/29m00.0s

running (27m20.0s), 088/100 VUs, 11857 complete and 0 interrupted iterations
default   [  94% ] 088/100 VUs  27m19.9s/29m00.0s

running (27m21.0s), 087/100 VUs, 11864 complete and 0 interrupted iterations
default   [  94% ] 087/100 VUs  27m20.9s/29m00.0s

running (27m21.9s), 087/100 VUs, 11874 complete and 0 interrupted iterations
default   [  94% ] 087/100 VUs  27m21.9s/29m00.0s

running (27m22.9s), 086/100 VUs, 11882 complete and 0 interrupted iterations
default   [  94% ] 086/100 VUs  27m22.9s/29m00.0s

running (27m23.9s), 086/100 VUs, 11889 complete and 0 interrupted iterations
default   [  94% ] 086/100 VUs  27m23.9s/29m00.0s

running (27m25.0s), 085/100 VUs, 11897 complete and 0 interrupted iterations
default   [  95% ] 085/100 VUs  27m24.9s/29m00.0s

running (27m26.0s), 084/100 VUs, 11905 complete and 0 interrupted iterations
default   [  95% ] 084/100 VUs  27m25.9s/29m00.0s

running (27m26.9s), 083/100 VUs, 11913 complete and 0 interrupted iterations
default   [  95% ] 083/100 VUs  27m26.9s/29m00.0s

running (27m28.0s), 081/100 VUs, 11921 complete and 0 interrupted iterations
default   [  95% ] 081/100 VUs  27m27.9s/29m00.0s

running (27m28.9s), 081/100 VUs, 11929 complete and 0 interrupted iterations
default   [  95% ] 081/100 VUs  27m28.9s/29m00.0s

running (27m29.9s), 081/100 VUs, 11937 complete and 0 interrupted iterations
default   [  95% ] 081/100 VUs  27m29.9s/29m00.0s

running (27m30.9s), 081/100 VUs, 11945 complete and 0 interrupted iterations
default   [  95% ] 081/100 VUs  27m30.9s/29m00.0s

running (27m32.0s), 080/100 VUs, 11952 complete and 0 interrupted iterations
default   [  95% ] 080/100 VUs  27m31.9s/29m00.0s

running (27m32.9s), 077/100 VUs, 11960 complete and 0 interrupted iterations
default   [  95% ] 077/100 VUs  27m32.9s/29m00.0s

running (27m33.9s), 076/100 VUs, 11968 complete and 0 interrupted iterations
default   [  95% ] 076/100 VUs  27m33.9s/29m00.0s

running (27m35.0s), 076/100 VUs, 11976 complete and 0 interrupted iterations
default   [  95% ] 076/100 VUs  27m34.9s/29m00.0s

running (27m35.9s), 075/100 VUs, 11985 complete and 0 interrupted iterations
default   [  95% ] 075/100 VUs  27m35.9s/29m00.0s

running (27m36.9s), 074/100 VUs, 11992 complete and 0 interrupted iterations
default   [  95% ] 074/100 VUs  27m36.9s/29m00.0s

running (27m38.0s), 074/100 VUs, 11999 complete and 0 interrupted iterations
default   [  95% ] 074/100 VUs  27m37.9s/29m00.0s

running (27m38.9s), 073/100 VUs, 12007 complete and 0 interrupted iterations
default   [  95% ] 073/100 VUs  27m38.9s/29m00.0s

running (27m39.9s), 072/100 VUs, 12015 complete and 0 interrupted iterations
default   [  95% ] 072/100 VUs  27m39.9s/29m00.0s

running (27m40.9s), 070/100 VUs, 12023 complete and 0 interrupted iterations
default   [  95% ] 070/100 VUs  27m40.9s/29m00.0s

running (27m41.9s), 069/100 VUs, 12031 complete and 0 interrupted iterations
default   [  96% ] 069/100 VUs  27m41.9s/29m00.0s

running (27m43.0s), 068/100 VUs, 12039 complete and 0 interrupted iterations
default   [  96% ] 068/100 VUs  27m42.9s/29m00.0s

running (27m44.0s), 068/100 VUs, 12046 complete and 0 interrupted iterations
default   [  96% ] 068/100 VUs  27m43.9s/29m00.0s

running (27m44.9s), 067/100 VUs, 12054 complete and 0 interrupted iterations
default   [  96% ] 067/100 VUs  27m44.9s/29m00.0s

running (27m46.0s), 066/100 VUs, 12062 complete and 0 interrupted iterations
default   [  96% ] 066/100 VUs  27m45.9s/29m00.0s

running (27m46.9s), 065/100 VUs, 12069 complete and 0 interrupted iterations
default   [  96% ] 065/100 VUs  27m46.9s/29m00.0s

running (27m48.0s), 064/100 VUs, 12077 complete and 0 interrupted iterations
default   [  96% ] 064/100 VUs  27m47.9s/29m00.0s

running (27m49.0s), 063/100 VUs, 12085 complete and 0 interrupted iterations
default   [  96% ] 063/100 VUs  27m48.9s/29m00.0s

running (27m49.9s), 062/100 VUs, 12093 complete and 0 interrupted iterations
default   [  96% ] 062/100 VUs  27m49.9s/29m00.0s

running (27m50.9s), 062/100 VUs, 12101 complete and 0 interrupted iterations
default   [  96% ] 062/100 VUs  27m50.9s/29m00.0s

running (27m52.0s), 061/100 VUs, 12109 complete and 0 interrupted iterations
default   [  96% ] 061/100 VUs  27m51.9s/29m00.0s

running (27m52.9s), 059/100 VUs, 12117 complete and 0 interrupted iterations
default   [  96% ] 059/100 VUs  27m52.9s/29m00.0s

running (27m53.9s), 059/100 VUs, 12125 complete and 0 interrupted iterations
default   [  96% ] 059/100 VUs  27m53.9s/29m00.0s

running (27m55.0s), 057/100 VUs, 12133 complete and 0 interrupted iterations
default   [  96% ] 057/100 VUs  27m54.9s/29m00.0s

running (27m56.0s), 057/100 VUs, 12140 complete and 0 interrupted iterations
default   [  96% ] 057/100 VUs  27m55.9s/29m00.0s

running (27m56.9s), 057/100 VUs, 12147 complete and 0 interrupted iterations
default   [  96% ] 057/100 VUs  27m56.9s/29m00.0s

running (27m58.0s), 055/100 VUs, 12156 complete and 0 interrupted iterations
default   [  96% ] 055/100 VUs  27m57.9s/29m00.0s

running (27m59.0s), 055/100 VUs, 12163 complete and 0 interrupted iterations
default   [  96% ] 055/100 VUs  27m58.9s/29m00.0s

running (28m00.0s), 054/100 VUs, 12171 complete and 0 interrupted iterations
default   [  97% ] 054/100 VUs  27m59.9s/29m00.0s

running (28m00.9s), 053/100 VUs, 12180 complete and 0 interrupted iterations
default   [  97% ] 053/100 VUs  28m00.9s/29m00.0s

running (28m02.0s), 052/100 VUs, 12188 complete and 0 interrupted iterations
default   [  97% ] 052/100 VUs  28m01.9s/29m00.0s

running (28m03.0s), 052/100 VUs, 12196 complete and 0 interrupted iterations
default   [  97% ] 052/100 VUs  28m02.9s/29m00.0s

running (28m03.9s), 051/100 VUs, 12203 complete and 0 interrupted iterations
default   [  97% ] 051/100 VUs  28m03.9s/29m00.0s

running (28m05.0s), 051/100 VUs, 12211 complete and 0 interrupted iterations
default   [  97% ] 051/100 VUs  28m04.9s/29m00.0s

running (28m06.0s), 050/100 VUs, 12219 complete and 0 interrupted iterations
default   [  97% ] 050/100 VUs  28m05.9s/29m00.0s

running (28m06.9s), 049/100 VUs, 12227 complete and 0 interrupted iterations
default   [  97% ] 049/100 VUs  28m06.9s/29m00.0s

running (28m08.0s), 048/100 VUs, 12234 complete and 0 interrupted iterations
default   [  97% ] 048/100 VUs  28m07.9s/29m00.0s

running (28m09.0s), 048/100 VUs, 12242 complete and 0 interrupted iterations
default   [  97% ] 048/100 VUs  28m08.9s/29m00.0s

running (28m09.9s), 047/100 VUs, 12250 complete and 0 interrupted iterations
default   [  97% ] 047/100 VUs  28m09.9s/29m00.0s

running (28m10.9s), 045/100 VUs, 12258 complete and 0 interrupted iterations
default   [  97% ] 045/100 VUs  28m10.9s/29m00.0s

running (28m11.9s), 044/100 VUs, 12266 complete and 0 interrupted iterations
default   [  97% ] 044/100 VUs  28m11.9s/29m00.0s

running (28m12.9s), 044/100 VUs, 12274 complete and 0 interrupted iterations
default   [  97% ] 044/100 VUs  28m12.9s/29m00.0s

running (28m14.0s), 043/100 VUs, 12282 complete and 0 interrupted iterations
default   [  97% ] 043/100 VUs  28m13.9s/29m00.0s

running (28m14.9s), 041/100 VUs, 12288 complete and 0 interrupted iterations
default   [  97% ] 041/100 VUs  28m14.9s/29m00.0s

running (28m15.9s), 037/100 VUs, 12297 complete and 0 interrupted iterations
default   [  97% ] 037/100 VUs  28m15.9s/29m00.0s

running (28m17.0s), 037/100 VUs, 12304 complete and 0 interrupted iterations
default   [  98% ] 037/100 VUs  28m16.9s/29m00.0s

running (28m17.9s), 037/100 VUs, 12312 complete and 0 interrupted iterations
default   [  98% ] 037/100 VUs  28m17.9s/29m00.0s

running (28m19.0s), 037/100 VUs, 12320 complete and 0 interrupted iterations
default   [  98% ] 037/100 VUs  28m18.9s/29m00.0s

running (28m20.0s), 035/100 VUs, 12328 complete and 0 interrupted iterations
default   [  98% ] 035/100 VUs  28m19.9s/29m00.0s

running (28m20.9s), 034/100 VUs, 12336 complete and 0 interrupted iterations
default   [  98% ] 034/100 VUs  28m20.9s/29m00.0s

running (28m22.0s), 034/100 VUs, 12344 complete and 0 interrupted iterations
default   [  98% ] 034/100 VUs  28m21.9s/29m00.0s

running (28m22.9s), 032/100 VUs, 12352 complete and 0 interrupted iterations
default   [  98% ] 032/100 VUs  28m22.9s/29m00.0s

running (28m24.0s), 031/100 VUs, 12360 complete and 0 interrupted iterations
default   [  98% ] 031/100 VUs  28m23.9s/29m00.0s

running (28m25.0s), 031/100 VUs, 12368 complete and 0 interrupted iterations
default   [  98% ] 031/100 VUs  28m24.9s/29m00.0s

running (28m26.0s), 030/100 VUs, 12376 complete and 0 interrupted iterations
default   [  98% ] 030/100 VUs  28m25.9s/29m00.0s

running (28m26.9s), 030/100 VUs, 12384 complete and 0 interrupted iterations
default   [  98% ] 030/100 VUs  28m26.9s/29m00.0s

running (28m28.0s), 029/100 VUs, 12392 complete and 0 interrupted iterations
default   [  98% ] 029/100 VUs  28m27.9s/29m00.0s

running (28m29.0s), 028/100 VUs, 12399 complete and 0 interrupted iterations
default   [  98% ] 028/100 VUs  28m28.9s/29m00.0s

running (28m30.0s), 027/100 VUs, 12407 complete and 0 interrupted iterations
default   [  98% ] 027/100 VUs  28m29.9s/29m00.0s

running (28m30.9s), 027/100 VUs, 12415 complete and 0 interrupted iterations
default   [  98% ] 027/100 VUs  28m30.9s/29m00.0s

running (28m32.0s), 026/100 VUs, 12423 complete and 0 interrupted iterations
default   [  98% ] 026/100 VUs  28m31.9s/29m00.0s

running (28m32.9s), 025/100 VUs, 12431 complete and 0 interrupted iterations
default   [  98% ] 025/100 VUs  28m32.9s/29m00.0s

running (28m33.9s), 024/100 VUs, 12439 complete and 0 interrupted iterations
default   [  99% ] 024/100 VUs  28m33.9s/29m00.0s

running (28m34.9s), 023/100 VUs, 12447 complete and 0 interrupted iterations
default   [  99% ] 023/100 VUs  28m34.9s/29m00.0s

running (28m36.0s), 023/100 VUs, 12455 complete and 0 interrupted iterations
default   [  99% ] 023/100 VUs  28m35.9s/29m00.0s

running (28m37.0s), 021/100 VUs, 12463 complete and 0 interrupted iterations
default   [  99% ] 021/100 VUs  28m36.9s/29m00.0s

running (28m37.9s), 020/100 VUs, 12471 complete and 0 interrupted iterations
default   [  99% ] 020/100 VUs  28m37.9s/29m00.0s

running (28m39.0s), 019/100 VUs, 12479 complete and 0 interrupted iterations
default   [  99% ] 019/100 VUs  28m38.9s/29m00.0s

running (28m39.9s), 019/100 VUs, 12487 complete and 0 interrupted iterations
default   [  99% ] 019/100 VUs  28m39.9s/29m00.0s

running (28m40.9s), 018/100 VUs, 12495 complete and 0 interrupted iterations
default   [  99% ] 018/100 VUs  28m40.9s/29m00.0s

running (28m42.0s), 016/100 VUs, 12503 complete and 0 interrupted iterations
default   [  99% ] 016/100 VUs  28m41.9s/29m00.0s

running (28m42.9s), 016/100 VUs, 12511 complete and 0 interrupted iterations
default   [  99% ] 016/100 VUs  28m42.9s/29m00.0s

running (28m43.9s), 014/100 VUs, 12519 complete and 0 interrupted iterations
default   [  99% ] 014/100 VUs  28m43.9s/29m00.0s

running (28m45.0s), 014/100 VUs, 12527 complete and 0 interrupted iterations
default   [  99% ] 014/100 VUs  28m44.9s/29m00.0s

running (28m46.0s), 013/100 VUs, 12535 complete and 0 interrupted iterations
default   [  99% ] 013/100 VUs  28m45.9s/29m00.0s

running (28m46.9s), 012/100 VUs, 12543 complete and 0 interrupted iterations
default   [  99% ] 012/100 VUs  28m46.9s/29m00.0s

running (28m48.0s), 011/100 VUs, 12550 complete and 0 interrupted iterations
default   [  99% ] 011/100 VUs  28m47.9s/29m00.0s

running (28m48.9s), 010/100 VUs, 12557 complete and 0 interrupted iterations
default   [  99% ] 010/100 VUs  28m48.9s/29m00.0s

running (28m49.9s), 009/100 VUs, 12565 complete and 0 interrupted iterations
default   [  99% ] 009/100 VUs  28m49.9s/29m00.0s

running (28m50.9s), 008/100 VUs, 12571 complete and 0 interrupted iterations
default   [  99% ] 008/100 VUs  28m50.9s/29m00.0s

running (28m52.0s), 008/100 VUs, 12574 complete and 0 interrupted iterations
default   [ 100% ] 008/100 VUs  28m51.9s/29m00.0s

running (28m52.9s), 006/100 VUs, 12582 complete and 0 interrupted iterations
default   [ 100% ] 006/100 VUs  28m52.9s/29m00.0s

running (28m53.9s), 006/100 VUs, 12585 complete and 0 interrupted iterations
default   [ 100% ] 006/100 VUs  28m53.9s/29m00.0s

running (28m54.9s), 006/100 VUs, 12589 complete and 0 interrupted iterations
default   [ 100% ] 006/100 VUs  28m54.9s/29m00.0s

running (28m55.9s), 004/100 VUs, 12594 complete and 0 interrupted iterations
default   [ 100% ] 004/100 VUs  28m55.9s/29m00.0s

running (28m56.9s), 003/100 VUs, 12597 complete and 0 interrupted iterations
default   [ 100% ] 003/100 VUs  28m56.9s/29m00.0s

running (28m58.0s), 003/100 VUs, 12599 complete and 0 interrupted iterations
default   [ 100% ] 003/100 VUs  28m57.9s/29m00.0s

running (28m59.0s), 002/100 VUs, 12601 complete and 0 interrupted iterations
default   [ 100% ] 002/100 VUs  28m58.9s/29m00.0s

running (29m00.0s), 001/100 VUs, 12602 complete and 0 interrupted iterations
default   [ 100% ] 001/100 VUs  28m59.9s/29m00.0s
time="2025-11-20T19:03:23+01:00" level=info msg="\n================================================================================" source=console
time="2025-11-20T19:03:23+01:00" level=info msg="LIBRARY PERMISSION VALIDATION PERFORMANCE TEST - SUMMARY" source=console
time="2025-11-20T19:03:23+01:00" level=info msg="================================================================================" source=console
time="2025-11-20T19:03:23+01:00" level=info msg="Test completed for library permission validation" source=console
time="2025-11-20T19:03:23+01:00" level=info msg="Load pattern: 10 → 25 → 50 → 75 → 100 concurrent users" source=console
time="2025-11-20T19:03:23+01:00" level=info msg="Permissions validated per request: 5" source=console
time="2025-11-20T19:03:23+01:00" level=info msg="Library scopes tested: 6" source=console
time="2025-11-20T19:03:23+01:00" level=info msg="\nUser & Role Configuration:" source=console
time="2025-11-20T19:03:23+01:00" level=info msg="  - Total users created: 0" source=console
time="2025-11-20T19:03:23+01:00" level=info msg="  - Roles assigned: library_admin, library_author, library_user" source=console
time="2025-11-20T19:03:23+01:00" level=info msg="  - Distribution: 0 users per role (approx.)" source=console
time="2025-11-20T19:03:23+01:00" level=info msg="\nTest Time Range:" source=console
time="2025-11-20T19:03:23+01:00" level=info msg="  - Start: 2025-11-20T17:34:23.467Z" source=console
time="2025-11-20T19:03:23+01:00" level=info msg="  - End:   2025-11-20T18:03:23.502Z" source=console
time="2025-11-20T19:03:23+01:00" level=info msg="  - Duration: 29 minutes" source=console
time="2025-11-20T19:03:23+01:00" level=info msg="\n📊 Grafana Dashboard (with 5min buffer):" source=console
time="2025-11-20T19:03:23+01:00" level=info msg="  https://vitals.singapore.edunext.cloud/grafana/d/openedxperformance/open-edx-performance?from=2025-11-20T17:29:23.467Z&to=2025-11-20T18:08:23.502Z&var-resolution=3m&refresh=5m" source=console
time="2025-11-20T19:03:23+01:00" level=info msg="\nKey Metrics:" source=console
time="2025-11-20T19:03:23+01:00" level=info msg="  - permission_validation_duration (custom metric)" source=console
time="2025-11-20T19:03:23+01:00" level=info msg="  - http_req_duration (overall response times)" source=console
time="2025-11-20T19:03:23+01:00" level=info msg="  - http_req_failed (error rates)" source=console
time="2025-11-20T19:03:23+01:00" level=info msg="\nTo save reports with timestamp:" source=console
time="2025-11-20T19:03:23+01:00" level=info msg="  ./run_authz_test.sh authz_small" source=console
time="2025-11-20T19:03:23+01:00" level=info msg="================================================================================\n" source=console
[32m     ✓ Authorization successful[0m
[32m     ✓ Access token received[0m
[32m     ✓ Validate permissions successful[0m
[32m     ✓ Permissions response is array[0m
[32m     ✓ All permissions have allowed field[0m

     checks[2m...........................:[0m [36m100.00%[0m [36;2m✓ 38009[0m    [36;2m✗ 0[0m    
     data_received[2m....................:[0m [36m11 MB[0m   [36;2m6.3 kB/s[0m
     data_sent[2m........................:[0m [36m5.9 MB[0m  [36;2m3.4 kB/s[0m
     http_req_blocked[2m.................:[0m min=[36m175ns[0m    avg=[36m1.94ms[0m      med=[36m982ns[0m    max=[36m470.26ms[0m p(90)=[36m1.69µs[0m   p(95)=[36m1.93µs[0m   p(99)=[36m5.47µs[0m   p(99.9)=[36m301.45ms[0m 
     http_req_connecting[2m..............:[0m min=[36m0s[0m       avg=[36m920.11µs[0m    med=[36m0s[0m       max=[36m247.02ms[0m p(90)=[36m0s[0m       p(95)=[36m0s[0m       p(99)=[36m0s[0m       p(99.9)=[36m129.87ms[0m 
   [31m✗[0m http_req_duration[2m................:[0m min=[36m319.64ms[0m avg=[36m5.85s[0m       med=[36m5.45s[0m    max=[36m12.02s[0m   p(90)=[36m11.76s[0m   p(95)=[36m11.82s[0m   p(99)=[36m11.91s[0m   p(99.9)=[36m11.98s[0m   
       { expected_response:true }[2m.....:[0m min=[36m319.64ms[0m avg=[36m5.85s[0m       med=[36m5.45s[0m    max=[36m12.02s[0m   p(90)=[36m11.76s[0m   p(95)=[36m11.82s[0m   p(99)=[36m11.91s[0m   p(99.9)=[36m11.98s[0m   
   [32m✓[0m http_req_failed[2m..................:[0m [36m0.00%[0m   [36;2m✓ 0[0m        [36;2m✗ 12703[0m
     http_req_receiving[2m...............:[0m min=[36m20.34µs[0m  avg=[36m126.89µs[0m    med=[36m117.57µs[0m max=[36m9.05ms[0m   p(90)=[36m212.23µs[0m p(95)=[36m260.34µs[0m p(99)=[36m380.39µs[0m p(99.9)=[36m552.19µs[0m 
     http_req_sending[2m.................:[0m min=[36m37.69µs[0m  avg=[36m244.85µs[0m    med=[36m240.73µs[0m max=[36m1.24ms[0m   p(90)=[36m391.45µs[0m p(95)=[36m442.45µs[0m p(99)=[36m611.3µs[0m  p(99.9)=[36m805.12µs[0m 
     http_req_tls_handshaking[2m.........:[0m min=[36m0s[0m       avg=[36m969.64µs[0m    med=[36m0s[0m       max=[36m222.95ms[0m p(90)=[36m0s[0m       p(95)=[36m0s[0m       p(99)=[36m0s[0m       p(99.9)=[36m134.85ms[0m 
     http_req_waiting[2m.................:[0m min=[36m318.89ms[0m avg=[36m5.85s[0m       med=[36m5.45s[0m    max=[36m12.02s[0m   p(90)=[36m11.76s[0m   p(95)=[36m11.82s[0m   p(99)=[36m11.91s[0m   p(99.9)=[36m11.98s[0m   
     http_reqs[2m........................:[0m [36m12703[0m   [36;2m7.300419/s[0m
     iteration_duration[2m...............:[0m min=[36m1.43s[0m    avg=[36m6.91s[0m       med=[36m6.46s[0m    max=[36m25.7s[0m    p(90)=[36m12.76s[0m   p(95)=[36m12.82s[0m   p(99)=[36m12.94s[0m   p(99.9)=[36m22.57s[0m   
     iterations[2m.......................:[0m [36m12603[0m   [36;2m7.242949/s[0m
   [31m✗[0m permission_validation_duration[2m...:[0m min=[36m438[0m      avg=[36m5862.638499[0m med=[36m5461[0m     max=[36m12029[0m    p(90)=[36m11763[0m    p(95)=[36m11822[0m    p(99)=[36m11915.98[0m p(99.9)=[36m11987.398[0m
   [32m✓[0m permission_validation_errors[2m.....:[0m [36m0[0m       [36;2m0/s[0m
     vus[2m..............................:[0m [36m1[0m       [36;2mmin=1[0m      [36;2mmax=100[0m
     vus_max[2m..........................:[0m [36m100[0m     [36;2mmin=100[0m    [36;2mmax=100[0m
running (29m00.0s), 000/100 VUs, 12603 complete and 0 interrupted iterations
default ✓ [ 100% ] 000/100 VUs  29m0s
time="2025-11-20T19:03:23+01:00" level=error msg="thresholds on metrics 'http_req_duration, permission_validation_duration' have been crossed"
