time="2025-11-20T19:29:24+01:00" level=warning msg="open() was used and is currently relative to 'file:///home/mgmdy/Work/Envs/Local/nightly/openedx-k6-loadtesting/authz/', but in the future it will be aligned with how `require` and imports work and will be relative to 'file:///home/mgmdy/Work/Envs/Local/nightly/openedx-k6-loadtesting/utils.js'. This means that in the future open will open relative path relative to the module/file it is written in. You can future proof this by using `import.meta.resolve()` to get relative paths to the file it is written in the current k6 version."

         /\      Grafana   /‾‾/  
    /\  /  \     |\  __   /  /   
   /  \/    \    | |/ /  /   ‾‾\ 
  /          \   |   (  |  (‾)  |
 / __________ \  |_|\_\  \_____/ 

     execution: local
        script: test_authz.js
        output: json (reports/authz-authz_medium_plus-20251120-192923-cet.json)

     scenarios: (100.00%) 1 scenario, 50 max VUs, 23m30s max duration (incl. graceful stop):
              * default: Up to 50 looping VUs for 23m0s over 9 stages (gracefulRampDown: 30s, gracefulStop: 30s)

time="2025-11-20T19:29:24+01:00" level=info msg="Skipping setup phase (run_setup=false)" source=console
time="2025-11-20T19:29:24+01:00" level=info msg="VU 8: Attempting to get token for user: performance__user_8_browser" source=console
time="2025-11-20T19:29:25+01:00" level=info msg="VU 8: Authenticated as 'performance__user_8_browser' with role 'library_author'" source=console

running (00m01.0s), 01/50 VUs, 0 complete and 0 interrupted iterations
default   [   0% ] 01/50 VUs  00m01.0s/23m00.0s

running (00m02.0s), 01/50 VUs, 0 complete and 0 interrupted iterations
default   [   0% ] 01/50 VUs  00m02.0s/23m00.0s

running (00m03.0s), 01/50 VUs, 0 complete and 0 interrupted iterations
default   [   0% ] 01/50 VUs  00m03.0s/23m00.0s

running (00m04.0s), 01/50 VUs, 1 complete and 0 interrupted iterations
default   [   0% ] 01/50 VUs  00m04.0s/23m00.0s

running (00m05.0s), 01/50 VUs, 1 complete and 0 interrupted iterations
default   [   0% ] 01/50 VUs  00m05.0s/23m00.0s

running (00m06.0s), 01/50 VUs, 2 complete and 0 interrupted iterations
default   [   0% ] 01/50 VUs  00m06.0s/23m00.0s

running (00m07.0s), 01/50 VUs, 2 complete and 0 interrupted iterations
default   [   1% ] 01/50 VUs  00m07.0s/23m00.0s

running (00m08.0s), 01/50 VUs, 3 complete and 0 interrupted iterations
default   [   1% ] 01/50 VUs  00m08.0s/23m00.0s

running (00m09.0s), 01/50 VUs, 3 complete and 0 interrupted iterations
default   [   1% ] 01/50 VUs  00m09.0s/23m00.0s

running (00m10.0s), 01/50 VUs, 4 complete and 0 interrupted iterations
default   [   1% ] 01/50 VUs  00m10.0s/23m00.0s

running (00m11.0s), 01/50 VUs, 4 complete and 0 interrupted iterations
default   [   1% ] 01/50 VUs  00m11.0s/23m00.0s

running (00m12.0s), 01/50 VUs, 5 complete and 0 interrupted iterations
default   [   1% ] 01/50 VUs  00m12.0s/23m00.0s

running (00m13.0s), 01/50 VUs, 5 complete and 0 interrupted iterations
default   [   1% ] 01/50 VUs  00m13.0s/23m00.0s
time="2025-11-20T19:29:37+01:00" level=info msg="VU 1: Attempting to get token for user: performance__user_1_browser" source=console

running (00m14.0s), 02/50 VUs, 6 complete and 0 interrupted iterations
default   [   1% ] 02/50 VUs  00m14.0s/23m00.0s
time="2025-11-20T19:29:38+01:00" level=info msg="VU 1: Authenticated as 'performance__user_1_browser' with role 'library_admin'" source=console

running (00m15.0s), 02/50 VUs, 7 complete and 0 interrupted iterations
default   [   1% ] 02/50 VUs  00m15.0s/23m00.0s

running (00m16.0s), 02/50 VUs, 7 complete and 0 interrupted iterations
default   [   1% ] 02/50 VUs  00m16.0s/23m00.0s

running (00m17.0s), 02/50 VUs, 9 complete and 0 interrupted iterations
default   [   1% ] 02/50 VUs  00m17.0s/23m00.0s

running (00m18.0s), 02/50 VUs, 9 complete and 0 interrupted iterations
default   [   1% ] 02/50 VUs  00m18.0s/23m00.0s

running (00m19.0s), 02/50 VUs, 10 complete and 0 interrupted iterations
default   [   1% ] 02/50 VUs  00m19.0s/23m00.0s

running (00m20.0s), 02/50 VUs, 11 complete and 0 interrupted iterations
default   [   1% ] 02/50 VUs  00m20.0s/23m00.0s

running (00m21.0s), 02/50 VUs, 13 complete and 0 interrupted iterations
default   [   2% ] 02/50 VUs  00m21.0s/23m00.0s

running (00m22.0s), 02/50 VUs, 13 complete and 0 interrupted iterations
default   [   2% ] 02/50 VUs  00m22.0s/23m00.0s

running (00m23.0s), 02/50 VUs, 15 complete and 0 interrupted iterations
default   [   2% ] 02/50 VUs  00m23.0s/23m00.0s

running (00m24.0s), 02/50 VUs, 15 complete and 0 interrupted iterations
default   [   2% ] 02/50 VUs  00m24.0s/23m00.0s

running (00m25.0s), 02/50 VUs, 17 complete and 0 interrupted iterations
default   [   2% ] 02/50 VUs  00m25.0s/23m00.0s

running (00m26.0s), 02/50 VUs, 17 complete and 0 interrupted iterations
default   [   2% ] 02/50 VUs  00m26.0s/23m00.0s
time="2025-11-20T19:29:51+01:00" level=info msg="VU 10: Attempting to get token for user: performance__user_10_browser" source=console

running (00m27.0s), 03/50 VUs, 19 complete and 0 interrupted iterations
default   [   2% ] 03/50 VUs  00m27.0s/23m00.0s
time="2025-11-20T19:29:52+01:00" level=info msg="VU 10: Authenticated as 'performance__user_10_browser' with role 'library_admin'" source=console

running (00m28.0s), 03/50 VUs, 19 complete and 0 interrupted iterations
default   [   2% ] 03/50 VUs  00m28.0s/23m00.0s

running (00m29.0s), 03/50 VUs, 21 complete and 0 interrupted iterations
default   [   2% ] 03/50 VUs  00m29.0s/23m00.0s

running (00m30.0s), 03/50 VUs, 21 complete and 0 interrupted iterations
default   [   2% ] 03/50 VUs  00m30.0s/23m00.0s

running (00m31.0s), 03/50 VUs, 24 complete and 0 interrupted iterations
default   [   2% ] 03/50 VUs  00m31.0s/23m00.0s

running (00m32.0s), 03/50 VUs, 24 complete and 0 interrupted iterations
default   [   2% ] 03/50 VUs  00m32.0s/23m00.0s

running (00m33.0s), 03/50 VUs, 27 complete and 0 interrupted iterations
default   [   2% ] 03/50 VUs  00m33.0s/23m00.0s

running (00m34.0s), 03/50 VUs, 27 complete and 0 interrupted iterations
default   [   2% ] 03/50 VUs  00m34.0s/23m00.0s

running (00m35.0s), 03/50 VUs, 30 complete and 0 interrupted iterations
default   [   3% ] 03/50 VUs  00m35.0s/23m00.0s

running (00m36.0s), 03/50 VUs, 30 complete and 0 interrupted iterations
default   [   3% ] 03/50 VUs  00m36.0s/23m00.0s

running (00m37.0s), 03/50 VUs, 33 complete and 0 interrupted iterations
default   [   3% ] 03/50 VUs  00m37.0s/23m00.0s

running (00m38.0s), 03/50 VUs, 33 complete and 0 interrupted iterations
default   [   3% ] 03/50 VUs  00m38.0s/23m00.0s

running (00m39.0s), 03/50 VUs, 36 complete and 0 interrupted iterations
default   [   3% ] 03/50 VUs  00m39.0s/23m00.0s

running (00m40.0s), 03/50 VUs, 36 complete and 0 interrupted iterations
default   [   3% ] 03/50 VUs  00m40.0s/23m00.0s
time="2025-11-20T19:30:04+01:00" level=info msg="VU 3: Attempting to get token for user: performance__user_3_browser" source=console
time="2025-11-20T19:30:05+01:00" level=info msg="VU 3: Authenticated as 'performance__user_3_browser' with role 'library_user'" source=console

running (00m41.0s), 04/50 VUs, 39 complete and 0 interrupted iterations
default   [   3% ] 04/50 VUs  00m41.0s/23m00.0s

running (00m42.0s), 04/50 VUs, 39 complete and 0 interrupted iterations
default   [   3% ] 04/50 VUs  00m42.0s/23m00.0s

running (00m43.0s), 04/50 VUs, 42 complete and 0 interrupted iterations
default   [   3% ] 04/50 VUs  00m43.0s/23m00.0s

running (00m44.0s), 04/50 VUs, 43 complete and 0 interrupted iterations
default   [   3% ] 04/50 VUs  00m44.0s/23m00.0s

running (00m45.0s), 04/50 VUs, 46 complete and 0 interrupted iterations
default   [   3% ] 04/50 VUs  00m45.0s/23m00.0s

running (00m46.0s), 04/50 VUs, 47 complete and 0 interrupted iterations
default   [   3% ] 04/50 VUs  00m46.0s/23m00.0s

running (00m47.0s), 04/50 VUs, 50 complete and 0 interrupted iterations
default   [   3% ] 04/50 VUs  00m47.0s/23m00.0s

running (00m48.0s), 04/50 VUs, 51 complete and 0 interrupted iterations
default   [   3% ] 04/50 VUs  00m48.0s/23m00.0s

running (00m49.0s), 04/50 VUs, 54 complete and 0 interrupted iterations
default   [   4% ] 04/50 VUs  00m49.0s/23m00.0s

running (00m50.0s), 04/50 VUs, 55 complete and 0 interrupted iterations
default   [   4% ] 04/50 VUs  00m50.0s/23m00.0s

running (00m51.0s), 04/50 VUs, 58 complete and 0 interrupted iterations
default   [   4% ] 04/50 VUs  00m51.0s/23m00.0s

running (00m52.0s), 04/50 VUs, 59 complete and 0 interrupted iterations
default   [   4% ] 04/50 VUs  00m52.0s/23m00.0s

running (00m53.0s), 04/50 VUs, 62 complete and 0 interrupted iterations
default   [   4% ] 04/50 VUs  00m53.0s/23m00.0s
time="2025-11-20T19:30:17+01:00" level=info msg="VU 9: Attempting to get token for user: performance__user_9_browser" source=console
time="2025-11-20T19:30:18+01:00" level=info msg="VU 9: Authenticated as 'performance__user_9_browser' with role 'library_user'" source=console

running (00m54.0s), 05/50 VUs, 63 complete and 0 interrupted iterations
default   [   4% ] 05/50 VUs  00m54.0s/23m00.0s

running (00m55.0s), 05/50 VUs, 67 complete and 0 interrupted iterations
default   [   4% ] 05/50 VUs  00m55.0s/23m00.0s

running (00m56.0s), 05/50 VUs, 68 complete and 0 interrupted iterations
default   [   4% ] 05/50 VUs  00m56.0s/23m00.0s

running (00m57.0s), 05/50 VUs, 72 complete and 0 interrupted iterations
default   [   4% ] 05/50 VUs  00m57.0s/23m00.0s

running (00m58.0s), 05/50 VUs, 73 complete and 0 interrupted iterations
default   [   4% ] 05/50 VUs  00m58.0s/23m00.0s

running (00m59.0s), 05/50 VUs, 77 complete and 0 interrupted iterations
default   [   4% ] 05/50 VUs  00m59.0s/23m00.0s

running (01m00.0s), 05/50 VUs, 78 complete and 0 interrupted iterations
default   [   4% ] 05/50 VUs  01m00.0s/23m00.0s

running (01m01.0s), 05/50 VUs, 82 complete and 0 interrupted iterations
default   [   4% ] 05/50 VUs  01m01.0s/23m00.0s

running (01m02.0s), 05/50 VUs, 83 complete and 0 interrupted iterations
default   [   4% ] 05/50 VUs  01m02.0s/23m00.0s

running (01m03.0s), 05/50 VUs, 87 complete and 0 interrupted iterations
default   [   5% ] 05/50 VUs  01m03.0s/23m00.0s

running (01m04.0s), 05/50 VUs, 88 complete and 0 interrupted iterations
default   [   5% ] 05/50 VUs  01m04.0s/23m00.0s

running (01m05.0s), 05/50 VUs, 92 complete and 0 interrupted iterations
default   [   5% ] 05/50 VUs  01m05.0s/23m00.0s

running (01m06.0s), 05/50 VUs, 93 complete and 0 interrupted iterations
default   [   5% ] 05/50 VUs  01m06.0s/23m00.0s
time="2025-11-20T19:30:31+01:00" level=info msg="VU 5: Attempting to get token for user: performance__user_5_browser" source=console

running (01m07.0s), 06/50 VUs, 95 complete and 0 interrupted iterations
default   [   5% ] 06/50 VUs  01m07.0s/23m00.0s
time="2025-11-20T19:30:31+01:00" level=info msg="VU 5: Authenticated as 'performance__user_5_browser' with role 'library_author'" source=console

running (01m08.0s), 06/50 VUs, 98 complete and 0 interrupted iterations
default   [   5% ] 06/50 VUs  01m08.0s/23m00.0s

running (01m09.0s), 06/50 VUs, 100 complete and 0 interrupted iterations
default   [   5% ] 06/50 VUs  01m09.0s/23m00.0s

running (01m10.0s), 06/50 VUs, 103 complete and 0 interrupted iterations
default   [   5% ] 06/50 VUs  01m10.0s/23m00.0s

running (01m11.0s), 06/50 VUs, 104 complete and 0 interrupted iterations
default   [   5% ] 06/50 VUs  01m11.0s/23m00.0s

running (01m12.0s), 06/50 VUs, 109 complete and 0 interrupted iterations
default   [   5% ] 06/50 VUs  01m12.0s/23m00.0s

running (01m13.0s), 06/50 VUs, 110 complete and 0 interrupted iterations
default   [   5% ] 06/50 VUs  01m13.0s/23m00.0s

running (01m14.0s), 06/50 VUs, 116 complete and 0 interrupted iterations
default   [   5% ] 06/50 VUs  01m14.0s/23m00.0s

running (01m15.0s), 06/50 VUs, 116 complete and 0 interrupted iterations
default   [   5% ] 06/50 VUs  01m15.0s/23m00.0s

running (01m16.0s), 06/50 VUs, 122 complete and 0 interrupted iterations
default   [   6% ] 06/50 VUs  01m16.0s/23m00.0s

running (01m17.0s), 06/50 VUs, 123 complete and 0 interrupted iterations
default   [   6% ] 06/50 VUs  01m17.0s/23m00.0s

running (01m18.0s), 06/50 VUs, 128 complete and 0 interrupted iterations
default   [   6% ] 06/50 VUs  01m18.0s/23m00.0s

running (01m19.0s), 06/50 VUs, 130 complete and 0 interrupted iterations
default   [   6% ] 06/50 VUs  01m19.0s/23m00.0s

running (01m20.0s), 06/50 VUs, 134 complete and 0 interrupted iterations
default   [   6% ] 06/50 VUs  01m20.0s/23m00.0s
time="2025-11-20T19:30:44+01:00" level=info msg="VU 12: Attempting to get token for user: performance__user_12_browser" source=console
time="2025-11-20T19:30:45+01:00" level=info msg="VU 12: Authenticated as 'performance__user_12_browser' with role 'library_user'" source=console

running (01m21.0s), 07/50 VUs, 136 complete and 0 interrupted iterations
default   [   6% ] 07/50 VUs  01m21.0s/23m00.0s

running (01m22.0s), 07/50 VUs, 140 complete and 0 interrupted iterations
default   [   6% ] 07/50 VUs  01m22.0s/23m00.0s

running (01m23.0s), 07/50 VUs, 142 complete and 0 interrupted iterations
default   [   6% ] 07/50 VUs  01m23.0s/23m00.0s

running (01m24.0s), 07/50 VUs, 146 complete and 0 interrupted iterations
default   [   6% ] 07/50 VUs  01m24.0s/23m00.0s

running (01m25.0s), 07/50 VUs, 149 complete and 0 interrupted iterations
default   [   6% ] 07/50 VUs  01m25.0s/23m00.0s

running (01m26.0s), 07/50 VUs, 153 complete and 0 interrupted iterations
default   [   6% ] 07/50 VUs  01m26.0s/23m00.0s

running (01m27.0s), 07/50 VUs, 156 complete and 0 interrupted iterations
default   [   6% ] 07/50 VUs  01m27.0s/23m00.0s

running (01m28.0s), 07/50 VUs, 160 complete and 0 interrupted iterations
default   [   6% ] 07/50 VUs  01m28.0s/23m00.0s

running (01m29.0s), 07/50 VUs, 164 complete and 0 interrupted iterations
default   [   6% ] 07/50 VUs  01m29.0s/23m00.0s

running (01m30.0s), 07/50 VUs, 167 complete and 0 interrupted iterations
default   [   7% ] 07/50 VUs  01m30.0s/23m00.0s

running (01m31.0s), 07/50 VUs, 171 complete and 0 interrupted iterations
default   [   7% ] 07/50 VUs  01m31.0s/23m00.0s

running (01m32.0s), 07/50 VUs, 174 complete and 0 interrupted iterations
default   [   7% ] 07/50 VUs  01m32.0s/23m00.0s

running (01m33.0s), 07/50 VUs, 178 complete and 0 interrupted iterations
default   [   7% ] 07/50 VUs  01m33.0s/23m00.0s
time="2025-11-20T19:30:57+01:00" level=info msg="VU 11: Attempting to get token for user: performance__user_11_browser" source=console

running (01m34.0s), 08/50 VUs, 181 complete and 0 interrupted iterations
default   [   7% ] 08/50 VUs  01m34.0s/23m00.0s
time="2025-11-20T19:30:58+01:00" level=info msg="VU 11: Authenticated as 'performance__user_11_browser' with role 'library_author'" source=console

running (01m35.0s), 08/50 VUs, 185 complete and 0 interrupted iterations
default   [   7% ] 08/50 VUs  01m35.0s/23m00.0s

running (01m36.0s), 08/50 VUs, 188 complete and 0 interrupted iterations
default   [   7% ] 08/50 VUs  01m36.0s/23m00.0s

running (01m37.0s), 08/50 VUs, 192 complete and 0 interrupted iterations
default   [   7% ] 08/50 VUs  01m37.0s/23m00.0s

running (01m38.0s), 08/50 VUs, 196 complete and 0 interrupted iterations
default   [   7% ] 08/50 VUs  01m38.0s/23m00.0s

running (01m39.0s), 08/50 VUs, 200 complete and 0 interrupted iterations
default   [   7% ] 08/50 VUs  01m39.0s/23m00.0s

running (01m40.0s), 08/50 VUs, 204 complete and 0 interrupted iterations
default   [   7% ] 08/50 VUs  01m40.0s/23m00.0s

running (01m41.0s), 08/50 VUs, 208 complete and 0 interrupted iterations
default   [   7% ] 08/50 VUs  01m41.0s/23m00.0s

running (01m42.0s), 08/50 VUs, 212 complete and 0 interrupted iterations
default   [   7% ] 08/50 VUs  01m42.0s/23m00.0s

running (01m43.0s), 08/50 VUs, 216 complete and 0 interrupted iterations
default   [   7% ] 08/50 VUs  01m43.0s/23m00.0s

running (01m44.0s), 08/50 VUs, 220 complete and 0 interrupted iterations
default   [   8% ] 08/50 VUs  01m44.0s/23m00.0s

running (01m45.0s), 08/50 VUs, 224 complete and 0 interrupted iterations
default   [   8% ] 08/50 VUs  01m45.0s/23m00.0s

running (01m46.0s), 08/50 VUs, 228 complete and 0 interrupted iterations
default   [   8% ] 08/50 VUs  01m46.0s/23m00.0s
time="2025-11-20T19:31:11+01:00" level=info msg="VU 4: Attempting to get token for user: performance__user_4_browser" source=console

running (01m47.0s), 09/50 VUs, 232 complete and 0 interrupted iterations
default   [   8% ] 09/50 VUs  01m47.0s/23m00.0s
time="2025-11-20T19:31:12+01:00" level=info msg="VU 4: Authenticated as 'performance__user_4_browser' with role 'library_admin'" source=console

running (01m48.0s), 09/50 VUs, 236 complete and 0 interrupted iterations
default   [   8% ] 09/50 VUs  01m48.0s/23m00.0s

running (01m49.0s), 09/50 VUs, 240 complete and 0 interrupted iterations
default   [   8% ] 09/50 VUs  01m49.0s/23m00.0s

running (01m50.0s), 09/50 VUs, 244 complete and 0 interrupted iterations
default   [   8% ] 09/50 VUs  01m50.0s/23m00.0s

running (01m51.0s), 09/50 VUs, 248 complete and 0 interrupted iterations
default   [   8% ] 09/50 VUs  01m51.0s/23m00.0s

running (01m52.0s), 09/50 VUs, 252 complete and 0 interrupted iterations
default   [   8% ] 09/50 VUs  01m52.0s/23m00.0s

running (01m53.0s), 09/50 VUs, 256 complete and 0 interrupted iterations
default   [   8% ] 09/50 VUs  01m53.0s/23m00.0s

running (01m54.0s), 09/50 VUs, 260 complete and 0 interrupted iterations
default   [   8% ] 09/50 VUs  01m54.0s/23m00.0s

running (01m55.0s), 09/50 VUs, 264 complete and 0 interrupted iterations
default   [   8% ] 09/50 VUs  01m55.0s/23m00.0s

running (01m56.0s), 09/50 VUs, 268 complete and 0 interrupted iterations
default   [   8% ] 09/50 VUs  01m56.0s/23m00.0s

running (01m57.0s), 09/50 VUs, 272 complete and 0 interrupted iterations
default   [   8% ] 09/50 VUs  01m57.0s/23m00.0s

running (01m58.0s), 09/50 VUs, 276 complete and 0 interrupted iterations
default   [   9% ] 09/50 VUs  01m58.0s/23m00.0s

running (01m59.0s), 09/50 VUs, 280 complete and 0 interrupted iterations
default   [   9% ] 09/50 VUs  01m59.0s/23m00.0s

running (02m00.0s), 09/50 VUs, 284 complete and 0 interrupted iterations
default   [   9% ] 09/50 VUs  02m00.0s/23m00.0s
time="2025-11-20T19:31:24+01:00" level=info msg="VU 2: Attempting to get token for user: performance__user_2_browser" source=console

running (02m01.0s), 10/50 VUs, 289 complete and 0 interrupted iterations
default   [   9% ] 10/50 VUs  02m01.0s/23m00.0s
time="2025-11-20T19:31:25+01:00" level=info msg="VU 2: Authenticated as 'performance__user_2_browser' with role 'library_author'" source=console

running (02m02.0s), 10/50 VUs, 293 complete and 0 interrupted iterations
default   [   9% ] 10/50 VUs  02m02.0s/23m00.0s

running (02m03.0s), 10/50 VUs, 297 complete and 0 interrupted iterations
default   [   9% ] 10/50 VUs  02m03.0s/23m00.0s

running (02m04.0s), 10/50 VUs, 301 complete and 0 interrupted iterations
default   [   9% ] 10/50 VUs  02m04.0s/23m00.0s

running (02m05.0s), 10/50 VUs, 305 complete and 0 interrupted iterations
default   [   9% ] 10/50 VUs  02m05.0s/23m00.0s

running (02m06.0s), 10/50 VUs, 309 complete and 0 interrupted iterations
default   [   9% ] 10/50 VUs  02m06.0s/23m00.0s

running (02m07.0s), 10/50 VUs, 313 complete and 0 interrupted iterations
default   [   9% ] 10/50 VUs  02m07.0s/23m00.0s

running (02m08.0s), 10/50 VUs, 317 complete and 0 interrupted iterations
default   [   9% ] 10/50 VUs  02m08.0s/23m00.0s

running (02m09.0s), 10/50 VUs, 321 complete and 0 interrupted iterations
default   [   9% ] 10/50 VUs  02m09.0s/23m00.0s

running (02m10.0s), 10/50 VUs, 325 complete and 0 interrupted iterations
default   [   9% ] 10/50 VUs  02m10.0s/23m00.0s

running (02m11.0s), 10/50 VUs, 329 complete and 0 interrupted iterations
default   [   9% ] 10/50 VUs  02m11.0s/23m00.0s

running (02m12.0s), 10/50 VUs, 333 complete and 0 interrupted iterations
default   [  10% ] 10/50 VUs  02m12.0s/23m00.0s

running (02m13.0s), 10/50 VUs, 337 complete and 0 interrupted iterations
default   [  10% ] 10/50 VUs  02m13.0s/23m00.0s

running (02m14.0s), 10/50 VUs, 341 complete and 0 interrupted iterations
default   [  10% ] 10/50 VUs  02m14.0s/23m00.0s

running (02m15.0s), 10/50 VUs, 345 complete and 0 interrupted iterations
default   [  10% ] 10/50 VUs  02m15.0s/23m00.0s

running (02m16.0s), 10/50 VUs, 350 complete and 0 interrupted iterations
default   [  10% ] 10/50 VUs  02m16.0s/23m00.0s

running (02m17.0s), 10/50 VUs, 353 complete and 0 interrupted iterations
default   [  10% ] 10/50 VUs  02m17.0s/23m00.0s

running (02m18.0s), 10/50 VUs, 358 complete and 0 interrupted iterations
default   [  10% ] 10/50 VUs  02m18.0s/23m00.0s

running (02m19.0s), 10/50 VUs, 362 complete and 0 interrupted iterations
default   [  10% ] 10/50 VUs  02m19.0s/23m00.0s

running (02m20.0s), 10/50 VUs, 366 complete and 0 interrupted iterations
default   [  10% ] 10/50 VUs  02m20.0s/23m00.0s

running (02m21.0s), 10/50 VUs, 370 complete and 0 interrupted iterations
default   [  10% ] 10/50 VUs  02m21.0s/23m00.0s

running (02m22.0s), 10/50 VUs, 374 complete and 0 interrupted iterations
default   [  10% ] 10/50 VUs  02m22.0s/23m00.0s

running (02m23.0s), 10/50 VUs, 378 complete and 0 interrupted iterations
default   [  10% ] 10/50 VUs  02m23.0s/23m00.0s

running (02m24.0s), 10/50 VUs, 382 complete and 0 interrupted iterations
default   [  10% ] 10/50 VUs  02m24.0s/23m00.0s

running (02m25.0s), 10/50 VUs, 386 complete and 0 interrupted iterations
default   [  11% ] 10/50 VUs  02m25.0s/23m00.0s

running (02m26.0s), 10/50 VUs, 390 complete and 0 interrupted iterations
default   [  11% ] 10/50 VUs  02m26.0s/23m00.0s

running (02m27.0s), 10/50 VUs, 394 complete and 0 interrupted iterations
default   [  11% ] 10/50 VUs  02m27.0s/23m00.0s

running (02m28.0s), 10/50 VUs, 398 complete and 0 interrupted iterations
default   [  11% ] 10/50 VUs  02m28.0s/23m00.0s

running (02m29.0s), 10/50 VUs, 402 complete and 0 interrupted iterations
default   [  11% ] 10/50 VUs  02m29.0s/23m00.0s

running (02m30.0s), 10/50 VUs, 406 complete and 0 interrupted iterations
default   [  11% ] 10/50 VUs  02m30.0s/23m00.0s

running (02m31.0s), 10/50 VUs, 411 complete and 0 interrupted iterations
default   [  11% ] 10/50 VUs  02m31.0s/23m00.0s

running (02m32.0s), 10/50 VUs, 414 complete and 0 interrupted iterations
default   [  11% ] 10/50 VUs  02m32.0s/23m00.0s

running (02m33.0s), 10/50 VUs, 419 complete and 0 interrupted iterations
default   [  11% ] 10/50 VUs  02m33.0s/23m00.0s

running (02m34.0s), 10/50 VUs, 423 complete and 0 interrupted iterations
default   [  11% ] 10/50 VUs  02m34.0s/23m00.0s

running (02m35.0s), 10/50 VUs, 427 complete and 0 interrupted iterations
default   [  11% ] 10/50 VUs  02m35.0s/23m00.0s

running (02m36.0s), 10/50 VUs, 431 complete and 0 interrupted iterations
default   [  11% ] 10/50 VUs  02m36.0s/23m00.0s

running (02m37.0s), 10/50 VUs, 435 complete and 0 interrupted iterations
default   [  11% ] 10/50 VUs  02m37.0s/23m00.0s

running (02m38.0s), 10/50 VUs, 439 complete and 0 interrupted iterations
default   [  11% ] 10/50 VUs  02m38.0s/23m00.0s

running (02m39.0s), 10/50 VUs, 443 complete and 0 interrupted iterations
default   [  12% ] 10/50 VUs  02m39.0s/23m00.0s

running (02m40.0s), 10/50 VUs, 447 complete and 0 interrupted iterations
default   [  12% ] 10/50 VUs  02m40.0s/23m00.0s

running (02m41.0s), 10/50 VUs, 451 complete and 0 interrupted iterations
default   [  12% ] 10/50 VUs  02m41.0s/23m00.0s

running (02m42.0s), 10/50 VUs, 455 complete and 0 interrupted iterations
default   [  12% ] 10/50 VUs  02m42.0s/23m00.0s

running (02m43.0s), 10/50 VUs, 459 complete and 0 interrupted iterations
default   [  12% ] 10/50 VUs  02m43.0s/23m00.0s

running (02m44.0s), 10/50 VUs, 463 complete and 0 interrupted iterations
default   [  12% ] 10/50 VUs  02m44.0s/23m00.0s

running (02m45.0s), 10/50 VUs, 467 complete and 0 interrupted iterations
default   [  12% ] 10/50 VUs  02m45.0s/23m00.0s

running (02m46.0s), 10/50 VUs, 471 complete and 0 interrupted iterations
default   [  12% ] 10/50 VUs  02m46.0s/23m00.0s

running (02m47.0s), 10/50 VUs, 475 complete and 0 interrupted iterations
default   [  12% ] 10/50 VUs  02m47.0s/23m00.0s

running (02m48.0s), 10/50 VUs, 479 complete and 0 interrupted iterations
default   [  12% ] 10/50 VUs  02m48.0s/23m00.0s

running (02m49.0s), 10/50 VUs, 483 complete and 0 interrupted iterations
default   [  12% ] 10/50 VUs  02m49.0s/23m00.0s

running (02m50.0s), 10/50 VUs, 487 complete and 0 interrupted iterations
default   [  12% ] 10/50 VUs  02m50.0s/23m00.0s

running (02m51.0s), 10/50 VUs, 491 complete and 0 interrupted iterations
default   [  12% ] 10/50 VUs  02m51.0s/23m00.0s

running (02m52.0s), 10/50 VUs, 495 complete and 0 interrupted iterations
default   [  12% ] 10/50 VUs  02m52.0s/23m00.0s

running (02m53.0s), 10/50 VUs, 500 complete and 0 interrupted iterations
default   [  13% ] 10/50 VUs  02m53.0s/23m00.0s

running (02m54.0s), 10/50 VUs, 503 complete and 0 interrupted iterations
default   [  13% ] 10/50 VUs  02m54.0s/23m00.0s

running (02m55.0s), 10/50 VUs, 507 complete and 0 interrupted iterations
default   [  13% ] 10/50 VUs  02m55.0s/23m00.0s

running (02m56.0s), 10/50 VUs, 512 complete and 0 interrupted iterations
default   [  13% ] 10/50 VUs  02m56.0s/23m00.0s

running (02m57.0s), 10/50 VUs, 516 complete and 0 interrupted iterations
default   [  13% ] 10/50 VUs  02m57.0s/23m00.0s

running (02m58.0s), 10/50 VUs, 521 complete and 0 interrupted iterations
default   [  13% ] 10/50 VUs  02m58.0s/23m00.0s

running (02m59.0s), 10/50 VUs, 525 complete and 0 interrupted iterations
default   [  13% ] 10/50 VUs  02m59.0s/23m00.0s

running (03m00.0s), 10/50 VUs, 529 complete and 0 interrupted iterations
default   [  13% ] 10/50 VUs  03m00.0s/23m00.0s

running (03m01.0s), 10/50 VUs, 533 complete and 0 interrupted iterations
default   [  13% ] 10/50 VUs  03m01.0s/23m00.0s

running (03m02.0s), 10/50 VUs, 537 complete and 0 interrupted iterations
default   [  13% ] 10/50 VUs  03m02.0s/23m00.0s

running (03m03.0s), 10/50 VUs, 541 complete and 0 interrupted iterations
default   [  13% ] 10/50 VUs  03m03.0s/23m00.0s

running (03m04.0s), 10/50 VUs, 545 complete and 0 interrupted iterations
default   [  13% ] 10/50 VUs  03m04.0s/23m00.0s

running (03m05.0s), 10/50 VUs, 549 complete and 0 interrupted iterations
default   [  13% ] 10/50 VUs  03m05.0s/23m00.0s

running (03m06.0s), 10/50 VUs, 554 complete and 0 interrupted iterations
default   [  13% ] 10/50 VUs  03m06.0s/23m00.0s

running (03m07.0s), 10/50 VUs, 558 complete and 0 interrupted iterations
default   [  14% ] 10/50 VUs  03m07.0s/23m00.0s

running (03m08.0s), 10/50 VUs, 562 complete and 0 interrupted iterations
default   [  14% ] 10/50 VUs  03m08.0s/23m00.0s

running (03m09.0s), 10/50 VUs, 566 complete and 0 interrupted iterations
default   [  14% ] 10/50 VUs  03m09.0s/23m00.0s

running (03m10.0s), 10/50 VUs, 570 complete and 0 interrupted iterations
default   [  14% ] 10/50 VUs  03m10.0s/23m00.0s

running (03m11.0s), 10/50 VUs, 574 complete and 0 interrupted iterations
default   [  14% ] 10/50 VUs  03m11.0s/23m00.0s

running (03m12.0s), 10/50 VUs, 578 complete and 0 interrupted iterations
default   [  14% ] 10/50 VUs  03m12.0s/23m00.0s

running (03m13.0s), 10/50 VUs, 582 complete and 0 interrupted iterations
default   [  14% ] 10/50 VUs  03m13.0s/23m00.0s

running (03m14.0s), 10/50 VUs, 586 complete and 0 interrupted iterations
default   [  14% ] 10/50 VUs  03m14.0s/23m00.0s

running (03m15.0s), 10/50 VUs, 591 complete and 0 interrupted iterations
default   [  14% ] 10/50 VUs  03m15.0s/23m00.0s

running (03m16.0s), 10/50 VUs, 595 complete and 0 interrupted iterations
default   [  14% ] 10/50 VUs  03m16.0s/23m00.0s

running (03m17.0s), 10/50 VUs, 599 complete and 0 interrupted iterations
default   [  14% ] 10/50 VUs  03m17.0s/23m00.0s

running (03m18.0s), 10/50 VUs, 603 complete and 0 interrupted iterations
default   [  14% ] 10/50 VUs  03m18.0s/23m00.0s

running (03m19.0s), 10/50 VUs, 607 complete and 0 interrupted iterations
default   [  14% ] 10/50 VUs  03m19.0s/23m00.0s

running (03m20.0s), 10/50 VUs, 611 complete and 0 interrupted iterations
default   [  14% ] 10/50 VUs  03m20.0s/23m00.0s

running (03m21.0s), 10/50 VUs, 615 complete and 0 interrupted iterations
default   [  15% ] 10/50 VUs  03m21.0s/23m00.0s

running (03m22.0s), 10/50 VUs, 619 complete and 0 interrupted iterations
default   [  15% ] 10/50 VUs  03m22.0s/23m00.0s

running (03m23.0s), 10/50 VUs, 623 complete and 0 interrupted iterations
default   [  15% ] 10/50 VUs  03m23.0s/23m00.0s

running (03m24.0s), 10/50 VUs, 627 complete and 0 interrupted iterations
default   [  15% ] 10/50 VUs  03m24.0s/23m00.0s

running (03m25.0s), 10/50 VUs, 631 complete and 0 interrupted iterations
default   [  15% ] 10/50 VUs  03m25.0s/23m00.0s

running (03m26.0s), 10/50 VUs, 635 complete and 0 interrupted iterations
default   [  15% ] 10/50 VUs  03m26.0s/23m00.0s

running (03m27.0s), 10/50 VUs, 639 complete and 0 interrupted iterations
default   [  15% ] 10/50 VUs  03m27.0s/23m00.0s

running (03m28.0s), 10/50 VUs, 643 complete and 0 interrupted iterations
default   [  15% ] 10/50 VUs  03m28.0s/23m00.0s

running (03m29.0s), 10/50 VUs, 647 complete and 0 interrupted iterations
default   [  15% ] 10/50 VUs  03m29.0s/23m00.0s

running (03m30.0s), 10/50 VUs, 651 complete and 0 interrupted iterations
default   [  15% ] 10/50 VUs  03m30.0s/23m00.0s

running (03m31.0s), 10/50 VUs, 655 complete and 0 interrupted iterations
default   [  15% ] 10/50 VUs  03m31.0s/23m00.0s

running (03m32.0s), 10/50 VUs, 659 complete and 0 interrupted iterations
default   [  15% ] 10/50 VUs  03m32.0s/23m00.0s

running (03m33.0s), 10/50 VUs, 663 complete and 0 interrupted iterations
default   [  15% ] 10/50 VUs  03m33.0s/23m00.0s

running (03m34.0s), 10/50 VUs, 667 complete and 0 interrupted iterations
default   [  16% ] 10/50 VUs  03m34.0s/23m00.0s

running (03m35.0s), 10/50 VUs, 671 complete and 0 interrupted iterations
default   [  16% ] 10/50 VUs  03m35.0s/23m00.0s

running (03m36.0s), 10/50 VUs, 675 complete and 0 interrupted iterations
default   [  16% ] 10/50 VUs  03m36.0s/23m00.0s

running (03m37.0s), 10/50 VUs, 679 complete and 0 interrupted iterations
default   [  16% ] 10/50 VUs  03m37.0s/23m00.0s

running (03m38.0s), 10/50 VUs, 683 complete and 0 interrupted iterations
default   [  16% ] 10/50 VUs  03m38.0s/23m00.0s

running (03m39.0s), 10/50 VUs, 687 complete and 0 interrupted iterations
default   [  16% ] 10/50 VUs  03m39.0s/23m00.0s

running (03m40.0s), 10/50 VUs, 691 complete and 0 interrupted iterations
default   [  16% ] 10/50 VUs  03m40.0s/23m00.0s

running (03m41.0s), 10/50 VUs, 695 complete and 0 interrupted iterations
default   [  16% ] 10/50 VUs  03m41.0s/23m00.0s

running (03m42.0s), 10/50 VUs, 699 complete and 0 interrupted iterations
default   [  16% ] 10/50 VUs  03m42.0s/23m00.0s

running (03m43.0s), 10/50 VUs, 703 complete and 0 interrupted iterations
default   [  16% ] 10/50 VUs  03m43.0s/23m00.0s

running (03m44.0s), 10/50 VUs, 709 complete and 0 interrupted iterations
default   [  16% ] 10/50 VUs  03m44.0s/23m00.0s

running (03m45.0s), 10/50 VUs, 713 complete and 0 interrupted iterations
default   [  16% ] 10/50 VUs  03m45.0s/23m00.0s

running (03m46.0s), 10/50 VUs, 717 complete and 0 interrupted iterations
default   [  16% ] 10/50 VUs  03m46.0s/23m00.0s

running (03m47.0s), 10/50 VUs, 720 complete and 0 interrupted iterations
default   [  16% ] 10/50 VUs  03m47.0s/23m00.0s

running (03m48.0s), 10/50 VUs, 725 complete and 0 interrupted iterations
default   [  17% ] 10/50 VUs  03m48.0s/23m00.0s

running (03m49.0s), 10/50 VUs, 729 complete and 0 interrupted iterations
default   [  17% ] 10/50 VUs  03m49.0s/23m00.0s

running (03m50.0s), 10/50 VUs, 733 complete and 0 interrupted iterations
default   [  17% ] 10/50 VUs  03m50.0s/23m00.0s

running (03m51.0s), 10/50 VUs, 737 complete and 0 interrupted iterations
default   [  17% ] 10/50 VUs  03m51.0s/23m00.0s

running (03m52.0s), 10/50 VUs, 742 complete and 0 interrupted iterations
default   [  17% ] 10/50 VUs  03m52.0s/23m00.0s

running (03m53.0s), 10/50 VUs, 746 complete and 0 interrupted iterations
default   [  17% ] 10/50 VUs  03m53.0s/23m00.0s

running (03m54.0s), 10/50 VUs, 750 complete and 0 interrupted iterations
default   [  17% ] 10/50 VUs  03m54.0s/23m00.0s

running (03m55.0s), 10/50 VUs, 755 complete and 0 interrupted iterations
default   [  17% ] 10/50 VUs  03m55.0s/23m00.0s

running (03m56.0s), 10/50 VUs, 759 complete and 0 interrupted iterations
default   [  17% ] 10/50 VUs  03m56.0s/23m00.0s

running (03m57.0s), 10/50 VUs, 763 complete and 0 interrupted iterations
default   [  17% ] 10/50 VUs  03m57.0s/23m00.0s

running (03m58.0s), 10/50 VUs, 767 complete and 0 interrupted iterations
default   [  17% ] 10/50 VUs  03m58.0s/23m00.0s

running (03m59.0s), 10/50 VUs, 771 complete and 0 interrupted iterations
default   [  17% ] 10/50 VUs  03m59.0s/23m00.0s

running (04m00.0s), 10/50 VUs, 775 complete and 0 interrupted iterations
default   [  17% ] 10/50 VUs  04m00.0s/23m00.0s

running (04m01.0s), 10/50 VUs, 779 complete and 0 interrupted iterations
default   [  17% ] 10/50 VUs  04m01.0s/23m00.0s

running (04m02.0s), 10/50 VUs, 783 complete and 0 interrupted iterations
default   [  18% ] 10/50 VUs  04m02.0s/23m00.0s

running (04m03.0s), 10/50 VUs, 787 complete and 0 interrupted iterations
default   [  18% ] 10/50 VUs  04m03.0s/23m00.0s

running (04m04.0s), 10/50 VUs, 791 complete and 0 interrupted iterations
default   [  18% ] 10/50 VUs  04m04.0s/23m00.0s

running (04m05.0s), 10/50 VUs, 795 complete and 0 interrupted iterations
default   [  18% ] 10/50 VUs  04m05.0s/23m00.0s

running (04m06.0s), 10/50 VUs, 799 complete and 0 interrupted iterations
default   [  18% ] 10/50 VUs  04m06.0s/23m00.0s

running (04m07.0s), 10/50 VUs, 803 complete and 0 interrupted iterations
default   [  18% ] 10/50 VUs  04m07.0s/23m00.0s

running (04m08.0s), 10/50 VUs, 807 complete and 0 interrupted iterations
default   [  18% ] 10/50 VUs  04m08.0s/23m00.0s

running (04m09.0s), 10/50 VUs, 811 complete and 0 interrupted iterations
default   [  18% ] 10/50 VUs  04m09.0s/23m00.0s

running (04m10.0s), 10/50 VUs, 815 complete and 0 interrupted iterations
default   [  18% ] 10/50 VUs  04m10.0s/23m00.0s

running (04m11.0s), 10/50 VUs, 819 complete and 0 interrupted iterations
default   [  18% ] 10/50 VUs  04m11.0s/23m00.0s

running (04m12.0s), 10/50 VUs, 823 complete and 0 interrupted iterations
default   [  18% ] 10/50 VUs  04m12.0s/23m00.0s

running (04m13.0s), 10/50 VUs, 827 complete and 0 interrupted iterations
default   [  18% ] 10/50 VUs  04m13.0s/23m00.0s

running (04m14.0s), 10/50 VUs, 831 complete and 0 interrupted iterations
default   [  18% ] 10/50 VUs  04m14.0s/23m00.0s

running (04m15.0s), 10/50 VUs, 835 complete and 0 interrupted iterations
default   [  18% ] 10/50 VUs  04m15.0s/23m00.0s

running (04m16.0s), 10/50 VUs, 839 complete and 0 interrupted iterations
default   [  19% ] 10/50 VUs  04m16.0s/23m00.0s

running (04m17.0s), 10/50 VUs, 843 complete and 0 interrupted iterations
default   [  19% ] 10/50 VUs  04m17.0s/23m00.0s

running (04m18.0s), 10/50 VUs, 847 complete and 0 interrupted iterations
default   [  19% ] 10/50 VUs  04m18.0s/23m00.0s

running (04m19.0s), 10/50 VUs, 851 complete and 0 interrupted iterations
default   [  19% ] 10/50 VUs  04m19.0s/23m00.0s

running (04m20.0s), 10/50 VUs, 855 complete and 0 interrupted iterations
default   [  19% ] 10/50 VUs  04m20.0s/23m00.0s

running (04m21.0s), 10/50 VUs, 859 complete and 0 interrupted iterations
default   [  19% ] 10/50 VUs  04m21.0s/23m00.0s

running (04m22.0s), 10/50 VUs, 863 complete and 0 interrupted iterations
default   [  19% ] 10/50 VUs  04m22.0s/23m00.0s

running (04m23.0s), 10/50 VUs, 867 complete and 0 interrupted iterations
default   [  19% ] 10/50 VUs  04m23.0s/23m00.0s

running (04m24.0s), 10/50 VUs, 871 complete and 0 interrupted iterations
default   [  19% ] 10/50 VUs  04m24.0s/23m00.0s

running (04m25.0s), 10/50 VUs, 875 complete and 0 interrupted iterations
default   [  19% ] 10/50 VUs  04m25.0s/23m00.0s

running (04m26.0s), 10/50 VUs, 879 complete and 0 interrupted iterations
default   [  19% ] 10/50 VUs  04m26.0s/23m00.0s

running (04m27.0s), 10/50 VUs, 884 complete and 0 interrupted iterations
default   [  19% ] 10/50 VUs  04m27.0s/23m00.0s

running (04m28.0s), 10/50 VUs, 888 complete and 0 interrupted iterations
default   [  19% ] 10/50 VUs  04m28.0s/23m00.0s

running (04m29.0s), 10/50 VUs, 893 complete and 0 interrupted iterations
default   [  19% ] 10/50 VUs  04m29.0s/23m00.0s

running (04m30.0s), 10/50 VUs, 897 complete and 0 interrupted iterations
default   [  20% ] 10/50 VUs  04m30.0s/23m00.0s

running (04m31.0s), 10/50 VUs, 901 complete and 0 interrupted iterations
default   [  20% ] 10/50 VUs  04m31.0s/23m00.0s

running (04m32.0s), 10/50 VUs, 905 complete and 0 interrupted iterations
default   [  20% ] 10/50 VUs  04m32.0s/23m00.0s

running (04m33.0s), 10/50 VUs, 909 complete and 0 interrupted iterations
default   [  20% ] 10/50 VUs  04m33.0s/23m00.0s

running (04m34.0s), 10/50 VUs, 913 complete and 0 interrupted iterations
default   [  20% ] 10/50 VUs  04m34.0s/23m00.0s

running (04m35.0s), 10/50 VUs, 918 complete and 0 interrupted iterations
default   [  20% ] 10/50 VUs  04m35.0s/23m00.0s

running (04m36.0s), 10/50 VUs, 922 complete and 0 interrupted iterations
default   [  20% ] 10/50 VUs  04m36.0s/23m00.0s

running (04m37.0s), 10/50 VUs, 927 complete and 0 interrupted iterations
default   [  20% ] 10/50 VUs  04m37.0s/23m00.0s

running (04m38.0s), 10/50 VUs, 931 complete and 0 interrupted iterations
default   [  20% ] 10/50 VUs  04m38.0s/23m00.0s

running (04m39.0s), 10/50 VUs, 935 complete and 0 interrupted iterations
default   [  20% ] 10/50 VUs  04m39.0s/23m00.0s

running (04m40.0s), 10/50 VUs, 939 complete and 0 interrupted iterations
default   [  20% ] 10/50 VUs  04m40.0s/23m00.0s

running (04m41.0s), 10/50 VUs, 943 complete and 0 interrupted iterations
default   [  20% ] 10/50 VUs  04m41.0s/23m00.0s

running (04m42.0s), 10/50 VUs, 947 complete and 0 interrupted iterations
default   [  20% ] 10/50 VUs  04m42.0s/23m00.0s

running (04m43.0s), 10/50 VUs, 951 complete and 0 interrupted iterations
default   [  21% ] 10/50 VUs  04m43.0s/23m00.0s

running (04m44.0s), 10/50 VUs, 955 complete and 0 interrupted iterations
default   [  21% ] 10/50 VUs  04m44.0s/23m00.0s

running (04m45.0s), 10/50 VUs, 959 complete and 0 interrupted iterations
default   [  21% ] 10/50 VUs  04m45.0s/23m00.0s

running (04m46.0s), 10/50 VUs, 963 complete and 0 interrupted iterations
default   [  21% ] 10/50 VUs  04m46.0s/23m00.0s

running (04m47.0s), 10/50 VUs, 967 complete and 0 interrupted iterations
default   [  21% ] 10/50 VUs  04m47.0s/23m00.0s

running (04m48.0s), 10/50 VUs, 971 complete and 0 interrupted iterations
default   [  21% ] 10/50 VUs  04m48.0s/23m00.0s

running (04m49.0s), 10/50 VUs, 975 complete and 0 interrupted iterations
default   [  21% ] 10/50 VUs  04m49.0s/23m00.0s

running (04m50.0s), 10/50 VUs, 979 complete and 0 interrupted iterations
default   [  21% ] 10/50 VUs  04m50.0s/23m00.0s

running (04m51.0s), 10/50 VUs, 983 complete and 0 interrupted iterations
default   [  21% ] 10/50 VUs  04m51.0s/23m00.0s

running (04m52.0s), 10/50 VUs, 987 complete and 0 interrupted iterations
default   [  21% ] 10/50 VUs  04m52.0s/23m00.0s

running (04m53.0s), 10/50 VUs, 991 complete and 0 interrupted iterations
default   [  21% ] 10/50 VUs  04m53.0s/23m00.0s

running (04m54.0s), 10/50 VUs, 995 complete and 0 interrupted iterations
default   [  21% ] 10/50 VUs  04m54.0s/23m00.0s

running (04m55.0s), 10/50 VUs, 999 complete and 0 interrupted iterations
default   [  21% ] 10/50 VUs  04m55.0s/23m00.0s

running (04m56.0s), 10/50 VUs, 1003 complete and 0 interrupted iterations
default   [  21% ] 10/50 VUs  04m56.0s/23m00.0s

running (04m57.0s), 10/50 VUs, 1007 complete and 0 interrupted iterations
default   [  22% ] 10/50 VUs  04m57.0s/23m00.0s

running (04m58.0s), 10/50 VUs, 1011 complete and 0 interrupted iterations
default   [  22% ] 10/50 VUs  04m58.0s/23m00.0s

running (04m59.0s), 10/50 VUs, 1015 complete and 0 interrupted iterations
default   [  22% ] 10/50 VUs  04m59.0s/23m00.0s

running (05m00.0s), 10/50 VUs, 1019 complete and 0 interrupted iterations
default   [  22% ] 10/50 VUs  05m00.0s/23m00.0s

running (05m01.0s), 10/50 VUs, 1023 complete and 0 interrupted iterations
default   [  22% ] 10/50 VUs  05m01.0s/23m00.0s

running (05m02.0s), 10/50 VUs, 1027 complete and 0 interrupted iterations
default   [  22% ] 10/50 VUs  05m02.0s/23m00.0s

running (05m03.0s), 10/50 VUs, 1031 complete and 0 interrupted iterations
default   [  22% ] 10/50 VUs  05m03.0s/23m00.0s

running (05m04.0s), 10/50 VUs, 1035 complete and 0 interrupted iterations
default   [  22% ] 10/50 VUs  05m04.0s/23m00.0s

running (05m05.0s), 10/50 VUs, 1039 complete and 0 interrupted iterations
default   [  22% ] 10/50 VUs  05m05.0s/23m00.0s

running (05m06.0s), 10/50 VUs, 1043 complete and 0 interrupted iterations
default   [  22% ] 10/50 VUs  05m06.0s/23m00.0s

running (05m07.0s), 10/50 VUs, 1047 complete and 0 interrupted iterations
default   [  22% ] 10/50 VUs  05m07.0s/23m00.0s

running (05m08.0s), 10/50 VUs, 1051 complete and 0 interrupted iterations
default   [  22% ] 10/50 VUs  05m08.0s/23m00.0s
time="2025-11-20T19:34:32+01:00" level=info msg="VU 13: Attempting to get token for user: performance__user_13_browser" source=console

running (05m09.0s), 11/50 VUs, 1055 complete and 0 interrupted iterations
default   [  22% ] 11/50 VUs  05m09.0s/23m00.0s
time="2025-11-20T19:34:34+01:00" level=info msg="VU 13: Authenticated as 'performance__user_13_browser' with role 'library_admin'" source=console

running (05m10.0s), 11/50 VUs, 1059 complete and 0 interrupted iterations
default   [  22% ] 11/50 VUs  05m10.0s/23m00.0s

running (05m11.0s), 11/50 VUs, 1063 complete and 0 interrupted iterations
default   [  23% ] 11/50 VUs  05m11.0s/23m00.0s

running (05m12.0s), 11/50 VUs, 1067 complete and 0 interrupted iterations
default   [  23% ] 11/50 VUs  05m12.0s/23m00.0s

running (05m13.0s), 11/50 VUs, 1071 complete and 0 interrupted iterations
default   [  23% ] 11/50 VUs  05m13.0s/23m00.0s

running (05m14.0s), 11/50 VUs, 1075 complete and 0 interrupted iterations
default   [  23% ] 11/50 VUs  05m14.0s/23m00.0s

running (05m15.0s), 11/50 VUs, 1079 complete and 0 interrupted iterations
default   [  23% ] 11/50 VUs  05m15.0s/23m00.0s

running (05m16.0s), 11/50 VUs, 1084 complete and 0 interrupted iterations
default   [  23% ] 11/50 VUs  05m16.0s/23m00.0s
time="2025-11-20T19:34:40+01:00" level=info msg="VU 6: Attempting to get token for user: performance__user_6_browser" source=console

running (05m17.0s), 12/50 VUs, 1088 complete and 0 interrupted iterations
default   [  23% ] 12/50 VUs  05m17.0s/23m00.0s
time="2025-11-20T19:34:42+01:00" level=info msg="VU 6: Authenticated as 'performance__user_6_browser' with role 'library_user'" source=console

running (05m18.0s), 12/50 VUs, 1092 complete and 0 interrupted iterations
default   [  23% ] 12/50 VUs  05m18.0s/23m00.0s

running (05m19.0s), 12/50 VUs, 1096 complete and 0 interrupted iterations
default   [  23% ] 12/50 VUs  05m19.0s/23m00.0s

running (05m20.0s), 12/50 VUs, 1100 complete and 0 interrupted iterations
default   [  23% ] 12/50 VUs  05m20.0s/23m00.0s

running (05m21.0s), 12/50 VUs, 1104 complete and 0 interrupted iterations
default   [  23% ] 12/50 VUs  05m21.0s/23m00.0s

running (05m22.0s), 12/50 VUs, 1108 complete and 0 interrupted iterations
default   [  23% ] 12/50 VUs  05m22.0s/23m00.0s

running (05m23.0s), 12/50 VUs, 1112 complete and 0 interrupted iterations
default   [  23% ] 12/50 VUs  05m23.0s/23m00.0s

running (05m24.0s), 12/50 VUs, 1116 complete and 0 interrupted iterations
default   [  23% ] 12/50 VUs  05m24.0s/23m00.0s
time="2025-11-20T19:34:48+01:00" level=info msg="VU 7: Attempting to get token for user: performance__user_7_browser" source=console

running (05m25.0s), 13/50 VUs, 1121 complete and 0 interrupted iterations
default   [  24% ] 13/50 VUs  05m25.0s/23m00.0s
time="2025-11-20T19:34:50+01:00" level=info msg="VU 7: Authenticated as 'performance__user_7_browser' with role 'library_admin'" source=console

running (05m26.0s), 13/50 VUs, 1125 complete and 0 interrupted iterations
default   [  24% ] 13/50 VUs  05m26.0s/23m00.0s

running (05m27.0s), 13/50 VUs, 1129 complete and 0 interrupted iterations
default   [  24% ] 13/50 VUs  05m27.0s/23m00.0s

running (05m28.0s), 13/50 VUs, 1133 complete and 0 interrupted iterations
default   [  24% ] 13/50 VUs  05m28.0s/23m00.0s

running (05m29.0s), 13/50 VUs, 1137 complete and 0 interrupted iterations
default   [  24% ] 13/50 VUs  05m29.0s/23m00.0s

running (05m30.0s), 13/50 VUs, 1141 complete and 0 interrupted iterations
default   [  24% ] 13/50 VUs  05m30.0s/23m00.0s

running (05m31.0s), 13/50 VUs, 1145 complete and 0 interrupted iterations
default   [  24% ] 13/50 VUs  05m31.0s/23m00.0s

running (05m32.0s), 13/50 VUs, 1149 complete and 0 interrupted iterations
default   [  24% ] 13/50 VUs  05m32.0s/23m00.0s
time="2025-11-20T19:34:56+01:00" level=info msg="VU 19: Attempting to get token for user: performance__user_19_browser" source=console

running (05m33.0s), 14/50 VUs, 1153 complete and 0 interrupted iterations
default   [  24% ] 14/50 VUs  05m33.0s/23m00.0s
time="2025-11-20T19:34:58+01:00" level=info msg="VU 19: Authenticated as 'performance__user_19_browser' with role 'library_admin'" source=console

running (05m34.0s), 14/50 VUs, 1157 complete and 0 interrupted iterations
default   [  24% ] 14/50 VUs  05m34.0s/23m00.0s

running (05m35.0s), 14/50 VUs, 1161 complete and 0 interrupted iterations
default   [  24% ] 14/50 VUs  05m35.0s/23m00.0s

running (05m36.0s), 14/50 VUs, 1165 complete and 0 interrupted iterations
default   [  24% ] 14/50 VUs  05m36.0s/23m00.0s

running (05m37.0s), 14/50 VUs, 1169 complete and 0 interrupted iterations
default   [  24% ] 14/50 VUs  05m37.0s/23m00.0s

running (05m38.0s), 14/50 VUs, 1173 complete and 0 interrupted iterations
default   [  24% ] 14/50 VUs  05m38.0s/23m00.0s

running (05m39.0s), 14/50 VUs, 1177 complete and 0 interrupted iterations
default   [  25% ] 14/50 VUs  05m39.0s/23m00.0s

running (05m40.0s), 14/50 VUs, 1181 complete and 0 interrupted iterations
default   [  25% ] 14/50 VUs  05m40.0s/23m00.0s
time="2025-11-20T19:35:04+01:00" level=info msg="VU 15: Attempting to get token for user: performance__user_15_browser" source=console

running (05m41.0s), 15/50 VUs, 1185 complete and 0 interrupted iterations
default   [  25% ] 15/50 VUs  05m41.0s/23m00.0s

running (05m42.0s), 15/50 VUs, 1189 complete and 0 interrupted iterations
default   [  25% ] 15/50 VUs  05m42.0s/23m00.0s
time="2025-11-20T19:35:06+01:00" level=info msg="VU 15: Authenticated as 'performance__user_15_browser' with role 'library_user'" source=console

running (05m43.0s), 15/50 VUs, 1193 complete and 0 interrupted iterations
default   [  25% ] 15/50 VUs  05m43.0s/23m00.0s

running (05m44.0s), 15/50 VUs, 1196 complete and 0 interrupted iterations
default   [  25% ] 15/50 VUs  05m44.0s/23m00.0s

running (05m45.0s), 15/50 VUs, 1200 complete and 0 interrupted iterations
default   [  25% ] 15/50 VUs  05m45.0s/23m00.0s

running (05m46.0s), 15/50 VUs, 1204 complete and 0 interrupted iterations
default   [  25% ] 15/50 VUs  05m46.0s/23m00.0s

running (05m47.0s), 15/50 VUs, 1208 complete and 0 interrupted iterations
default   [  25% ] 15/50 VUs  05m47.0s/23m00.0s

running (05m48.0s), 15/50 VUs, 1212 complete and 0 interrupted iterations
default   [  25% ] 15/50 VUs  05m48.0s/23m00.0s
time="2025-11-20T19:35:12+01:00" level=info msg="VU 17: Attempting to get token for user: performance__user_17_browser" source=console

running (05m49.0s), 16/50 VUs, 1216 complete and 0 interrupted iterations
default   [  25% ] 16/50 VUs  05m49.0s/23m00.0s

running (05m50.0s), 16/50 VUs, 1220 complete and 0 interrupted iterations
default   [  25% ] 16/50 VUs  05m50.0s/23m00.0s
time="2025-11-20T19:35:15+01:00" level=info msg="VU 17: Authenticated as 'performance__user_17_browser' with role 'library_author'" source=console

running (05m51.0s), 16/50 VUs, 1224 complete and 0 interrupted iterations
default   [  25% ] 16/50 VUs  05m51.0s/23m00.0s

running (05m52.0s), 16/50 VUs, 1228 complete and 0 interrupted iterations
default   [  26% ] 16/50 VUs  05m52.0s/23m00.0s

running (05m53.0s), 16/50 VUs, 1232 complete and 0 interrupted iterations
default   [  26% ] 16/50 VUs  05m53.0s/23m00.0s

running (05m54.0s), 16/50 VUs, 1236 complete and 0 interrupted iterations
default   [  26% ] 16/50 VUs  05m54.0s/23m00.0s

running (05m55.0s), 16/50 VUs, 1240 complete and 0 interrupted iterations
default   [  26% ] 16/50 VUs  05m55.0s/23m00.0s

running (05m56.0s), 16/50 VUs, 1244 complete and 0 interrupted iterations
default   [  26% ] 16/50 VUs  05m56.0s/23m00.0s
time="2025-11-20T19:35:20+01:00" level=info msg="VU 21: Attempting to get token for user: performance__user_21_browser" source=console

running (05m57.0s), 17/50 VUs, 1248 complete and 0 interrupted iterations
default   [  26% ] 17/50 VUs  05m57.0s/23m00.0s

running (05m58.0s), 17/50 VUs, 1252 complete and 0 interrupted iterations
default   [  26% ] 17/50 VUs  05m58.0s/23m00.0s
time="2025-11-20T19:35:23+01:00" level=info msg="VU 21: Authenticated as 'performance__user_21_browser' with role 'library_user'" source=console

running (05m59.0s), 17/50 VUs, 1256 complete and 0 interrupted iterations
default   [  26% ] 17/50 VUs  05m59.0s/23m00.0s

running (06m00.0s), 17/50 VUs, 1260 complete and 0 interrupted iterations
default   [  26% ] 17/50 VUs  06m00.0s/23m00.0s

running (06m01.0s), 17/50 VUs, 1264 complete and 0 interrupted iterations
default   [  26% ] 17/50 VUs  06m01.0s/23m00.0s

running (06m02.0s), 17/50 VUs, 1269 complete and 0 interrupted iterations
default   [  26% ] 17/50 VUs  06m02.0s/23m00.0s

running (06m03.0s), 17/50 VUs, 1273 complete and 0 interrupted iterations
default   [  26% ] 17/50 VUs  06m03.0s/23m00.0s

running (06m04.0s), 17/50 VUs, 1277 complete and 0 interrupted iterations
default   [  26% ] 17/50 VUs  06m04.0s/23m00.0s
time="2025-11-20T19:35:28+01:00" level=info msg="VU 20: Attempting to get token for user: performance__user_20_browser" source=console

running (06m05.0s), 18/50 VUs, 1281 complete and 0 interrupted iterations
default   [  26% ] 18/50 VUs  06m05.0s/23m00.0s

running (06m06.0s), 18/50 VUs, 1285 complete and 0 interrupted iterations
default   [  27% ] 18/50 VUs  06m06.0s/23m00.0s
time="2025-11-20T19:35:31+01:00" level=info msg="VU 20: Authenticated as 'performance__user_20_browser' with role 'library_author'" source=console

running (06m07.0s), 18/50 VUs, 1289 complete and 0 interrupted iterations
default   [  27% ] 18/50 VUs  06m07.0s/23m00.0s

running (06m08.0s), 18/50 VUs, 1293 complete and 0 interrupted iterations
default   [  27% ] 18/50 VUs  06m08.0s/23m00.0s

running (06m09.0s), 18/50 VUs, 1297 complete and 0 interrupted iterations
default   [  27% ] 18/50 VUs  06m09.0s/23m00.0s

running (06m10.0s), 18/50 VUs, 1301 complete and 0 interrupted iterations
default   [  27% ] 18/50 VUs  06m10.0s/23m00.0s

running (06m11.0s), 18/50 VUs, 1305 complete and 0 interrupted iterations
default   [  27% ] 18/50 VUs  06m11.0s/23m00.0s

running (06m12.0s), 18/50 VUs, 1309 complete and 0 interrupted iterations
default   [  27% ] 18/50 VUs  06m12.0s/23m00.0s
time="2025-11-20T19:35:36+01:00" level=info msg="VU 23: Attempting to get token for user: performance__user_23_browser" source=console

running (06m13.0s), 19/50 VUs, 1313 complete and 0 interrupted iterations
default   [  27% ] 19/50 VUs  06m13.0s/23m00.0s

running (06m14.0s), 19/50 VUs, 1317 complete and 0 interrupted iterations
default   [  27% ] 19/50 VUs  06m14.0s/23m00.0s

running (06m15.0s), 19/50 VUs, 1321 complete and 0 interrupted iterations
default   [  27% ] 19/50 VUs  06m15.0s/23m00.0s
time="2025-11-20T19:35:39+01:00" level=info msg="VU 23: Authenticated as 'performance__user_23_browser' with role 'library_author'" source=console

running (06m16.0s), 19/50 VUs, 1325 complete and 0 interrupted iterations
default   [  27% ] 19/50 VUs  06m16.0s/23m00.0s

running (06m17.0s), 19/50 VUs, 1328 complete and 0 interrupted iterations
default   [  27% ] 19/50 VUs  06m17.0s/23m00.0s

running (06m18.0s), 19/50 VUs, 1332 complete and 0 interrupted iterations
default   [  27% ] 19/50 VUs  06m18.0s/23m00.0s

running (06m19.0s), 19/50 VUs, 1336 complete and 0 interrupted iterations
default   [  27% ] 19/50 VUs  06m19.0s/23m00.0s

running (06m20.0s), 19/50 VUs, 1340 complete and 0 interrupted iterations
default   [  28% ] 19/50 VUs  06m20.0s/23m00.0s
time="2025-11-20T19:35:44+01:00" level=info msg="VU 18: Attempting to get token for user: performance__user_18_browser" source=console

running (06m21.0s), 20/50 VUs, 1345 complete and 0 interrupted iterations
default   [  28% ] 20/50 VUs  06m21.0s/23m00.0s

running (06m22.0s), 20/50 VUs, 1349 complete and 0 interrupted iterations
default   [  28% ] 20/50 VUs  06m22.0s/23m00.0s

running (06m23.0s), 20/50 VUs, 1353 complete and 0 interrupted iterations
default   [  28% ] 20/50 VUs  06m23.0s/23m00.0s
time="2025-11-20T19:35:48+01:00" level=info msg="VU 18: Authenticated as 'performance__user_18_browser' with role 'library_user'" source=console

running (06m24.0s), 20/50 VUs, 1357 complete and 0 interrupted iterations
default   [  28% ] 20/50 VUs  06m24.0s/23m00.0s

running (06m25.0s), 20/50 VUs, 1361 complete and 0 interrupted iterations
default   [  28% ] 20/50 VUs  06m25.0s/23m00.0s

running (06m26.0s), 20/50 VUs, 1365 complete and 0 interrupted iterations
default   [  28% ] 20/50 VUs  06m26.0s/23m00.0s

running (06m27.0s), 20/50 VUs, 1369 complete and 0 interrupted iterations
default   [  28% ] 20/50 VUs  06m27.0s/23m00.0s

running (06m28.0s), 20/50 VUs, 1373 complete and 0 interrupted iterations
default   [  28% ] 20/50 VUs  06m28.0s/23m00.0s
time="2025-11-20T19:35:52+01:00" level=info msg="VU 16: Attempting to get token for user: performance__user_16_browser" source=console

running (06m29.0s), 21/50 VUs, 1377 complete and 0 interrupted iterations
default   [  28% ] 21/50 VUs  06m29.0s/23m00.0s

running (06m30.0s), 21/50 VUs, 1381 complete and 0 interrupted iterations
default   [  28% ] 21/50 VUs  06m30.0s/23m00.0s

running (06m31.0s), 21/50 VUs, 1385 complete and 0 interrupted iterations
default   [  28% ] 21/50 VUs  06m31.0s/23m00.0s
time="2025-11-20T19:35:56+01:00" level=info msg="VU 16: Authenticated as 'performance__user_16_browser' with role 'library_admin'" source=console

running (06m32.0s), 21/50 VUs, 1389 complete and 0 interrupted iterations
default   [  28% ] 21/50 VUs  06m32.0s/23m00.0s

running (06m33.0s), 21/50 VUs, 1393 complete and 0 interrupted iterations
default   [  28% ] 21/50 VUs  06m33.0s/23m00.0s

running (06m34.0s), 21/50 VUs, 1397 complete and 0 interrupted iterations
default   [  29% ] 21/50 VUs  06m34.0s/23m00.0s

running (06m35.0s), 21/50 VUs, 1401 complete and 0 interrupted iterations
default   [  29% ] 21/50 VUs  06m35.0s/23m00.0s

running (06m36.0s), 21/50 VUs, 1405 complete and 0 interrupted iterations
default   [  29% ] 21/50 VUs  06m36.0s/23m00.0s
time="2025-11-20T19:36:00+01:00" level=info msg="VU 14: Attempting to get token for user: performance__user_14_browser" source=console

running (06m37.0s), 22/50 VUs, 1409 complete and 0 interrupted iterations
default   [  29% ] 22/50 VUs  06m37.0s/23m00.0s

running (06m38.0s), 22/50 VUs, 1413 complete and 0 interrupted iterations
default   [  29% ] 22/50 VUs  06m38.0s/23m00.0s

running (06m39.0s), 22/50 VUs, 1417 complete and 0 interrupted iterations
default   [  29% ] 22/50 VUs  06m39.0s/23m00.0s
time="2025-11-20T19:36:04+01:00" level=info msg="VU 14: Authenticated as 'performance__user_14_browser' with role 'library_author'" source=console

running (06m40.0s), 22/50 VUs, 1421 complete and 0 interrupted iterations
default   [  29% ] 22/50 VUs  06m40.0s/23m00.0s

running (06m41.0s), 22/50 VUs, 1425 complete and 0 interrupted iterations
default   [  29% ] 22/50 VUs  06m41.0s/23m00.0s

running (06m42.0s), 22/50 VUs, 1429 complete and 0 interrupted iterations
default   [  29% ] 22/50 VUs  06m42.0s/23m00.0s

running (06m43.0s), 22/50 VUs, 1433 complete and 0 interrupted iterations
default   [  29% ] 22/50 VUs  06m43.0s/23m00.0s

running (06m44.0s), 22/50 VUs, 1437 complete and 0 interrupted iterations
default   [  29% ] 22/50 VUs  06m44.0s/23m00.0s
time="2025-11-20T19:36:08+01:00" level=info msg="VU 29: Attempting to get token for user: performance__user_29_browser" source=console

running (06m45.0s), 23/50 VUs, 1441 complete and 0 interrupted iterations
default   [  29% ] 23/50 VUs  06m45.0s/23m00.0s

running (06m46.0s), 23/50 VUs, 1445 complete and 0 interrupted iterations
default   [  29% ] 23/50 VUs  06m46.0s/23m00.0s

running (06m47.0s), 23/50 VUs, 1449 complete and 0 interrupted iterations
default   [  29% ] 23/50 VUs  06m47.0s/23m00.0s

running (06m48.0s), 23/50 VUs, 1453 complete and 0 interrupted iterations
default   [  30% ] 23/50 VUs  06m48.0s/23m00.0s
time="2025-11-20T19:36:12+01:00" level=info msg="VU 29: Authenticated as 'performance__user_29_browser' with role 'library_author'" source=console

running (06m49.0s), 23/50 VUs, 1457 complete and 0 interrupted iterations
default   [  30% ] 23/50 VUs  06m49.0s/23m00.0s

running (06m50.0s), 23/50 VUs, 1460 complete and 0 interrupted iterations
default   [  30% ] 23/50 VUs  06m50.0s/23m00.0s

running (06m51.0s), 23/50 VUs, 1464 complete and 0 interrupted iterations
default   [  30% ] 23/50 VUs  06m51.0s/23m00.0s

running (06m52.0s), 23/50 VUs, 1468 complete and 0 interrupted iterations
default   [  30% ] 23/50 VUs  06m52.0s/23m00.0s
time="2025-11-20T19:36:16+01:00" level=info msg="VU 31: Attempting to get token for user: performance__user_31_browser" source=console

running (06m53.0s), 24/50 VUs, 1473 complete and 0 interrupted iterations
default   [  30% ] 24/50 VUs  06m53.0s/23m00.0s

running (06m54.0s), 24/50 VUs, 1477 complete and 0 interrupted iterations
default   [  30% ] 24/50 VUs  06m54.0s/23m00.0s

running (06m55.0s), 24/50 VUs, 1481 complete and 0 interrupted iterations
default   [  30% ] 24/50 VUs  06m55.0s/23m00.0s

running (06m56.0s), 24/50 VUs, 1484 complete and 0 interrupted iterations
default   [  30% ] 24/50 VUs  06m56.0s/23m00.0s
time="2025-11-20T19:36:20+01:00" level=info msg="VU 31: Authenticated as 'performance__user_31_browser' with role 'library_admin'" source=console

running (06m57.0s), 24/50 VUs, 1489 complete and 0 interrupted iterations
default   [  30% ] 24/50 VUs  06m57.0s/23m00.0s

running (06m58.0s), 24/50 VUs, 1493 complete and 0 interrupted iterations
default   [  30% ] 24/50 VUs  06m58.0s/23m00.0s

running (06m59.0s), 24/50 VUs, 1497 complete and 0 interrupted iterations
default   [  30% ] 24/50 VUs  06m59.0s/23m00.0s

running (07m00.0s), 24/50 VUs, 1501 complete and 0 interrupted iterations
default   [  30% ] 24/50 VUs  07m00.0s/23m00.0s
time="2025-11-20T19:36:24+01:00" level=info msg="VU 22: Attempting to get token for user: performance__user_22_browser" source=console

running (07m01.0s), 25/50 VUs, 1505 complete and 0 interrupted iterations
default   [  31% ] 25/50 VUs  07m01.0s/23m00.0s

running (07m02.0s), 25/50 VUs, 1509 complete and 0 interrupted iterations
default   [  31% ] 25/50 VUs  07m02.0s/23m00.0s

running (07m03.0s), 25/50 VUs, 1513 complete and 0 interrupted iterations
default   [  31% ] 25/50 VUs  07m03.0s/23m00.0s

running (07m04.0s), 25/50 VUs, 1517 complete and 0 interrupted iterations
default   [  31% ] 25/50 VUs  07m04.0s/23m00.0s
time="2025-11-20T19:36:29+01:00" level=info msg="VU 22: Authenticated as 'performance__user_22_browser' with role 'library_admin'" source=console

running (07m05.0s), 25/50 VUs, 1521 complete and 0 interrupted iterations
default   [  31% ] 25/50 VUs  07m05.0s/23m00.0s

running (07m06.0s), 25/50 VUs, 1525 complete and 0 interrupted iterations
default   [  31% ] 25/50 VUs  07m06.0s/23m00.0s

running (07m07.0s), 25/50 VUs, 1530 complete and 0 interrupted iterations
default   [  31% ] 25/50 VUs  07m07.0s/23m00.0s

running (07m08.0s), 25/50 VUs, 1534 complete and 0 interrupted iterations
default   [  31% ] 25/50 VUs  07m08.0s/23m00.0s

running (07m09.0s), 25/50 VUs, 1538 complete and 0 interrupted iterations
default   [  31% ] 25/50 VUs  07m09.0s/23m00.0s

running (07m10.0s), 25/50 VUs, 1542 complete and 0 interrupted iterations
default   [  31% ] 25/50 VUs  07m10.0s/23m00.0s

running (07m11.0s), 25/50 VUs, 1546 complete and 0 interrupted iterations
default   [  31% ] 25/50 VUs  07m11.0s/23m00.0s

running (07m12.0s), 25/50 VUs, 1550 complete and 0 interrupted iterations
default   [  31% ] 25/50 VUs  07m12.0s/23m00.0s

running (07m13.0s), 25/50 VUs, 1554 complete and 0 interrupted iterations
default   [  31% ] 25/50 VUs  07m13.0s/23m00.0s

running (07m14.0s), 25/50 VUs, 1558 complete and 0 interrupted iterations
default   [  31% ] 25/50 VUs  07m14.0s/23m00.0s

running (07m15.0s), 25/50 VUs, 1562 complete and 0 interrupted iterations
default   [  32% ] 25/50 VUs  07m15.0s/23m00.0s

running (07m16.0s), 25/50 VUs, 1566 complete and 0 interrupted iterations
default   [  32% ] 25/50 VUs  07m16.0s/23m00.0s

running (07m17.0s), 25/50 VUs, 1570 complete and 0 interrupted iterations
default   [  32% ] 25/50 VUs  07m17.0s/23m00.0s

running (07m18.0s), 25/50 VUs, 1574 complete and 0 interrupted iterations
default   [  32% ] 25/50 VUs  07m18.0s/23m00.0s

running (07m19.0s), 25/50 VUs, 1578 complete and 0 interrupted iterations
default   [  32% ] 25/50 VUs  07m19.0s/23m00.0s

running (07m20.0s), 25/50 VUs, 1582 complete and 0 interrupted iterations
default   [  32% ] 25/50 VUs  07m20.0s/23m00.0s

running (07m21.0s), 25/50 VUs, 1586 complete and 0 interrupted iterations
default   [  32% ] 25/50 VUs  07m21.0s/23m00.0s

running (07m22.0s), 25/50 VUs, 1590 complete and 0 interrupted iterations
default   [  32% ] 25/50 VUs  07m22.0s/23m00.0s

running (07m23.0s), 25/50 VUs, 1594 complete and 0 interrupted iterations
default   [  32% ] 25/50 VUs  07m23.0s/23m00.0s

running (07m24.0s), 25/50 VUs, 1598 complete and 0 interrupted iterations
default   [  32% ] 25/50 VUs  07m24.0s/23m00.0s

running (07m25.0s), 25/50 VUs, 1602 complete and 0 interrupted iterations
default   [  32% ] 25/50 VUs  07m25.0s/23m00.0s

running (07m26.0s), 25/50 VUs, 1606 complete and 0 interrupted iterations
default   [  32% ] 25/50 VUs  07m26.0s/23m00.0s

running (07m27.0s), 25/50 VUs, 1610 complete and 0 interrupted iterations
default   [  32% ] 25/50 VUs  07m27.0s/23m00.0s

running (07m28.0s), 25/50 VUs, 1614 complete and 0 interrupted iterations
default   [  32% ] 25/50 VUs  07m28.0s/23m00.0s

running (07m29.0s), 25/50 VUs, 1618 complete and 0 interrupted iterations
default   [  33% ] 25/50 VUs  07m29.0s/23m00.0s

running (07m30.0s), 25/50 VUs, 1622 complete and 0 interrupted iterations
default   [  33% ] 25/50 VUs  07m30.0s/23m00.0s

running (07m31.0s), 25/50 VUs, 1626 complete and 0 interrupted iterations
default   [  33% ] 25/50 VUs  07m31.0s/23m00.0s

running (07m32.0s), 25/50 VUs, 1630 complete and 0 interrupted iterations
default   [  33% ] 25/50 VUs  07m32.0s/23m00.0s

running (07m33.0s), 25/50 VUs, 1634 complete and 0 interrupted iterations
default   [  33% ] 25/50 VUs  07m33.0s/23m00.0s

running (07m34.0s), 25/50 VUs, 1640 complete and 0 interrupted iterations
default   [  33% ] 25/50 VUs  07m34.0s/23m00.0s

running (07m35.0s), 25/50 VUs, 1644 complete and 0 interrupted iterations
default   [  33% ] 25/50 VUs  07m35.0s/23m00.0s

running (07m36.0s), 25/50 VUs, 1648 complete and 0 interrupted iterations
default   [  33% ] 25/50 VUs  07m36.0s/23m00.0s

running (07m37.0s), 25/50 VUs, 1652 complete and 0 interrupted iterations
default   [  33% ] 25/50 VUs  07m37.0s/23m00.0s

running (07m38.0s), 25/50 VUs, 1657 complete and 0 interrupted iterations
default   [  33% ] 25/50 VUs  07m38.0s/23m00.0s

running (07m39.0s), 25/50 VUs, 1661 complete and 0 interrupted iterations
default   [  33% ] 25/50 VUs  07m39.0s/23m00.0s

running (07m40.0s), 25/50 VUs, 1665 complete and 0 interrupted iterations
default   [  33% ] 25/50 VUs  07m40.0s/23m00.0s

running (07m41.0s), 25/50 VUs, 1669 complete and 0 interrupted iterations
default   [  33% ] 25/50 VUs  07m41.0s/23m00.0s

running (07m42.0s), 25/50 VUs, 1673 complete and 0 interrupted iterations
default   [  33% ] 25/50 VUs  07m42.0s/23m00.0s

running (07m43.0s), 25/50 VUs, 1677 complete and 0 interrupted iterations
default   [  34% ] 25/50 VUs  07m43.0s/23m00.0s

running (07m44.0s), 25/50 VUs, 1682 complete and 0 interrupted iterations
default   [  34% ] 25/50 VUs  07m44.0s/23m00.0s

running (07m45.0s), 25/50 VUs, 1686 complete and 0 interrupted iterations
default   [  34% ] 25/50 VUs  07m45.0s/23m00.0s

running (07m46.0s), 25/50 VUs, 1690 complete and 0 interrupted iterations
default   [  34% ] 25/50 VUs  07m46.0s/23m00.0s

running (07m47.0s), 25/50 VUs, 1694 complete and 0 interrupted iterations
default   [  34% ] 25/50 VUs  07m47.0s/23m00.0s

running (07m48.0s), 25/50 VUs, 1698 complete and 0 interrupted iterations
default   [  34% ] 25/50 VUs  07m48.0s/23m00.0s

running (07m49.0s), 25/50 VUs, 1702 complete and 0 interrupted iterations
default   [  34% ] 25/50 VUs  07m49.0s/23m00.0s

running (07m50.0s), 25/50 VUs, 1706 complete and 0 interrupted iterations
default   [  34% ] 25/50 VUs  07m50.0s/23m00.0s

running (07m51.0s), 25/50 VUs, 1710 complete and 0 interrupted iterations
default   [  34% ] 25/50 VUs  07m51.0s/23m00.0s

running (07m52.0s), 25/50 VUs, 1714 complete and 0 interrupted iterations
default   [  34% ] 25/50 VUs  07m52.0s/23m00.0s

running (07m53.0s), 25/50 VUs, 1718 complete and 0 interrupted iterations
default   [  34% ] 25/50 VUs  07m53.0s/23m00.0s

running (07m54.0s), 25/50 VUs, 1722 complete and 0 interrupted iterations
default   [  34% ] 25/50 VUs  07m54.0s/23m00.0s

running (07m55.0s), 25/50 VUs, 1726 complete and 0 interrupted iterations
default   [  34% ] 25/50 VUs  07m55.0s/23m00.0s

running (07m56.0s), 25/50 VUs, 1730 complete and 0 interrupted iterations
default   [  34% ] 25/50 VUs  07m56.0s/23m00.0s

running (07m57.0s), 25/50 VUs, 1734 complete and 0 interrupted iterations
default   [  35% ] 25/50 VUs  07m57.0s/23m00.0s

running (07m58.0s), 25/50 VUs, 1738 complete and 0 interrupted iterations
default   [  35% ] 25/50 VUs  07m58.0s/23m00.0s

running (07m59.0s), 25/50 VUs, 1742 complete and 0 interrupted iterations
default   [  35% ] 25/50 VUs  07m59.0s/23m00.0s

running (08m00.0s), 25/50 VUs, 1746 complete and 0 interrupted iterations
default   [  35% ] 25/50 VUs  08m00.0s/23m00.0s

running (08m01.0s), 25/50 VUs, 1750 complete and 0 interrupted iterations
default   [  35% ] 25/50 VUs  08m01.0s/23m00.0s

running (08m02.0s), 25/50 VUs, 1754 complete and 0 interrupted iterations
default   [  35% ] 25/50 VUs  08m02.0s/23m00.0s

running (08m03.0s), 25/50 VUs, 1758 complete and 0 interrupted iterations
default   [  35% ] 25/50 VUs  08m03.0s/23m00.0s

running (08m04.0s), 25/50 VUs, 1762 complete and 0 interrupted iterations
default   [  35% ] 25/50 VUs  08m04.0s/23m00.0s

running (08m05.0s), 25/50 VUs, 1766 complete and 0 interrupted iterations
default   [  35% ] 25/50 VUs  08m05.0s/23m00.0s

running (08m06.0s), 25/50 VUs, 1770 complete and 0 interrupted iterations
default   [  35% ] 25/50 VUs  08m06.0s/23m00.0s

running (08m07.0s), 25/50 VUs, 1774 complete and 0 interrupted iterations
default   [  35% ] 25/50 VUs  08m07.0s/23m00.0s

running (08m08.0s), 25/50 VUs, 1778 complete and 0 interrupted iterations
default   [  35% ] 25/50 VUs  08m08.0s/23m00.0s

running (08m09.0s), 25/50 VUs, 1782 complete and 0 interrupted iterations
default   [  35% ] 25/50 VUs  08m09.0s/23m00.0s

running (08m10.0s), 25/50 VUs, 1786 complete and 0 interrupted iterations
default   [  36% ] 25/50 VUs  08m10.0s/23m00.0s

running (08m11.0s), 25/50 VUs, 1790 complete and 0 interrupted iterations
default   [  36% ] 25/50 VUs  08m11.0s/23m00.0s

running (08m12.0s), 25/50 VUs, 1794 complete and 0 interrupted iterations
default   [  36% ] 25/50 VUs  08m12.0s/23m00.0s

running (08m13.0s), 25/50 VUs, 1798 complete and 0 interrupted iterations
default   [  36% ] 25/50 VUs  08m13.0s/23m00.0s

running (08m14.0s), 25/50 VUs, 1802 complete and 0 interrupted iterations
default   [  36% ] 25/50 VUs  08m14.0s/23m00.0s

running (08m15.0s), 25/50 VUs, 1806 complete and 0 interrupted iterations
default   [  36% ] 25/50 VUs  08m15.0s/23m00.0s

running (08m16.0s), 25/50 VUs, 1810 complete and 0 interrupted iterations
default   [  36% ] 25/50 VUs  08m16.0s/23m00.0s

running (08m17.0s), 25/50 VUs, 1814 complete and 0 interrupted iterations
default   [  36% ] 25/50 VUs  08m17.0s/23m00.0s

running (08m18.0s), 25/50 VUs, 1818 complete and 0 interrupted iterations
default   [  36% ] 25/50 VUs  08m18.0s/23m00.0s

running (08m19.0s), 25/50 VUs, 1822 complete and 0 interrupted iterations
default   [  36% ] 25/50 VUs  08m19.0s/23m00.0s

running (08m20.0s), 25/50 VUs, 1826 complete and 0 interrupted iterations
default   [  36% ] 25/50 VUs  08m20.0s/23m00.0s

running (08m21.0s), 25/50 VUs, 1830 complete and 0 interrupted iterations
default   [  36% ] 25/50 VUs  08m21.0s/23m00.0s

running (08m22.0s), 25/50 VUs, 1834 complete and 0 interrupted iterations
default   [  36% ] 25/50 VUs  08m22.0s/23m00.0s

running (08m23.0s), 25/50 VUs, 1838 complete and 0 interrupted iterations
default   [  36% ] 25/50 VUs  08m23.0s/23m00.0s

running (08m24.0s), 25/50 VUs, 1846 complete and 0 interrupted iterations
default   [  37% ] 25/50 VUs  08m24.0s/23m00.0s

running (08m25.0s), 25/50 VUs, 1850 complete and 0 interrupted iterations
default   [  37% ] 25/50 VUs  08m25.0s/23m00.0s

running (08m26.0s), 25/50 VUs, 1854 complete and 0 interrupted iterations
default   [  37% ] 25/50 VUs  08m26.0s/23m00.0s

running (08m27.0s), 25/50 VUs, 1858 complete and 0 interrupted iterations
default   [  37% ] 25/50 VUs  08m27.0s/23m00.0s

running (08m28.0s), 25/50 VUs, 1862 complete and 0 interrupted iterations
default   [  37% ] 25/50 VUs  08m28.0s/23m00.0s

running (08m29.0s), 25/50 VUs, 1866 complete and 0 interrupted iterations
default   [  37% ] 25/50 VUs  08m29.0s/23m00.0s

running (08m30.0s), 25/50 VUs, 1870 complete and 0 interrupted iterations
default   [  37% ] 25/50 VUs  08m30.0s/23m00.0s

running (08m31.0s), 25/50 VUs, 1874 complete and 0 interrupted iterations
default   [  37% ] 25/50 VUs  08m31.0s/23m00.0s

running (08m32.0s), 25/50 VUs, 1878 complete and 0 interrupted iterations
default   [  37% ] 25/50 VUs  08m32.0s/23m00.0s

running (08m33.0s), 25/50 VUs, 1882 complete and 0 interrupted iterations
default   [  37% ] 25/50 VUs  08m33.0s/23m00.0s

running (08m34.0s), 25/50 VUs, 1886 complete and 0 interrupted iterations
default   [  37% ] 25/50 VUs  08m34.0s/23m00.0s

running (08m35.0s), 25/50 VUs, 1890 complete and 0 interrupted iterations
default   [  37% ] 25/50 VUs  08m35.0s/23m00.0s

running (08m36.0s), 25/50 VUs, 1894 complete and 0 interrupted iterations
default   [  37% ] 25/50 VUs  08m36.0s/23m00.0s

running (08m37.0s), 25/50 VUs, 1898 complete and 0 interrupted iterations
default   [  37% ] 25/50 VUs  08m37.0s/23m00.0s

running (08m38.0s), 25/50 VUs, 1902 complete and 0 interrupted iterations
default   [  38% ] 25/50 VUs  08m38.0s/23m00.0s

running (08m39.0s), 25/50 VUs, 1906 complete and 0 interrupted iterations
default   [  38% ] 25/50 VUs  08m39.0s/23m00.0s

running (08m40.0s), 25/50 VUs, 1910 complete and 0 interrupted iterations
default   [  38% ] 25/50 VUs  08m40.0s/23m00.0s

running (08m41.0s), 25/50 VUs, 1914 complete and 0 interrupted iterations
default   [  38% ] 25/50 VUs  08m41.0s/23m00.0s

running (08m42.0s), 25/50 VUs, 1918 complete and 0 interrupted iterations
default   [  38% ] 25/50 VUs  08m42.0s/23m00.0s

running (08m43.0s), 25/50 VUs, 1922 complete and 0 interrupted iterations
default   [  38% ] 25/50 VUs  08m43.0s/23m00.0s

running (08m44.0s), 25/50 VUs, 1926 complete and 0 interrupted iterations
default   [  38% ] 25/50 VUs  08m44.0s/23m00.0s

running (08m45.0s), 25/50 VUs, 1930 complete and 0 interrupted iterations
default   [  38% ] 25/50 VUs  08m45.0s/23m00.0s

running (08m46.0s), 25/50 VUs, 1934 complete and 0 interrupted iterations
default   [  38% ] 25/50 VUs  08m46.0s/23m00.0s

running (08m47.0s), 25/50 VUs, 1938 complete and 0 interrupted iterations
default   [  38% ] 25/50 VUs  08m47.0s/23m00.0s

running (08m48.0s), 25/50 VUs, 1942 complete and 0 interrupted iterations
default   [  38% ] 25/50 VUs  08m48.0s/23m00.0s

running (08m49.0s), 25/50 VUs, 1946 complete and 0 interrupted iterations
default   [  38% ] 25/50 VUs  08m49.0s/23m00.0s

running (08m50.0s), 25/50 VUs, 1950 complete and 0 interrupted iterations
default   [  38% ] 25/50 VUs  08m50.0s/23m00.0s

running (08m51.0s), 25/50 VUs, 1954 complete and 0 interrupted iterations
default   [  38% ] 25/50 VUs  08m51.0s/23m00.0s

running (08m52.0s), 25/50 VUs, 1958 complete and 0 interrupted iterations
default   [  39% ] 25/50 VUs  08m52.0s/23m00.0s

running (08m53.0s), 25/50 VUs, 1962 complete and 0 interrupted iterations
default   [  39% ] 25/50 VUs  08m53.0s/23m00.0s

running (08m54.0s), 25/50 VUs, 1966 complete and 0 interrupted iterations
default   [  39% ] 25/50 VUs  08m54.0s/23m00.0s

running (08m55.0s), 25/50 VUs, 1970 complete and 0 interrupted iterations
default   [  39% ] 25/50 VUs  08m55.0s/23m00.0s

running (08m56.0s), 25/50 VUs, 1974 complete and 0 interrupted iterations
default   [  39% ] 25/50 VUs  08m56.0s/23m00.0s

running (08m57.0s), 25/50 VUs, 1978 complete and 0 interrupted iterations
default   [  39% ] 25/50 VUs  08m57.0s/23m00.0s

running (08m58.0s), 25/50 VUs, 1982 complete and 0 interrupted iterations
default   [  39% ] 25/50 VUs  08m58.0s/23m00.0s

running (08m59.0s), 25/50 VUs, 1986 complete and 0 interrupted iterations
default   [  39% ] 25/50 VUs  08m59.0s/23m00.0s

running (09m00.0s), 25/50 VUs, 1990 complete and 0 interrupted iterations
default   [  39% ] 25/50 VUs  09m00.0s/23m00.0s

running (09m01.0s), 25/50 VUs, 1994 complete and 0 interrupted iterations
default   [  39% ] 25/50 VUs  09m01.0s/23m00.0s

running (09m02.0s), 25/50 VUs, 1999 complete and 0 interrupted iterations
default   [  39% ] 25/50 VUs  09m02.0s/23m00.0s

running (09m03.0s), 25/50 VUs, 2003 complete and 0 interrupted iterations
default   [  39% ] 25/50 VUs  09m03.0s/23m00.0s

running (09m04.0s), 25/50 VUs, 2007 complete and 0 interrupted iterations
default   [  39% ] 25/50 VUs  09m04.0s/23m00.0s

running (09m05.0s), 25/50 VUs, 2012 complete and 0 interrupted iterations
default   [  39% ] 25/50 VUs  09m05.0s/23m00.0s

running (09m06.0s), 25/50 VUs, 2016 complete and 0 interrupted iterations
default   [  40% ] 25/50 VUs  09m06.0s/23m00.0s

running (09m07.0s), 25/50 VUs, 2021 complete and 0 interrupted iterations
default   [  40% ] 25/50 VUs  09m07.0s/23m00.0s

running (09m08.0s), 25/50 VUs, 2026 complete and 0 interrupted iterations
default   [  40% ] 25/50 VUs  09m08.0s/23m00.0s

running (09m09.0s), 25/50 VUs, 2030 complete and 0 interrupted iterations
default   [  40% ] 25/50 VUs  09m09.0s/23m00.0s

running (09m10.0s), 25/50 VUs, 2034 complete and 0 interrupted iterations
default   [  40% ] 25/50 VUs  09m10.0s/23m00.0s

running (09m11.0s), 25/50 VUs, 2038 complete and 0 interrupted iterations
default   [  40% ] 25/50 VUs  09m11.0s/23m00.0s

running (09m12.0s), 25/50 VUs, 2042 complete and 0 interrupted iterations
default   [  40% ] 25/50 VUs  09m12.0s/23m00.0s

running (09m13.0s), 25/50 VUs, 2046 complete and 0 interrupted iterations
default   [  40% ] 25/50 VUs  09m13.0s/23m00.0s

running (09m14.0s), 25/50 VUs, 2050 complete and 0 interrupted iterations
default   [  40% ] 25/50 VUs  09m14.0s/23m00.0s

running (09m15.0s), 25/50 VUs, 2054 complete and 0 interrupted iterations
default   [  40% ] 25/50 VUs  09m15.0s/23m00.0s

running (09m16.0s), 25/50 VUs, 2058 complete and 0 interrupted iterations
default   [  40% ] 25/50 VUs  09m16.0s/23m00.0s

running (09m17.0s), 25/50 VUs, 2062 complete and 0 interrupted iterations
default   [  40% ] 25/50 VUs  09m17.0s/23m00.0s

running (09m18.0s), 25/50 VUs, 2066 complete and 0 interrupted iterations
default   [  40% ] 25/50 VUs  09m18.0s/23m00.0s

running (09m19.0s), 25/50 VUs, 2070 complete and 0 interrupted iterations
default   [  41% ] 25/50 VUs  09m19.0s/23m00.0s

running (09m20.0s), 25/50 VUs, 2074 complete and 0 interrupted iterations
default   [  41% ] 25/50 VUs  09m20.0s/23m00.0s

running (09m21.0s), 25/50 VUs, 2078 complete and 0 interrupted iterations
default   [  41% ] 25/50 VUs  09m21.0s/23m00.0s

running (09m22.0s), 25/50 VUs, 2082 complete and 0 interrupted iterations
default   [  41% ] 25/50 VUs  09m22.0s/23m00.0s

running (09m23.0s), 25/50 VUs, 2086 complete and 0 interrupted iterations
default   [  41% ] 25/50 VUs  09m23.0s/23m00.0s

running (09m24.0s), 25/50 VUs, 2090 complete and 0 interrupted iterations
default   [  41% ] 25/50 VUs  09m24.0s/23m00.0s

running (09m25.0s), 25/50 VUs, 2094 complete and 0 interrupted iterations
default   [  41% ] 25/50 VUs  09m25.0s/23m00.0s

running (09m26.0s), 25/50 VUs, 2098 complete and 0 interrupted iterations
default   [  41% ] 25/50 VUs  09m26.0s/23m00.0s

running (09m27.0s), 25/50 VUs, 2102 complete and 0 interrupted iterations
default   [  41% ] 25/50 VUs  09m27.0s/23m00.0s

running (09m28.0s), 25/50 VUs, 2106 complete and 0 interrupted iterations
default   [  41% ] 25/50 VUs  09m28.0s/23m00.0s

running (09m29.0s), 25/50 VUs, 2110 complete and 0 interrupted iterations
default   [  41% ] 25/50 VUs  09m29.0s/23m00.0s

running (09m30.0s), 25/50 VUs, 2114 complete and 0 interrupted iterations
default   [  41% ] 25/50 VUs  09m30.0s/23m00.0s

running (09m31.0s), 25/50 VUs, 2118 complete and 0 interrupted iterations
default   [  41% ] 25/50 VUs  09m31.0s/23m00.0s

running (09m32.0s), 25/50 VUs, 2122 complete and 0 interrupted iterations
default   [  41% ] 25/50 VUs  09m32.0s/23m00.0s

running (09m33.0s), 25/50 VUs, 2126 complete and 0 interrupted iterations
default   [  42% ] 25/50 VUs  09m33.0s/23m00.0s

running (09m34.0s), 25/50 VUs, 2130 complete and 0 interrupted iterations
default   [  42% ] 25/50 VUs  09m34.0s/23m00.0s

running (09m35.0s), 25/50 VUs, 2134 complete and 0 interrupted iterations
default   [  42% ] 25/50 VUs  09m35.0s/23m00.0s

running (09m36.0s), 25/50 VUs, 2138 complete and 0 interrupted iterations
default   [  42% ] 25/50 VUs  09m36.0s/23m00.0s

running (09m37.0s), 25/50 VUs, 2142 complete and 0 interrupted iterations
default   [  42% ] 25/50 VUs  09m37.0s/23m00.0s

running (09m38.0s), 25/50 VUs, 2146 complete and 0 interrupted iterations
default   [  42% ] 25/50 VUs  09m38.0s/23m00.0s

running (09m39.0s), 25/50 VUs, 2150 complete and 0 interrupted iterations
default   [  42% ] 25/50 VUs  09m39.0s/23m00.0s

running (09m40.0s), 25/50 VUs, 2154 complete and 0 interrupted iterations
default   [  42% ] 25/50 VUs  09m40.0s/23m00.0s

running (09m41.0s), 25/50 VUs, 2158 complete and 0 interrupted iterations
default   [  42% ] 25/50 VUs  09m41.0s/23m00.0s

running (09m42.0s), 25/50 VUs, 2162 complete and 0 interrupted iterations
default   [  42% ] 25/50 VUs  09m42.0s/23m00.0s

running (09m43.0s), 25/50 VUs, 2166 complete and 0 interrupted iterations
default   [  42% ] 25/50 VUs  09m43.0s/23m00.0s

running (09m44.0s), 25/50 VUs, 2170 complete and 0 interrupted iterations
default   [  42% ] 25/50 VUs  09m44.0s/23m00.0s

running (09m45.0s), 25/50 VUs, 2174 complete and 0 interrupted iterations
default   [  42% ] 25/50 VUs  09m45.0s/23m00.0s

running (09m46.0s), 25/50 VUs, 2178 complete and 0 interrupted iterations
default   [  42% ] 25/50 VUs  09m46.0s/23m00.0s

running (09m47.0s), 25/50 VUs, 2182 complete and 0 interrupted iterations
default   [  43% ] 25/50 VUs  09m47.0s/23m00.0s

running (09m48.0s), 25/50 VUs, 2186 complete and 0 interrupted iterations
default   [  43% ] 25/50 VUs  09m48.0s/23m00.0s

running (09m49.0s), 25/50 VUs, 2190 complete and 0 interrupted iterations
default   [  43% ] 25/50 VUs  09m49.0s/23m00.0s

running (09m50.0s), 25/50 VUs, 2194 complete and 0 interrupted iterations
default   [  43% ] 25/50 VUs  09m50.0s/23m00.0s

running (09m51.0s), 25/50 VUs, 2198 complete and 0 interrupted iterations
default   [  43% ] 25/50 VUs  09m51.0s/23m00.0s

running (09m52.0s), 25/50 VUs, 2202 complete and 0 interrupted iterations
default   [  43% ] 25/50 VUs  09m52.0s/23m00.0s

running (09m53.0s), 25/50 VUs, 2206 complete and 0 interrupted iterations
default   [  43% ] 25/50 VUs  09m53.0s/23m00.0s

running (09m54.0s), 25/50 VUs, 2211 complete and 0 interrupted iterations
default   [  43% ] 25/50 VUs  09m54.0s/23m00.0s

running (09m55.0s), 25/50 VUs, 2217 complete and 0 interrupted iterations
default   [  43% ] 25/50 VUs  09m55.0s/23m00.0s

running (09m56.0s), 25/50 VUs, 2221 complete and 0 interrupted iterations
default   [  43% ] 25/50 VUs  09m56.0s/23m00.0s

running (09m57.0s), 25/50 VUs, 2225 complete and 0 interrupted iterations
default   [  43% ] 25/50 VUs  09m57.0s/23m00.0s

running (09m58.0s), 25/50 VUs, 2229 complete and 0 interrupted iterations
default   [  43% ] 25/50 VUs  09m58.0s/23m00.0s

running (09m59.0s), 25/50 VUs, 2233 complete and 0 interrupted iterations
default   [  43% ] 25/50 VUs  09m59.0s/23m00.0s

running (10m00.0s), 25/50 VUs, 2237 complete and 0 interrupted iterations
default   [  43% ] 25/50 VUs  10m00.0s/23m00.0s

running (10m01.0s), 25/50 VUs, 2241 complete and 0 interrupted iterations
default   [  44% ] 25/50 VUs  10m01.0s/23m00.0s

running (10m02.0s), 25/50 VUs, 2246 complete and 0 interrupted iterations
default   [  44% ] 25/50 VUs  10m02.0s/23m00.0s

running (10m03.0s), 25/50 VUs, 2250 complete and 0 interrupted iterations
default   [  44% ] 25/50 VUs  10m03.0s/23m00.0s

running (10m04.0s), 25/50 VUs, 2254 complete and 0 interrupted iterations
default   [  44% ] 25/50 VUs  10m04.0s/23m00.0s

running (10m05.0s), 25/50 VUs, 2258 complete and 0 interrupted iterations
default   [  44% ] 25/50 VUs  10m05.0s/23m00.0s

running (10m06.0s), 25/50 VUs, 2262 complete and 0 interrupted iterations
default   [  44% ] 25/50 VUs  10m06.0s/23m00.0s

running (10m07.0s), 25/50 VUs, 2266 complete and 0 interrupted iterations
default   [  44% ] 25/50 VUs  10m07.0s/23m00.0s

running (10m08.0s), 25/50 VUs, 2270 complete and 0 interrupted iterations
default   [  44% ] 25/50 VUs  10m08.0s/23m00.0s
time="2025-11-20T19:39:32+01:00" level=info msg="VU 32: Attempting to get token for user: performance__user_32_browser" source=console

running (10m09.0s), 26/50 VUs, 2274 complete and 0 interrupted iterations
default   [  44% ] 26/50 VUs  10m09.0s/23m00.0s

running (10m10.0s), 26/50 VUs, 2278 complete and 0 interrupted iterations
default   [  44% ] 26/50 VUs  10m10.0s/23m00.0s

running (10m11.0s), 26/50 VUs, 2282 complete and 0 interrupted iterations
default   [  44% ] 26/50 VUs  10m11.0s/23m00.0s

running (10m12.0s), 26/50 VUs, 2286 complete and 0 interrupted iterations
default   [  44% ] 26/50 VUs  10m12.0s/23m00.0s
time="2025-11-20T19:39:37+01:00" level=info msg="VU 32: Authenticated as 'performance__user_32_browser' with role 'library_author'" source=console

running (10m13.0s), 26/50 VUs, 2290 complete and 0 interrupted iterations
default   [  44% ] 26/50 VUs  10m13.0s/23m00.0s

running (10m14.0s), 26/50 VUs, 2294 complete and 0 interrupted iterations
default   [  44% ] 26/50 VUs  10m14.0s/23m00.0s

running (10m15.0s), 26/50 VUs, 2298 complete and 0 interrupted iterations
default   [  45% ] 26/50 VUs  10m15.0s/23m00.0s

running (10m16.0s), 26/50 VUs, 2302 complete and 0 interrupted iterations
default   [  45% ] 26/50 VUs  10m16.0s/23m00.0s
time="2025-11-20T19:39:40+01:00" level=info msg="VU 25: Attempting to get token for user: performance__user_25_browser" source=console

running (10m17.0s), 27/50 VUs, 2306 complete and 0 interrupted iterations
default   [  45% ] 27/50 VUs  10m17.0s/23m00.0s

running (10m18.0s), 27/50 VUs, 2310 complete and 0 interrupted iterations
default   [  45% ] 27/50 VUs  10m18.0s/23m00.0s

running (10m19.0s), 27/50 VUs, 2314 complete and 0 interrupted iterations
default   [  45% ] 27/50 VUs  10m19.0s/23m00.0s

running (10m20.0s), 27/50 VUs, 2318 complete and 0 interrupted iterations
default   [  45% ] 27/50 VUs  10m20.0s/23m00.0s

running (10m21.0s), 27/50 VUs, 2322 complete and 0 interrupted iterations
default   [  45% ] 27/50 VUs  10m21.0s/23m00.0s
time="2025-11-20T19:39:45+01:00" level=info msg="VU 25: Authenticated as 'performance__user_25_browser' with role 'library_admin'" source=console

running (10m22.0s), 27/50 VUs, 2326 complete and 0 interrupted iterations
default   [  45% ] 27/50 VUs  10m22.0s/23m00.0s

running (10m23.0s), 27/50 VUs, 2329 complete and 0 interrupted iterations
default   [  45% ] 27/50 VUs  10m23.0s/23m00.0s

running (10m24.0s), 27/50 VUs, 2333 complete and 0 interrupted iterations
default   [  45% ] 27/50 VUs  10m24.0s/23m00.0s
time="2025-11-20T19:39:48+01:00" level=info msg="VU 34: Attempting to get token for user: performance__user_34_browser" source=console

running (10m25.0s), 28/50 VUs, 2338 complete and 0 interrupted iterations
default   [  45% ] 28/50 VUs  10m25.0s/23m00.0s

running (10m26.0s), 28/50 VUs, 2342 complete and 0 interrupted iterations
default   [  45% ] 28/50 VUs  10m26.0s/23m00.0s

running (10m27.0s), 28/50 VUs, 2346 complete and 0 interrupted iterations
default   [  45% ] 28/50 VUs  10m27.0s/23m00.0s

running (10m28.0s), 28/50 VUs, 2350 complete and 0 interrupted iterations
default   [  46% ] 28/50 VUs  10m28.0s/23m00.0s

running (10m29.0s), 28/50 VUs, 2354 complete and 0 interrupted iterations
default   [  46% ] 28/50 VUs  10m29.0s/23m00.0s
time="2025-11-20T19:39:53+01:00" level=info msg="VU 34: Authenticated as 'performance__user_34_browser' with role 'library_admin'" source=console

running (10m30.0s), 28/50 VUs, 2358 complete and 0 interrupted iterations
default   [  46% ] 28/50 VUs  10m30.0s/23m00.0s

running (10m31.0s), 28/50 VUs, 2361 complete and 0 interrupted iterations
default   [  46% ] 28/50 VUs  10m31.0s/23m00.0s

running (10m32.0s), 28/50 VUs, 2365 complete and 0 interrupted iterations
default   [  46% ] 28/50 VUs  10m32.0s/23m00.0s
time="2025-11-20T19:39:56+01:00" level=info msg="VU 26: Attempting to get token for user: performance__user_26_browser" source=console

running (10m33.0s), 29/50 VUs, 2369 complete and 0 interrupted iterations
default   [  46% ] 29/50 VUs  10m33.0s/23m00.0s

running (10m34.0s), 29/50 VUs, 2373 complete and 0 interrupted iterations
default   [  46% ] 29/50 VUs  10m34.0s/23m00.0s

running (10m35.0s), 29/50 VUs, 2377 complete and 0 interrupted iterations
default   [  46% ] 29/50 VUs  10m35.0s/23m00.0s

running (10m36.0s), 29/50 VUs, 2381 complete and 0 interrupted iterations
default   [  46% ] 29/50 VUs  10m36.0s/23m00.0s

running (10m37.0s), 29/50 VUs, 2385 complete and 0 interrupted iterations
default   [  46% ] 29/50 VUs  10m37.0s/23m00.0s

running (10m38.0s), 29/50 VUs, 2389 complete and 0 interrupted iterations
default   [  46% ] 29/50 VUs  10m38.0s/23m00.0s
time="2025-11-20T19:40:02+01:00" level=info msg="VU 26: Authenticated as 'performance__user_26_browser' with role 'library_author'" source=console

running (10m39.0s), 29/50 VUs, 2393 complete and 0 interrupted iterations
default   [  46% ] 29/50 VUs  10m39.0s/23m00.0s

running (10m40.0s), 29/50 VUs, 2396 complete and 0 interrupted iterations
default   [  46% ] 29/50 VUs  10m40.0s/23m00.0s
time="2025-11-20T19:40:04+01:00" level=info msg="VU 27: Attempting to get token for user: performance__user_27_browser" source=console

running (10m41.0s), 30/50 VUs, 2400 complete and 0 interrupted iterations
default   [  46% ] 30/50 VUs  10m41.0s/23m00.0s

running (10m42.0s), 30/50 VUs, 2404 complete and 0 interrupted iterations
default   [  47% ] 30/50 VUs  10m42.0s/23m00.0s

running (10m43.0s), 30/50 VUs, 2408 complete and 0 interrupted iterations
default   [  47% ] 30/50 VUs  10m43.0s/23m00.0s

running (10m44.0s), 30/50 VUs, 2412 complete and 0 interrupted iterations
default   [  47% ] 30/50 VUs  10m44.0s/23m00.0s

running (10m45.0s), 30/50 VUs, 2417 complete and 0 interrupted iterations
default   [  47% ] 30/50 VUs  10m45.0s/23m00.0s

running (10m46.0s), 30/50 VUs, 2421 complete and 0 interrupted iterations
default   [  47% ] 30/50 VUs  10m46.0s/23m00.0s
time="2025-11-20T19:40:11+01:00" level=info msg="VU 27: Authenticated as 'performance__user_27_browser' with role 'library_user'" source=console

running (10m47.0s), 30/50 VUs, 2425 complete and 0 interrupted iterations
default   [  47% ] 30/50 VUs  10m47.0s/23m00.0s

running (10m48.0s), 30/50 VUs, 2429 complete and 0 interrupted iterations
default   [  47% ] 30/50 VUs  10m48.0s/23m00.0s
time="2025-11-20T19:40:12+01:00" level=info msg="VU 30: Attempting to get token for user: performance__user_30_browser" source=console

running (10m49.0s), 31/50 VUs, 2432 complete and 0 interrupted iterations
default   [  47% ] 31/50 VUs  10m49.0s/23m00.0s

running (10m50.0s), 31/50 VUs, 2436 complete and 0 interrupted iterations
default   [  47% ] 31/50 VUs  10m50.0s/23m00.0s

running (10m51.0s), 31/50 VUs, 2440 complete and 0 interrupted iterations
default   [  47% ] 31/50 VUs  10m51.0s/23m00.0s

running (10m52.0s), 31/50 VUs, 2444 complete and 0 interrupted iterations
default   [  47% ] 31/50 VUs  10m52.0s/23m00.0s

running (10m53.0s), 31/50 VUs, 2448 complete and 0 interrupted iterations
default   [  47% ] 31/50 VUs  10m53.0s/23m00.0s

running (10m54.0s), 31/50 VUs, 2452 complete and 0 interrupted iterations
default   [  47% ] 31/50 VUs  10m54.0s/23m00.0s
time="2025-11-20T19:40:18+01:00" level=info msg="VU 30: Authenticated as 'performance__user_30_browser' with role 'library_user'" source=console

running (10m55.0s), 31/50 VUs, 2457 complete and 0 interrupted iterations
default   [  47% ] 31/50 VUs  10m55.0s/23m00.0s

running (10m56.0s), 31/50 VUs, 2461 complete and 0 interrupted iterations
default   [  48% ] 31/50 VUs  10m56.0s/23m00.0s
time="2025-11-20T19:40:20+01:00" level=info msg="VU 24: Attempting to get token for user: performance__user_24_browser" source=console

running (10m57.0s), 32/50 VUs, 2465 complete and 0 interrupted iterations
default   [  48% ] 32/50 VUs  10m57.0s/23m00.0s

running (10m58.0s), 32/50 VUs, 2469 complete and 0 interrupted iterations
default   [  48% ] 32/50 VUs  10m58.0s/23m00.0s

running (10m59.0s), 32/50 VUs, 2473 complete and 0 interrupted iterations
default   [  48% ] 32/50 VUs  10m59.0s/23m00.0s

running (11m00.0s), 32/50 VUs, 2477 complete and 0 interrupted iterations
default   [  48% ] 32/50 VUs  11m00.0s/23m00.0s

running (11m01.0s), 32/50 VUs, 2481 complete and 0 interrupted iterations
default   [  48% ] 32/50 VUs  11m01.0s/23m00.0s

running (11m02.0s), 32/50 VUs, 2485 complete and 0 interrupted iterations
default   [  48% ] 32/50 VUs  11m02.0s/23m00.0s
time="2025-11-20T19:40:27+01:00" level=info msg="VU 24: Authenticated as 'performance__user_24_browser' with role 'library_user'" source=console

running (11m03.0s), 32/50 VUs, 2489 complete and 0 interrupted iterations
default   [  48% ] 32/50 VUs  11m03.0s/23m00.0s

running (11m04.0s), 32/50 VUs, 2493 complete and 0 interrupted iterations
default   [  48% ] 32/50 VUs  11m04.0s/23m00.0s
time="2025-11-20T19:40:28+01:00" level=info msg="VU 28: Attempting to get token for user: performance__user_28_browser" source=console

running (11m05.0s), 33/50 VUs, 2497 complete and 0 interrupted iterations
default   [  48% ] 33/50 VUs  11m05.0s/23m00.0s

running (11m06.0s), 33/50 VUs, 2501 complete and 0 interrupted iterations
default   [  48% ] 33/50 VUs  11m06.0s/23m00.0s

running (11m07.0s), 33/50 VUs, 2505 complete and 0 interrupted iterations
default   [  48% ] 33/50 VUs  11m07.0s/23m00.0s

running (11m08.0s), 33/50 VUs, 2509 complete and 0 interrupted iterations
default   [  48% ] 33/50 VUs  11m08.0s/23m00.0s

running (11m09.0s), 33/50 VUs, 2513 complete and 0 interrupted iterations
default   [  48% ] 33/50 VUs  11m09.0s/23m00.0s

running (11m10.0s), 33/50 VUs, 2517 complete and 0 interrupted iterations
default   [  49% ] 33/50 VUs  11m10.0s/23m00.0s
time="2025-11-20T19:40:35+01:00" level=info msg="VU 28: Authenticated as 'performance__user_28_browser' with role 'library_admin'" source=console

running (11m11.0s), 33/50 VUs, 2521 complete and 0 interrupted iterations
default   [  49% ] 33/50 VUs  11m11.0s/23m00.0s

running (11m12.0s), 33/50 VUs, 2525 complete and 0 interrupted iterations
default   [  49% ] 33/50 VUs  11m12.0s/23m00.0s
time="2025-11-20T19:40:36+01:00" level=info msg="VU 33: Attempting to get token for user: performance__user_33_browser" source=console

running (11m13.0s), 34/50 VUs, 2529 complete and 0 interrupted iterations
default   [  49% ] 34/50 VUs  11m13.0s/23m00.0s

running (11m14.0s), 34/50 VUs, 2533 complete and 0 interrupted iterations
default   [  49% ] 34/50 VUs  11m14.0s/23m00.0s

running (11m15.0s), 34/50 VUs, 2537 complete and 0 interrupted iterations
default   [  49% ] 34/50 VUs  11m15.0s/23m00.0s

running (11m16.0s), 34/50 VUs, 2541 complete and 0 interrupted iterations
default   [  49% ] 34/50 VUs  11m16.0s/23m00.0s

running (11m17.0s), 34/50 VUs, 2546 complete and 0 interrupted iterations
default   [  49% ] 34/50 VUs  11m17.0s/23m00.0s

running (11m18.0s), 34/50 VUs, 2550 complete and 0 interrupted iterations
default   [  49% ] 34/50 VUs  11m18.0s/23m00.0s
time="2025-11-20T19:40:43+01:00" level=info msg="VU 33: Authenticated as 'performance__user_33_browser' with role 'library_user'" source=console

running (11m19.0s), 34/50 VUs, 2554 complete and 0 interrupted iterations
default   [  49% ] 34/50 VUs  11m19.0s/23m00.0s

running (11m20.0s), 34/50 VUs, 2558 complete and 0 interrupted iterations
default   [  49% ] 34/50 VUs  11m20.0s/23m00.0s
time="2025-11-20T19:40:44+01:00" level=info msg="VU 36: Attempting to get token for user: performance__user_36_browser" source=console

running (11m21.0s), 35/50 VUs, 2562 complete and 0 interrupted iterations
default   [  49% ] 35/50 VUs  11m21.0s/23m00.0s

running (11m22.0s), 35/50 VUs, 2566 complete and 0 interrupted iterations
default   [  49% ] 35/50 VUs  11m22.0s/23m00.0s

running (11m23.0s), 35/50 VUs, 2570 complete and 0 interrupted iterations
default   [  49% ] 35/50 VUs  11m23.0s/23m00.0s

running (11m24.0s), 35/50 VUs, 2574 complete and 0 interrupted iterations
default   [  50% ] 35/50 VUs  11m24.0s/23m00.0s

running (11m25.0s), 35/50 VUs, 2578 complete and 0 interrupted iterations
default   [  50% ] 35/50 VUs  11m25.0s/23m00.0s

running (11m26.0s), 35/50 VUs, 2582 complete and 0 interrupted iterations
default   [  50% ] 35/50 VUs  11m26.0s/23m00.0s

running (11m27.0s), 35/50 VUs, 2586 complete and 0 interrupted iterations
default   [  50% ] 35/50 VUs  11m27.0s/23m00.0s
time="2025-11-20T19:40:51+01:00" level=info msg="VU 36: Authenticated as 'performance__user_36_browser' with role 'library_user'" source=console

running (11m28.0s), 35/50 VUs, 2590 complete and 0 interrupted iterations
default   [  50% ] 35/50 VUs  11m28.0s/23m00.0s
time="2025-11-20T19:40:52+01:00" level=info msg="VU 35: Attempting to get token for user: performance__user_35_browser" source=console

running (11m29.0s), 36/50 VUs, 2593 complete and 0 interrupted iterations
default   [  50% ] 36/50 VUs  11m29.0s/23m00.0s

running (11m30.0s), 36/50 VUs, 2597 complete and 0 interrupted iterations
default   [  50% ] 36/50 VUs  11m30.0s/23m00.0s

running (11m31.0s), 36/50 VUs, 2602 complete and 0 interrupted iterations
default   [  50% ] 36/50 VUs  11m31.0s/23m00.0s

running (11m32.0s), 36/50 VUs, 2606 complete and 0 interrupted iterations
default   [  50% ] 36/50 VUs  11m32.0s/23m00.0s

running (11m33.0s), 36/50 VUs, 2610 complete and 0 interrupted iterations
default   [  50% ] 36/50 VUs  11m33.0s/23m00.0s

running (11m34.0s), 36/50 VUs, 2614 complete and 0 interrupted iterations
default   [  50% ] 36/50 VUs  11m34.0s/23m00.0s

running (11m35.0s), 36/50 VUs, 2618 complete and 0 interrupted iterations
default   [  50% ] 36/50 VUs  11m35.0s/23m00.0s
time="2025-11-20T19:41:00+01:00" level=info msg="VU 35: Authenticated as 'performance__user_35_browser' with role 'library_author'" source=console

running (11m36.0s), 36/50 VUs, 2622 complete and 0 interrupted iterations
default   [  50% ] 36/50 VUs  11m36.0s/23m00.0s
time="2025-11-20T19:41:00+01:00" level=info msg="VU 37: Attempting to get token for user: performance__user_37_browser" source=console

running (11m37.0s), 37/50 VUs, 2626 complete and 0 interrupted iterations
default   [  51% ] 37/50 VUs  11m37.0s/23m00.0s

running (11m38.0s), 37/50 VUs, 2630 complete and 0 interrupted iterations
default   [  51% ] 37/50 VUs  11m38.0s/23m00.0s

running (11m39.0s), 37/50 VUs, 2634 complete and 0 interrupted iterations
default   [  51% ] 37/50 VUs  11m39.0s/23m00.0s

running (11m40.0s), 37/50 VUs, 2638 complete and 0 interrupted iterations
default   [  51% ] 37/50 VUs  11m40.0s/23m00.0s

running (11m41.0s), 37/50 VUs, 2642 complete and 0 interrupted iterations
default   [  51% ] 37/50 VUs  11m41.0s/23m00.0s

running (11m42.0s), 37/50 VUs, 2646 complete and 0 interrupted iterations
default   [  51% ] 37/50 VUs  11m42.0s/23m00.0s

running (11m43.0s), 37/50 VUs, 2650 complete and 0 interrupted iterations
default   [  51% ] 37/50 VUs  11m43.0s/23m00.0s
time="2025-11-20T19:41:08+01:00" level=info msg="VU 37: Authenticated as 'performance__user_37_browser' with role 'library_admin'" source=console

running (11m44.0s), 37/50 VUs, 2654 complete and 0 interrupted iterations
default   [  51% ] 37/50 VUs  11m44.0s/23m00.0s
time="2025-11-20T19:41:08+01:00" level=info msg="VU 39: Attempting to get token for user: performance__user_39_browser" source=console

running (11m45.0s), 38/50 VUs, 2658 complete and 0 interrupted iterations
default   [  51% ] 38/50 VUs  11m45.0s/23m00.0s

running (11m46.0s), 38/50 VUs, 2662 complete and 0 interrupted iterations
default   [  51% ] 38/50 VUs  11m46.0s/23m00.0s

running (11m47.0s), 38/50 VUs, 2666 complete and 0 interrupted iterations
default   [  51% ] 38/50 VUs  11m47.0s/23m00.0s

running (11m48.0s), 38/50 VUs, 2670 complete and 0 interrupted iterations
default   [  51% ] 38/50 VUs  11m48.0s/23m00.0s

running (11m49.0s), 38/50 VUs, 2674 complete and 0 interrupted iterations
default   [  51% ] 38/50 VUs  11m49.0s/23m00.0s

running (11m50.0s), 38/50 VUs, 2678 complete and 0 interrupted iterations
default   [  51% ] 38/50 VUs  11m50.0s/23m00.0s

running (11m51.0s), 38/50 VUs, 2682 complete and 0 interrupted iterations
default   [  52% ] 38/50 VUs  11m51.0s/23m00.0s
time="2025-11-20T19:41:16+01:00" level=info msg="VU 39: Authenticated as 'performance__user_39_browser' with role 'library_user'" source=console

running (11m52.0s), 38/50 VUs, 2686 complete and 0 interrupted iterations
default   [  52% ] 38/50 VUs  11m52.0s/23m00.0s
time="2025-11-20T19:41:16+01:00" level=info msg="VU 40: Attempting to get token for user: performance__user_40_browser" source=console

running (11m53.0s), 39/50 VUs, 2690 complete and 0 interrupted iterations
default   [  52% ] 39/50 VUs  11m53.0s/23m00.0s

running (11m54.0s), 39/50 VUs, 2694 complete and 0 interrupted iterations
default   [  52% ] 39/50 VUs  11m54.0s/23m00.0s

running (11m55.0s), 39/50 VUs, 2698 complete and 0 interrupted iterations
default   [  52% ] 39/50 VUs  11m55.0s/23m00.0s

running (11m56.0s), 39/50 VUs, 2702 complete and 0 interrupted iterations
default   [  52% ] 39/50 VUs  11m56.0s/23m00.0s

running (11m57.0s), 39/50 VUs, 2706 complete and 0 interrupted iterations
default   [  52% ] 39/50 VUs  11m57.0s/23m00.0s

running (11m58.0s), 39/50 VUs, 2710 complete and 0 interrupted iterations
default   [  52% ] 39/50 VUs  11m58.0s/23m00.0s

running (11m59.0s), 39/50 VUs, 2714 complete and 0 interrupted iterations
default   [  52% ] 39/50 VUs  11m59.0s/23m00.0s
time="2025-11-20T19:41:24+01:00" level=info msg="VU 40: Authenticated as 'performance__user_40_browser' with role 'library_admin'" source=console

running (12m00.0s), 39/50 VUs, 2718 complete and 0 interrupted iterations
default   [  52% ] 39/50 VUs  12m00.0s/23m00.0s
time="2025-11-20T19:41:24+01:00" level=info msg="VU 38: Attempting to get token for user: performance__user_38_browser" source=console

running (12m01.0s), 40/50 VUs, 2722 complete and 0 interrupted iterations
default   [  52% ] 40/50 VUs  12m01.0s/23m00.0s

running (12m02.0s), 40/50 VUs, 2726 complete and 0 interrupted iterations
default   [  52% ] 40/50 VUs  12m02.0s/23m00.0s

running (12m03.0s), 40/50 VUs, 2730 complete and 0 interrupted iterations
default   [  52% ] 40/50 VUs  12m03.0s/23m00.0s

running (12m04.0s), 40/50 VUs, 2734 complete and 0 interrupted iterations
default   [  52% ] 40/50 VUs  12m04.0s/23m00.0s

running (12m05.0s), 40/50 VUs, 2738 complete and 0 interrupted iterations
default   [  53% ] 40/50 VUs  12m05.0s/23m00.0s

running (12m06.0s), 40/50 VUs, 2742 complete and 0 interrupted iterations
default   [  53% ] 40/50 VUs  12m06.0s/23m00.0s

running (12m07.0s), 40/50 VUs, 2746 complete and 0 interrupted iterations
default   [  53% ] 40/50 VUs  12m07.0s/23m00.0s

running (12m08.0s), 40/50 VUs, 2750 complete and 0 interrupted iterations
default   [  53% ] 40/50 VUs  12m08.0s/23m00.0s
time="2025-11-20T19:41:33+01:00" level=info msg="VU 38: Authenticated as 'performance__user_38_browser' with role 'library_author'" source=console

running (12m09.0s), 40/50 VUs, 2754 complete and 0 interrupted iterations
default   [  53% ] 40/50 VUs  12m09.0s/23m00.0s

running (12m10.0s), 40/50 VUs, 2758 complete and 0 interrupted iterations
default   [  53% ] 40/50 VUs  12m10.0s/23m00.0s

running (12m11.0s), 40/50 VUs, 2762 complete and 0 interrupted iterations
default   [  53% ] 40/50 VUs  12m11.0s/23m00.0s

running (12m12.0s), 40/50 VUs, 2766 complete and 0 interrupted iterations
default   [  53% ] 40/50 VUs  12m12.0s/23m00.0s

running (12m13.0s), 40/50 VUs, 2770 complete and 0 interrupted iterations
default   [  53% ] 40/50 VUs  12m13.0s/23m00.0s

running (12m14.0s), 40/50 VUs, 2774 complete and 0 interrupted iterations
default   [  53% ] 40/50 VUs  12m14.0s/23m00.0s

running (12m15.0s), 40/50 VUs, 2778 complete and 0 interrupted iterations
default   [  53% ] 40/50 VUs  12m15.0s/23m00.0s

running (12m16.0s), 40/50 VUs, 2782 complete and 0 interrupted iterations
default   [  53% ] 40/50 VUs  12m16.0s/23m00.0s

running (12m17.0s), 40/50 VUs, 2786 complete and 0 interrupted iterations
default   [  53% ] 40/50 VUs  12m17.0s/23m00.0s

running (12m18.0s), 40/50 VUs, 2790 complete and 0 interrupted iterations
default   [  53% ] 40/50 VUs  12m18.0s/23m00.0s

running (12m19.0s), 40/50 VUs, 2794 complete and 0 interrupted iterations
default   [  54% ] 40/50 VUs  12m19.0s/23m00.0s

running (12m20.0s), 40/50 VUs, 2798 complete and 0 interrupted iterations
default   [  54% ] 40/50 VUs  12m20.0s/23m00.0s

running (12m21.0s), 40/50 VUs, 2802 complete and 0 interrupted iterations
default   [  54% ] 40/50 VUs  12m21.0s/23m00.0s

running (12m22.0s), 40/50 VUs, 2806 complete and 0 interrupted iterations
default   [  54% ] 40/50 VUs  12m22.0s/23m00.0s

running (12m23.0s), 40/50 VUs, 2810 complete and 0 interrupted iterations
default   [  54% ] 40/50 VUs  12m23.0s/23m00.0s

running (12m24.0s), 40/50 VUs, 2814 complete and 0 interrupted iterations
default   [  54% ] 40/50 VUs  12m24.0s/23m00.0s

running (12m25.0s), 40/50 VUs, 2818 complete and 0 interrupted iterations
default   [  54% ] 40/50 VUs  12m25.0s/23m00.0s

running (12m26.0s), 40/50 VUs, 2822 complete and 0 interrupted iterations
default   [  54% ] 40/50 VUs  12m26.0s/23m00.0s

running (12m27.0s), 40/50 VUs, 2826 complete and 0 interrupted iterations
default   [  54% ] 40/50 VUs  12m27.0s/23m00.0s

running (12m28.0s), 40/50 VUs, 2830 complete and 0 interrupted iterations
default   [  54% ] 40/50 VUs  12m28.0s/23m00.0s

running (12m29.0s), 40/50 VUs, 2834 complete and 0 interrupted iterations
default   [  54% ] 40/50 VUs  12m29.0s/23m00.0s

running (12m30.0s), 40/50 VUs, 2838 complete and 0 interrupted iterations
default   [  54% ] 40/50 VUs  12m30.0s/23m00.0s

running (12m31.0s), 40/50 VUs, 2842 complete and 0 interrupted iterations
default   [  54% ] 40/50 VUs  12m31.0s/23m00.0s

running (12m32.0s), 40/50 VUs, 2846 complete and 0 interrupted iterations
default   [  54% ] 40/50 VUs  12m32.0s/23m00.0s

running (12m33.0s), 40/50 VUs, 2850 complete and 0 interrupted iterations
default   [  55% ] 40/50 VUs  12m33.0s/23m00.0s

running (12m34.0s), 40/50 VUs, 2854 complete and 0 interrupted iterations
default   [  55% ] 40/50 VUs  12m34.0s/23m00.0s

running (12m35.0s), 40/50 VUs, 2858 complete and 0 interrupted iterations
default   [  55% ] 40/50 VUs  12m35.0s/23m00.0s

running (12m36.0s), 40/50 VUs, 2863 complete and 0 interrupted iterations
default   [  55% ] 40/50 VUs  12m36.0s/23m00.0s

running (12m37.0s), 40/50 VUs, 2867 complete and 0 interrupted iterations
default   [  55% ] 40/50 VUs  12m37.0s/23m00.0s

running (12m38.0s), 40/50 VUs, 2872 complete and 0 interrupted iterations
default   [  55% ] 40/50 VUs  12m38.0s/23m00.0s

running (12m39.0s), 40/50 VUs, 2875 complete and 0 interrupted iterations
default   [  55% ] 40/50 VUs  12m39.0s/23m00.0s

running (12m40.0s), 40/50 VUs, 2880 complete and 0 interrupted iterations
default   [  55% ] 40/50 VUs  12m40.0s/23m00.0s

running (12m41.0s), 40/50 VUs, 2884 complete and 0 interrupted iterations
default   [  55% ] 40/50 VUs  12m41.0s/23m00.0s

running (12m42.0s), 40/50 VUs, 2888 complete and 0 interrupted iterations
default   [  55% ] 40/50 VUs  12m42.0s/23m00.0s

running (12m43.0s), 40/50 VUs, 2892 complete and 0 interrupted iterations
default   [  55% ] 40/50 VUs  12m43.0s/23m00.0s

running (12m44.0s), 40/50 VUs, 2896 complete and 0 interrupted iterations
default   [  55% ] 40/50 VUs  12m44.0s/23m00.0s

running (12m45.0s), 40/50 VUs, 2900 complete and 0 interrupted iterations
default   [  55% ] 40/50 VUs  12m45.0s/23m00.0s

running (12m46.0s), 40/50 VUs, 2904 complete and 0 interrupted iterations
default   [  56% ] 40/50 VUs  12m46.0s/23m00.0s

running (12m47.0s), 40/50 VUs, 2908 complete and 0 interrupted iterations
default   [  56% ] 40/50 VUs  12m47.0s/23m00.0s

running (12m48.0s), 40/50 VUs, 2912 complete and 0 interrupted iterations
default   [  56% ] 40/50 VUs  12m48.0s/23m00.0s

running (12m49.0s), 40/50 VUs, 2916 complete and 0 interrupted iterations
default   [  56% ] 40/50 VUs  12m49.0s/23m00.0s

running (12m50.0s), 40/50 VUs, 2920 complete and 0 interrupted iterations
default   [  56% ] 40/50 VUs  12m50.0s/23m00.0s

running (12m51.0s), 40/50 VUs, 2924 complete and 0 interrupted iterations
default   [  56% ] 40/50 VUs  12m51.0s/23m00.0s

running (12m52.0s), 40/50 VUs, 2928 complete and 0 interrupted iterations
default   [  56% ] 40/50 VUs  12m52.0s/23m00.0s

running (12m53.0s), 40/50 VUs, 2932 complete and 0 interrupted iterations
default   [  56% ] 40/50 VUs  12m53.0s/23m00.0s

running (12m54.0s), 40/50 VUs, 2937 complete and 0 interrupted iterations
default   [  56% ] 40/50 VUs  12m54.0s/23m00.0s

running (12m55.0s), 40/50 VUs, 2941 complete and 0 interrupted iterations
default   [  56% ] 40/50 VUs  12m55.0s/23m00.0s

running (12m56.0s), 40/50 VUs, 2945 complete and 0 interrupted iterations
default   [  56% ] 40/50 VUs  12m56.0s/23m00.0s

running (12m57.0s), 40/50 VUs, 2949 complete and 0 interrupted iterations
default   [  56% ] 40/50 VUs  12m57.0s/23m00.0s

running (12m58.0s), 40/50 VUs, 2953 complete and 0 interrupted iterations
default   [  56% ] 40/50 VUs  12m58.0s/23m00.0s

running (12m59.0s), 40/50 VUs, 2957 complete and 0 interrupted iterations
default   [  56% ] 40/50 VUs  12m59.0s/23m00.0s

running (13m00.0s), 40/50 VUs, 2961 complete and 0 interrupted iterations
default   [  57% ] 40/50 VUs  13m00.0s/23m00.0s

running (13m01.0s), 40/50 VUs, 2965 complete and 0 interrupted iterations
default   [  57% ] 40/50 VUs  13m01.0s/23m00.0s

running (13m02.0s), 40/50 VUs, 2969 complete and 0 interrupted iterations
default   [  57% ] 40/50 VUs  13m02.0s/23m00.0s

running (13m03.0s), 40/50 VUs, 2973 complete and 0 interrupted iterations
default   [  57% ] 40/50 VUs  13m03.0s/23m00.0s

running (13m04.0s), 40/50 VUs, 2977 complete and 0 interrupted iterations
default   [  57% ] 40/50 VUs  13m04.0s/23m00.0s

running (13m05.0s), 40/50 VUs, 2981 complete and 0 interrupted iterations
default   [  57% ] 40/50 VUs  13m05.0s/23m00.0s

running (13m06.0s), 40/50 VUs, 2985 complete and 0 interrupted iterations
default   [  57% ] 40/50 VUs  13m06.0s/23m00.0s

running (13m07.0s), 40/50 VUs, 2989 complete and 0 interrupted iterations
default   [  57% ] 40/50 VUs  13m07.0s/23m00.0s

running (13m08.0s), 40/50 VUs, 2993 complete and 0 interrupted iterations
default   [  57% ] 40/50 VUs  13m08.0s/23m00.0s

running (13m09.0s), 40/50 VUs, 2997 complete and 0 interrupted iterations
default   [  57% ] 40/50 VUs  13m09.0s/23m00.0s

running (13m10.0s), 40/50 VUs, 3001 complete and 0 interrupted iterations
default   [  57% ] 40/50 VUs  13m10.0s/23m00.0s

running (13m11.0s), 40/50 VUs, 3006 complete and 0 interrupted iterations
default   [  57% ] 40/50 VUs  13m11.0s/23m00.0s

running (13m12.0s), 40/50 VUs, 3010 complete and 0 interrupted iterations
default   [  57% ] 40/50 VUs  13m12.0s/23m00.0s

running (13m13.0s), 40/50 VUs, 3014 complete and 0 interrupted iterations
default   [  57% ] 40/50 VUs  13m13.0s/23m00.0s

running (13m14.0s), 40/50 VUs, 3018 complete and 0 interrupted iterations
default   [  58% ] 40/50 VUs  13m14.0s/23m00.0s

running (13m15.0s), 40/50 VUs, 3022 complete and 0 interrupted iterations
default   [  58% ] 40/50 VUs  13m15.0s/23m00.0s

running (13m16.0s), 40/50 VUs, 3026 complete and 0 interrupted iterations
default   [  58% ] 40/50 VUs  13m16.0s/23m00.0s

running (13m17.0s), 40/50 VUs, 3030 complete and 0 interrupted iterations
default   [  58% ] 40/50 VUs  13m17.0s/23m00.0s

running (13m18.0s), 40/50 VUs, 3034 complete and 0 interrupted iterations
default   [  58% ] 40/50 VUs  13m18.0s/23m00.0s

running (13m19.0s), 40/50 VUs, 3038 complete and 0 interrupted iterations
default   [  58% ] 40/50 VUs  13m19.0s/23m00.0s

running (13m20.0s), 40/50 VUs, 3042 complete and 0 interrupted iterations
default   [  58% ] 40/50 VUs  13m20.0s/23m00.0s

running (13m21.0s), 40/50 VUs, 3046 complete and 0 interrupted iterations
default   [  58% ] 40/50 VUs  13m21.0s/23m00.0s

running (13m22.0s), 40/50 VUs, 3050 complete and 0 interrupted iterations
default   [  58% ] 40/50 VUs  13m22.0s/23m00.0s

running (13m23.0s), 40/50 VUs, 3054 complete and 0 interrupted iterations
default   [  58% ] 40/50 VUs  13m23.0s/23m00.0s

running (13m24.0s), 40/50 VUs, 3058 complete and 0 interrupted iterations
default   [  58% ] 40/50 VUs  13m24.0s/23m00.0s

running (13m25.0s), 40/50 VUs, 3062 complete and 0 interrupted iterations
default   [  58% ] 40/50 VUs  13m25.0s/23m00.0s

running (13m26.0s), 40/50 VUs, 3066 complete and 0 interrupted iterations
default   [  58% ] 40/50 VUs  13m26.0s/23m00.0s

running (13m27.0s), 40/50 VUs, 3070 complete and 0 interrupted iterations
default   [  58% ] 40/50 VUs  13m27.0s/23m00.0s

running (13m28.0s), 40/50 VUs, 3074 complete and 0 interrupted iterations
default   [  59% ] 40/50 VUs  13m28.0s/23m00.0s

running (13m29.0s), 40/50 VUs, 3078 complete and 0 interrupted iterations
default   [  59% ] 40/50 VUs  13m29.0s/23m00.0s

running (13m30.0s), 40/50 VUs, 3083 complete and 0 interrupted iterations
default   [  59% ] 40/50 VUs  13m30.0s/23m00.0s

running (13m31.0s), 40/50 VUs, 3087 complete and 0 interrupted iterations
default   [  59% ] 40/50 VUs  13m31.0s/23m00.0s

running (13m32.0s), 40/50 VUs, 3091 complete and 0 interrupted iterations
default   [  59% ] 40/50 VUs  13m32.0s/23m00.0s

running (13m33.0s), 40/50 VUs, 3095 complete and 0 interrupted iterations
default   [  59% ] 40/50 VUs  13m33.0s/23m00.0s

running (13m34.0s), 40/50 VUs, 3099 complete and 0 interrupted iterations
default   [  59% ] 40/50 VUs  13m34.0s/23m00.0s

running (13m35.0s), 40/50 VUs, 3103 complete and 0 interrupted iterations
default   [  59% ] 40/50 VUs  13m35.0s/23m00.0s

running (13m36.0s), 40/50 VUs, 3107 complete and 0 interrupted iterations
default   [  59% ] 40/50 VUs  13m36.0s/23m00.0s

running (13m37.0s), 40/50 VUs, 3111 complete and 0 interrupted iterations
default   [  59% ] 40/50 VUs  13m37.0s/23m00.0s

running (13m38.0s), 40/50 VUs, 3115 complete and 0 interrupted iterations
default   [  59% ] 40/50 VUs  13m38.0s/23m00.0s

running (13m39.0s), 40/50 VUs, 3120 complete and 0 interrupted iterations
default   [  59% ] 40/50 VUs  13m39.0s/23m00.0s

running (13m40.0s), 40/50 VUs, 3124 complete and 0 interrupted iterations
default   [  59% ] 40/50 VUs  13m40.0s/23m00.0s

running (13m41.0s), 40/50 VUs, 3128 complete and 0 interrupted iterations
default   [  59% ] 40/50 VUs  13m41.0s/23m00.0s

running (13m42.0s), 40/50 VUs, 3132 complete and 0 interrupted iterations
default   [  60% ] 40/50 VUs  13m42.0s/23m00.0s

running (13m43.0s), 40/50 VUs, 3136 complete and 0 interrupted iterations
default   [  60% ] 40/50 VUs  13m43.0s/23m00.0s

running (13m44.0s), 40/50 VUs, 3140 complete and 0 interrupted iterations
default   [  60% ] 40/50 VUs  13m44.0s/23m00.0s

running (13m45.0s), 40/50 VUs, 3144 complete and 0 interrupted iterations
default   [  60% ] 40/50 VUs  13m45.0s/23m00.0s

running (13m46.0s), 40/50 VUs, 3148 complete and 0 interrupted iterations
default   [  60% ] 40/50 VUs  13m46.0s/23m00.0s

running (13m47.0s), 40/50 VUs, 3152 complete and 0 interrupted iterations
default   [  60% ] 40/50 VUs  13m47.0s/23m00.0s

running (13m48.0s), 40/50 VUs, 3156 complete and 0 interrupted iterations
default   [  60% ] 40/50 VUs  13m48.0s/23m00.0s

running (13m49.0s), 40/50 VUs, 3160 complete and 0 interrupted iterations
default   [  60% ] 40/50 VUs  13m49.0s/23m00.0s

running (13m50.0s), 40/50 VUs, 3164 complete and 0 interrupted iterations
default   [  60% ] 40/50 VUs  13m50.0s/23m00.0s

running (13m51.0s), 40/50 VUs, 3168 complete and 0 interrupted iterations
default   [  60% ] 40/50 VUs  13m51.0s/23m00.0s

running (13m52.0s), 40/50 VUs, 3172 complete and 0 interrupted iterations
default   [  60% ] 40/50 VUs  13m52.0s/23m00.0s

running (13m53.0s), 40/50 VUs, 3176 complete and 0 interrupted iterations
default   [  60% ] 40/50 VUs  13m53.0s/23m00.0s

running (13m54.0s), 40/50 VUs, 3180 complete and 0 interrupted iterations
default   [  60% ] 40/50 VUs  13m54.0s/23m00.0s

running (13m55.0s), 40/50 VUs, 3184 complete and 0 interrupted iterations
default   [  61% ] 40/50 VUs  13m55.0s/23m00.0s

running (13m56.0s), 40/50 VUs, 3188 complete and 0 interrupted iterations
default   [  61% ] 40/50 VUs  13m56.0s/23m00.0s

running (13m57.0s), 40/50 VUs, 3192 complete and 0 interrupted iterations
default   [  61% ] 40/50 VUs  13m57.0s/23m00.0s

running (13m58.0s), 40/50 VUs, 3196 complete and 0 interrupted iterations
default   [  61% ] 40/50 VUs  13m58.0s/23m00.0s

running (13m59.0s), 40/50 VUs, 3200 complete and 0 interrupted iterations
default   [  61% ] 40/50 VUs  13m59.0s/23m00.0s

running (14m00.0s), 40/50 VUs, 3204 complete and 0 interrupted iterations
default   [  61% ] 40/50 VUs  14m00.0s/23m00.0s

running (14m01.0s), 40/50 VUs, 3208 complete and 0 interrupted iterations
default   [  61% ] 40/50 VUs  14m01.0s/23m00.0s

running (14m02.0s), 40/50 VUs, 3212 complete and 0 interrupted iterations
default   [  61% ] 40/50 VUs  14m02.0s/23m00.0s

running (14m03.0s), 40/50 VUs, 3216 complete and 0 interrupted iterations
default   [  61% ] 40/50 VUs  14m03.0s/23m00.0s

running (14m04.0s), 40/50 VUs, 3220 complete and 0 interrupted iterations
default   [  61% ] 40/50 VUs  14m04.0s/23m00.0s

running (14m05.0s), 40/50 VUs, 3224 complete and 0 interrupted iterations
default   [  61% ] 40/50 VUs  14m05.0s/23m00.0s

running (14m06.0s), 40/50 VUs, 3228 complete and 0 interrupted iterations
default   [  61% ] 40/50 VUs  14m06.0s/23m00.0s

running (14m07.0s), 40/50 VUs, 3232 complete and 0 interrupted iterations
default   [  61% ] 40/50 VUs  14m07.0s/23m00.0s

running (14m08.0s), 40/50 VUs, 3236 complete and 0 interrupted iterations
default   [  61% ] 40/50 VUs  14m08.0s/23m00.0s

running (14m09.0s), 40/50 VUs, 3240 complete and 0 interrupted iterations
default   [  62% ] 40/50 VUs  14m09.0s/23m00.0s

running (14m10.0s), 40/50 VUs, 3244 complete and 0 interrupted iterations
default   [  62% ] 40/50 VUs  14m10.0s/23m00.0s

running (14m11.0s), 40/50 VUs, 3248 complete and 0 interrupted iterations
default   [  62% ] 40/50 VUs  14m11.0s/23m00.0s

running (14m12.0s), 40/50 VUs, 3254 complete and 0 interrupted iterations
default   [  62% ] 40/50 VUs  14m12.0s/23m00.0s

running (14m13.0s), 40/50 VUs, 3258 complete and 0 interrupted iterations
default   [  62% ] 40/50 VUs  14m13.0s/23m00.0s

running (14m14.0s), 40/50 VUs, 3262 complete and 0 interrupted iterations
default   [  62% ] 40/50 VUs  14m14.0s/23m00.0s

running (14m15.0s), 40/50 VUs, 3266 complete and 0 interrupted iterations
default   [  62% ] 40/50 VUs  14m15.0s/23m00.0s

running (14m16.0s), 40/50 VUs, 3270 complete and 0 interrupted iterations
default   [  62% ] 40/50 VUs  14m16.0s/23m00.0s

running (14m17.0s), 40/50 VUs, 3274 complete and 0 interrupted iterations
default   [  62% ] 40/50 VUs  14m17.0s/23m00.0s

running (14m18.0s), 40/50 VUs, 3278 complete and 0 interrupted iterations
default   [  62% ] 40/50 VUs  14m18.0s/23m00.0s

running (14m19.0s), 40/50 VUs, 3282 complete and 0 interrupted iterations
default   [  62% ] 40/50 VUs  14m19.0s/23m00.0s

running (14m20.0s), 40/50 VUs, 3286 complete and 0 interrupted iterations
default   [  62% ] 40/50 VUs  14m20.0s/23m00.0s

running (14m21.0s), 40/50 VUs, 3290 complete and 0 interrupted iterations
default   [  62% ] 40/50 VUs  14m21.0s/23m00.0s

running (14m22.0s), 40/50 VUs, 3294 complete and 0 interrupted iterations
default   [  62% ] 40/50 VUs  14m22.0s/23m00.0s

running (14m23.0s), 40/50 VUs, 3298 complete and 0 interrupted iterations
default   [  63% ] 40/50 VUs  14m23.0s/23m00.0s

running (14m24.0s), 40/50 VUs, 3302 complete and 0 interrupted iterations
default   [  63% ] 40/50 VUs  14m24.0s/23m00.0s

running (14m25.0s), 40/50 VUs, 3306 complete and 0 interrupted iterations
default   [  63% ] 40/50 VUs  14m25.0s/23m00.0s

running (14m26.0s), 40/50 VUs, 3311 complete and 0 interrupted iterations
default   [  63% ] 40/50 VUs  14m26.0s/23m00.0s

running (14m27.0s), 40/50 VUs, 3315 complete and 0 interrupted iterations
default   [  63% ] 40/50 VUs  14m27.0s/23m00.0s

running (14m28.0s), 40/50 VUs, 3319 complete and 0 interrupted iterations
default   [  63% ] 40/50 VUs  14m28.0s/23m00.0s

running (14m29.0s), 40/50 VUs, 3324 complete and 0 interrupted iterations
default   [  63% ] 40/50 VUs  14m29.0s/23m00.0s

running (14m30.0s), 40/50 VUs, 3328 complete and 0 interrupted iterations
default   [  63% ] 40/50 VUs  14m30.0s/23m00.0s

running (14m31.0s), 40/50 VUs, 3332 complete and 0 interrupted iterations
default   [  63% ] 40/50 VUs  14m31.0s/23m00.0s

running (14m32.0s), 40/50 VUs, 3336 complete and 0 interrupted iterations
default   [  63% ] 40/50 VUs  14m32.0s/23m00.0s

running (14m33.0s), 40/50 VUs, 3340 complete and 0 interrupted iterations
default   [  63% ] 40/50 VUs  14m33.0s/23m00.0s

running (14m34.0s), 40/50 VUs, 3344 complete and 0 interrupted iterations
default   [  63% ] 40/50 VUs  14m34.0s/23m00.0s

running (14m35.0s), 40/50 VUs, 3348 complete and 0 interrupted iterations
default   [  63% ] 40/50 VUs  14m35.0s/23m00.0s

running (14m36.0s), 40/50 VUs, 3352 complete and 0 interrupted iterations
default   [  63% ] 40/50 VUs  14m36.0s/23m00.0s

running (14m37.0s), 40/50 VUs, 3356 complete and 0 interrupted iterations
default   [  64% ] 40/50 VUs  14m37.0s/23m00.0s

running (14m38.0s), 40/50 VUs, 3360 complete and 0 interrupted iterations
default   [  64% ] 40/50 VUs  14m38.0s/23m00.0s

running (14m39.0s), 40/50 VUs, 3364 complete and 0 interrupted iterations
default   [  64% ] 40/50 VUs  14m39.0s/23m00.0s

running (14m40.0s), 40/50 VUs, 3368 complete and 0 interrupted iterations
default   [  64% ] 40/50 VUs  14m40.0s/23m00.0s

running (14m41.0s), 40/50 VUs, 3372 complete and 0 interrupted iterations
default   [  64% ] 40/50 VUs  14m41.0s/23m00.0s

running (14m42.0s), 40/50 VUs, 3376 complete and 0 interrupted iterations
default   [  64% ] 40/50 VUs  14m42.0s/23m00.0s

running (14m43.0s), 40/50 VUs, 3380 complete and 0 interrupted iterations
default   [  64% ] 40/50 VUs  14m43.0s/23m00.0s

running (14m44.0s), 40/50 VUs, 3384 complete and 0 interrupted iterations
default   [  64% ] 40/50 VUs  14m44.0s/23m00.0s

running (14m45.0s), 40/50 VUs, 3388 complete and 0 interrupted iterations
default   [  64% ] 40/50 VUs  14m45.0s/23m00.0s

running (14m46.0s), 40/50 VUs, 3392 complete and 0 interrupted iterations
default   [  64% ] 40/50 VUs  14m46.0s/23m00.0s

running (14m47.0s), 40/50 VUs, 3396 complete and 0 interrupted iterations
default   [  64% ] 40/50 VUs  14m47.0s/23m00.0s

running (14m48.0s), 40/50 VUs, 3400 complete and 0 interrupted iterations
default   [  64% ] 40/50 VUs  14m48.0s/23m00.0s

running (14m49.0s), 40/50 VUs, 3404 complete and 0 interrupted iterations
default   [  64% ] 40/50 VUs  14m49.0s/23m00.0s

running (14m50.0s), 40/50 VUs, 3408 complete and 0 interrupted iterations
default   [  64% ] 40/50 VUs  14m50.0s/23m00.0s

running (14m51.0s), 40/50 VUs, 3412 complete and 0 interrupted iterations
default   [  65% ] 40/50 VUs  14m51.0s/23m00.0s

running (14m52.0s), 40/50 VUs, 3416 complete and 0 interrupted iterations
default   [  65% ] 40/50 VUs  14m52.0s/23m00.0s

running (14m53.0s), 40/50 VUs, 3420 complete and 0 interrupted iterations
default   [  65% ] 40/50 VUs  14m53.0s/23m00.0s

running (14m54.0s), 40/50 VUs, 3424 complete and 0 interrupted iterations
default   [  65% ] 40/50 VUs  14m54.0s/23m00.0s

running (14m55.0s), 40/50 VUs, 3428 complete and 0 interrupted iterations
default   [  65% ] 40/50 VUs  14m55.0s/23m00.0s

running (14m56.0s), 40/50 VUs, 3432 complete and 0 interrupted iterations
default   [  65% ] 40/50 VUs  14m56.0s/23m00.0s

running (14m57.0s), 40/50 VUs, 3436 complete and 0 interrupted iterations
default   [  65% ] 40/50 VUs  14m57.0s/23m00.0s

running (14m58.0s), 40/50 VUs, 3440 complete and 0 interrupted iterations
default   [  65% ] 40/50 VUs  14m58.0s/23m00.0s

running (14m59.0s), 40/50 VUs, 3445 complete and 0 interrupted iterations
default   [  65% ] 40/50 VUs  14m59.0s/23m00.0s

running (15m00.0s), 40/50 VUs, 3449 complete and 0 interrupted iterations
default   [  65% ] 40/50 VUs  15m00.0s/23m00.0s

running (15m01.0s), 40/50 VUs, 3453 complete and 0 interrupted iterations
default   [  65% ] 40/50 VUs  15m01.0s/23m00.0s

running (15m02.0s), 40/50 VUs, 3457 complete and 0 interrupted iterations
default   [  65% ] 40/50 VUs  15m02.0s/23m00.0s

running (15m03.0s), 40/50 VUs, 3461 complete and 0 interrupted iterations
default   [  65% ] 40/50 VUs  15m03.0s/23m00.0s

running (15m04.0s), 40/50 VUs, 3465 complete and 0 interrupted iterations
default   [  66% ] 40/50 VUs  15m04.0s/23m00.0s

running (15m05.0s), 40/50 VUs, 3469 complete and 0 interrupted iterations
default   [  66% ] 40/50 VUs  15m05.0s/23m00.0s

running (15m06.0s), 40/50 VUs, 3473 complete and 0 interrupted iterations
default   [  66% ] 40/50 VUs  15m06.0s/23m00.0s

running (15m07.0s), 40/50 VUs, 3477 complete and 0 interrupted iterations
default   [  66% ] 40/50 VUs  15m07.0s/23m00.0s

running (15m08.0s), 40/50 VUs, 3481 complete and 0 interrupted iterations
default   [  66% ] 40/50 VUs  15m08.0s/23m00.0s

running (15m09.0s), 40/50 VUs, 3486 complete and 0 interrupted iterations
default   [  66% ] 40/50 VUs  15m09.0s/23m00.0s

running (15m10.0s), 40/50 VUs, 3489 complete and 0 interrupted iterations
default   [  66% ] 40/50 VUs  15m10.0s/23m00.0s

running (15m11.0s), 40/50 VUs, 3494 complete and 0 interrupted iterations
default   [  66% ] 40/50 VUs  15m11.0s/23m00.0s

running (15m12.0s), 40/50 VUs, 3498 complete and 0 interrupted iterations
default   [  66% ] 40/50 VUs  15m12.0s/23m00.0s

running (15m13.0s), 40/50 VUs, 3502 complete and 0 interrupted iterations
default   [  66% ] 40/50 VUs  15m13.0s/23m00.0s

running (15m14.0s), 40/50 VUs, 3506 complete and 0 interrupted iterations
default   [  66% ] 40/50 VUs  15m14.0s/23m00.0s

running (15m15.0s), 40/50 VUs, 3510 complete and 0 interrupted iterations
default   [  66% ] 40/50 VUs  15m15.0s/23m00.0s

running (15m16.0s), 40/50 VUs, 3514 complete and 0 interrupted iterations
default   [  66% ] 40/50 VUs  15m16.0s/23m00.0s

running (15m17.0s), 40/50 VUs, 3518 complete and 0 interrupted iterations
default   [  66% ] 40/50 VUs  15m17.0s/23m00.0s

running (15m18.0s), 40/50 VUs, 3522 complete and 0 interrupted iterations
default   [  67% ] 40/50 VUs  15m18.0s/23m00.0s

running (15m19.0s), 40/50 VUs, 3526 complete and 0 interrupted iterations
default   [  67% ] 40/50 VUs  15m19.0s/23m00.0s

running (15m20.0s), 40/50 VUs, 3532 complete and 0 interrupted iterations
default   [  67% ] 40/50 VUs  15m20.0s/23m00.0s

running (15m21.0s), 40/50 VUs, 3536 complete and 0 interrupted iterations
default   [  67% ] 40/50 VUs  15m21.0s/23m00.0s

running (15m22.0s), 40/50 VUs, 3540 complete and 0 interrupted iterations
default   [  67% ] 40/50 VUs  15m22.0s/23m00.0s

running (15m23.0s), 40/50 VUs, 3544 complete and 0 interrupted iterations
default   [  67% ] 40/50 VUs  15m23.0s/23m00.0s

running (15m24.0s), 40/50 VUs, 3548 complete and 0 interrupted iterations
default   [  67% ] 40/50 VUs  15m24.0s/23m00.0s

running (15m25.0s), 40/50 VUs, 3552 complete and 0 interrupted iterations
default   [  67% ] 40/50 VUs  15m25.0s/23m00.0s

running (15m26.0s), 40/50 VUs, 3556 complete and 0 interrupted iterations
default   [  67% ] 40/50 VUs  15m26.0s/23m00.0s

running (15m27.0s), 40/50 VUs, 3560 complete and 0 interrupted iterations
default   [  67% ] 40/50 VUs  15m27.0s/23m00.0s

running (15m28.0s), 40/50 VUs, 3564 complete and 0 interrupted iterations
default   [  67% ] 40/50 VUs  15m28.0s/23m00.0s

running (15m29.0s), 40/50 VUs, 3568 complete and 0 interrupted iterations
default   [  67% ] 40/50 VUs  15m29.0s/23m00.0s

running (15m30.0s), 40/50 VUs, 3572 complete and 0 interrupted iterations
default   [  67% ] 40/50 VUs  15m30.0s/23m00.0s

running (15m31.0s), 40/50 VUs, 3576 complete and 0 interrupted iterations
default   [  67% ] 40/50 VUs  15m31.0s/23m00.0s

running (15m32.0s), 40/50 VUs, 3580 complete and 0 interrupted iterations
default   [  68% ] 40/50 VUs  15m32.0s/23m00.0s

running (15m33.0s), 40/50 VUs, 3584 complete and 0 interrupted iterations
default   [  68% ] 40/50 VUs  15m33.0s/23m00.0s

running (15m34.0s), 40/50 VUs, 3588 complete and 0 interrupted iterations
default   [  68% ] 40/50 VUs  15m34.0s/23m00.0s

running (15m35.0s), 40/50 VUs, 3592 complete and 0 interrupted iterations
default   [  68% ] 40/50 VUs  15m35.0s/23m00.0s

running (15m36.0s), 40/50 VUs, 3596 complete and 0 interrupted iterations
default   [  68% ] 40/50 VUs  15m36.0s/23m00.0s

running (15m37.0s), 40/50 VUs, 3600 complete and 0 interrupted iterations
default   [  68% ] 40/50 VUs  15m37.0s/23m00.0s

running (15m38.0s), 40/50 VUs, 3604 complete and 0 interrupted iterations
default   [  68% ] 40/50 VUs  15m38.0s/23m00.0s

running (15m39.0s), 40/50 VUs, 3608 complete and 0 interrupted iterations
default   [  68% ] 40/50 VUs  15m39.0s/23m00.0s

running (15m40.0s), 40/50 VUs, 3612 complete and 0 interrupted iterations
default   [  68% ] 40/50 VUs  15m40.0s/23m00.0s

running (15m41.0s), 40/50 VUs, 3616 complete and 0 interrupted iterations
default   [  68% ] 40/50 VUs  15m41.0s/23m00.0s

running (15m42.0s), 40/50 VUs, 3620 complete and 0 interrupted iterations
default   [  68% ] 40/50 VUs  15m42.0s/23m00.0s

running (15m43.0s), 40/50 VUs, 3624 complete and 0 interrupted iterations
default   [  68% ] 40/50 VUs  15m43.0s/23m00.0s

running (15m44.0s), 40/50 VUs, 3628 complete and 0 interrupted iterations
default   [  68% ] 40/50 VUs  15m44.0s/23m00.0s

running (15m45.0s), 40/50 VUs, 3632 complete and 0 interrupted iterations
default   [  68% ] 40/50 VUs  15m45.0s/23m00.0s

running (15m46.0s), 40/50 VUs, 3636 complete and 0 interrupted iterations
default   [  69% ] 40/50 VUs  15m46.0s/23m00.0s

running (15m47.0s), 40/50 VUs, 3640 complete and 0 interrupted iterations
default   [  69% ] 40/50 VUs  15m47.0s/23m00.0s

running (15m48.0s), 40/50 VUs, 3644 complete and 0 interrupted iterations
default   [  69% ] 40/50 VUs  15m48.0s/23m00.0s

running (15m49.0s), 40/50 VUs, 3648 complete and 0 interrupted iterations
default   [  69% ] 40/50 VUs  15m49.0s/23m00.0s

running (15m50.0s), 40/50 VUs, 3652 complete and 0 interrupted iterations
default   [  69% ] 40/50 VUs  15m50.0s/23m00.0s

running (15m51.0s), 40/50 VUs, 3656 complete and 0 interrupted iterations
default   [  69% ] 40/50 VUs  15m51.0s/23m00.0s

running (15m52.0s), 40/50 VUs, 3660 complete and 0 interrupted iterations
default   [  69% ] 40/50 VUs  15m52.0s/23m00.0s

running (15m53.0s), 40/50 VUs, 3664 complete and 0 interrupted iterations
default   [  69% ] 40/50 VUs  15m53.0s/23m00.0s

running (15m54.0s), 40/50 VUs, 3668 complete and 0 interrupted iterations
default   [  69% ] 40/50 VUs  15m54.0s/23m00.0s

running (15m55.0s), 40/50 VUs, 3672 complete and 0 interrupted iterations
default   [  69% ] 40/50 VUs  15m55.0s/23m00.0s

running (15m56.0s), 40/50 VUs, 3676 complete and 0 interrupted iterations
default   [  69% ] 40/50 VUs  15m56.0s/23m00.0s

running (15m57.0s), 40/50 VUs, 3680 complete and 0 interrupted iterations
default   [  69% ] 40/50 VUs  15m57.0s/23m00.0s

running (15m58.0s), 40/50 VUs, 3684 complete and 0 interrupted iterations
default   [  69% ] 40/50 VUs  15m58.0s/23m00.0s

running (15m59.0s), 40/50 VUs, 3688 complete and 0 interrupted iterations
default   [  69% ] 40/50 VUs  15m59.0s/23m00.0s

running (16m00.0s), 40/50 VUs, 3692 complete and 0 interrupted iterations
default   [  70% ] 40/50 VUs  16m00.0s/23m00.0s

running (16m01.0s), 40/50 VUs, 3696 complete and 0 interrupted iterations
default   [  70% ] 40/50 VUs  16m01.0s/23m00.0s

running (16m02.0s), 40/50 VUs, 3700 complete and 0 interrupted iterations
default   [  70% ] 40/50 VUs  16m02.0s/23m00.0s

running (16m03.0s), 40/50 VUs, 3704 complete and 0 interrupted iterations
default   [  70% ] 40/50 VUs  16m03.0s/23m00.0s

running (16m04.0s), 40/50 VUs, 3708 complete and 0 interrupted iterations
default   [  70% ] 40/50 VUs  16m04.0s/23m00.0s

running (16m05.0s), 40/50 VUs, 3713 complete and 0 interrupted iterations
default   [  70% ] 40/50 VUs  16m05.0s/23m00.0s

running (16m06.0s), 40/50 VUs, 3717 complete and 0 interrupted iterations
default   [  70% ] 40/50 VUs  16m06.0s/23m00.0s

running (16m07.0s), 40/50 VUs, 3721 complete and 0 interrupted iterations
default   [  70% ] 40/50 VUs  16m07.0s/23m00.0s

running (16m08.0s), 40/50 VUs, 3725 complete and 0 interrupted iterations
default   [  70% ] 40/50 VUs  16m08.0s/23m00.0s

running (16m09.0s), 40/50 VUs, 3729 complete and 0 interrupted iterations
default   [  70% ] 40/50 VUs  16m09.0s/23m00.0s

running (16m10.0s), 40/50 VUs, 3733 complete and 0 interrupted iterations
default   [  70% ] 40/50 VUs  16m10.0s/23m00.0s

running (16m11.0s), 40/50 VUs, 3737 complete and 0 interrupted iterations
default   [  70% ] 40/50 VUs  16m11.0s/23m00.0s

running (16m12.0s), 40/50 VUs, 3741 complete and 0 interrupted iterations
default   [  70% ] 40/50 VUs  16m12.0s/23m00.0s
time="2025-11-20T19:45:36+01:00" level=info msg="VU 41: Attempting to get token for user: performance__user_41_browser" source=console

running (16m13.0s), 41/50 VUs, 3745 complete and 0 interrupted iterations
default   [  71% ] 41/50 VUs  16m13.0s/23m00.0s

running (16m14.0s), 41/50 VUs, 3749 complete and 0 interrupted iterations
default   [  71% ] 41/50 VUs  16m14.0s/23m00.0s

running (16m15.0s), 41/50 VUs, 3753 complete and 0 interrupted iterations
default   [  71% ] 41/50 VUs  16m15.0s/23m00.0s

running (16m16.0s), 41/50 VUs, 3757 complete and 0 interrupted iterations
default   [  71% ] 41/50 VUs  16m16.0s/23m00.0s

running (16m17.0s), 41/50 VUs, 3761 complete and 0 interrupted iterations
default   [  71% ] 41/50 VUs  16m17.0s/23m00.0s

running (16m18.0s), 41/50 VUs, 3765 complete and 0 interrupted iterations
default   [  71% ] 41/50 VUs  16m18.0s/23m00.0s

running (16m19.0s), 41/50 VUs, 3769 complete and 0 interrupted iterations
default   [  71% ] 41/50 VUs  16m19.0s/23m00.0s

running (16m20.0s), 41/50 VUs, 3773 complete and 0 interrupted iterations
default   [  71% ] 41/50 VUs  16m20.0s/23m00.0s

running (16m21.0s), 41/50 VUs, 3777 complete and 0 interrupted iterations
default   [  71% ] 41/50 VUs  16m21.0s/23m00.0s
time="2025-11-20T19:45:45+01:00" level=info msg="VU 41: Authenticated as 'performance__user_41_browser' with role 'library_author'" source=console

running (16m22.0s), 41/50 VUs, 3781 complete and 0 interrupted iterations
default   [  71% ] 41/50 VUs  16m22.0s/23m00.0s

running (16m23.0s), 41/50 VUs, 3784 complete and 0 interrupted iterations
default   [  71% ] 41/50 VUs  16m23.0s/23m00.0s

running (16m24.0s), 41/50 VUs, 3788 complete and 0 interrupted iterations
default   [  71% ] 41/50 VUs  16m24.0s/23m00.0s
time="2025-11-20T19:45:48+01:00" level=info msg="VU 45: Attempting to get token for user: performance__user_45_browser" source=console

running (16m25.0s), 42/50 VUs, 3792 complete and 0 interrupted iterations
default   [  71% ] 42/50 VUs  16m25.0s/23m00.0s

running (16m26.0s), 42/50 VUs, 3796 complete and 0 interrupted iterations
default   [  71% ] 42/50 VUs  16m26.0s/23m00.0s

running (16m27.0s), 42/50 VUs, 3800 complete and 0 interrupted iterations
default   [  72% ] 42/50 VUs  16m27.0s/23m00.0s

running (16m28.0s), 42/50 VUs, 3804 complete and 0 interrupted iterations
default   [  72% ] 42/50 VUs  16m28.0s/23m00.0s
time="2025-11-20T19:45:52+01:00" level=warning msg="Request Failed" error="Post \"https://singapore.edunext.cloud/api/authz/v1/permissions/validate/me\": unexpected EOF"
time="2025-11-20T19:45:52+01:00" level=warning msg="Request Failed" error="Post \"https://singapore.edunext.cloud/api/authz/v1/permissions/validate/me\": unexpected EOF"
time="2025-11-20T19:45:52+01:00" level=warning msg="[0] https://singapore.edunext.cloud/api/authz/v1/permissions/validate/me - Retry 1/3 after 1000ms delay" source=console
time="2025-11-20T19:45:52+01:00" level=warning msg="[0] https://singapore.edunext.cloud/api/authz/v1/permissions/validate/me - Retry 1/3 after 1000ms delay" source=console

running (16m29.0s), 42/50 VUs, 3808 complete and 0 interrupted iterations
default   [  72% ] 42/50 VUs  16m29.0s/23m00.0s

running (16m30.0s), 42/50 VUs, 3811 complete and 0 interrupted iterations
default   [  72% ] 42/50 VUs  16m30.0s/23m00.0s

running (16m31.0s), 42/50 VUs, 3814 complete and 0 interrupted iterations
default   [  72% ] 42/50 VUs  16m31.0s/23m00.0s

running (16m32.0s), 42/50 VUs, 3818 complete and 0 interrupted iterations
default   [  72% ] 42/50 VUs  16m32.0s/23m00.0s

running (16m33.0s), 42/50 VUs, 3822 complete and 0 interrupted iterations
default   [  72% ] 42/50 VUs  16m33.0s/23m00.0s
time="2025-11-20T19:45:57+01:00" level=info msg="VU 45: Authenticated as 'performance__user_45_browser' with role 'library_user'" source=console

running (16m34.0s), 42/50 VUs, 3827 complete and 0 interrupted iterations
default   [  72% ] 42/50 VUs  16m34.0s/23m00.0s

running (16m35.0s), 42/50 VUs, 3830 complete and 0 interrupted iterations
default   [  72% ] 42/50 VUs  16m35.0s/23m00.0s

running (16m36.0s), 42/50 VUs, 3835 complete and 0 interrupted iterations
default   [  72% ] 42/50 VUs  16m36.0s/23m00.0s
time="2025-11-20T19:46:00+01:00" level=info msg="VU 44: Attempting to get token for user: performance__user_44_browser" source=console

running (16m37.0s), 43/50 VUs, 3839 complete and 0 interrupted iterations
default   [  72% ] 43/50 VUs  16m37.0s/23m00.0s

running (16m38.0s), 43/50 VUs, 3842 complete and 0 interrupted iterations
default   [  72% ] 43/50 VUs  16m38.0s/23m00.0s
time="2025-11-20T19:46:02+01:00" level=info msg="[200] https://singapore.edunext.cloud/api/authz/v1/permissions/validate/me - Validated after 1 retries" source=console
time="2025-11-20T19:46:03+01:00" level=info msg="[200] https://singapore.edunext.cloud/api/authz/v1/permissions/validate/me - Validated after 1 retries" source=console

running (16m39.0s), 43/50 VUs, 3848 complete and 0 interrupted iterations
default   [  72% ] 43/50 VUs  16m39.0s/23m00.0s

running (16m40.0s), 43/50 VUs, 3852 complete and 0 interrupted iterations
default   [  72% ] 43/50 VUs  16m40.0s/23m00.0s

running (16m41.0s), 43/50 VUs, 3856 complete and 0 interrupted iterations
default   [  73% ] 43/50 VUs  16m41.0s/23m00.0s

running (16m42.0s), 43/50 VUs, 3860 complete and 0 interrupted iterations
default   [  73% ] 43/50 VUs  16m42.0s/23m00.0s

running (16m43.0s), 43/50 VUs, 3864 complete and 0 interrupted iterations
default   [  73% ] 43/50 VUs  16m43.0s/23m00.0s

running (16m44.0s), 43/50 VUs, 3868 complete and 0 interrupted iterations
default   [  73% ] 43/50 VUs  16m44.0s/23m00.0s

running (16m45.0s), 43/50 VUs, 3872 complete and 0 interrupted iterations
default   [  73% ] 43/50 VUs  16m45.0s/23m00.0s
time="2025-11-20T19:46:09+01:00" level=info msg="VU 44: Authenticated as 'performance__user_44_browser' with role 'library_author'" source=console

running (16m46.0s), 43/50 VUs, 3876 complete and 0 interrupted iterations
default   [  73% ] 43/50 VUs  16m46.0s/23m00.0s

running (16m47.0s), 43/50 VUs, 3879 complete and 0 interrupted iterations
default   [  73% ] 43/50 VUs  16m47.0s/23m00.0s

running (16m48.0s), 43/50 VUs, 3883 complete and 0 interrupted iterations
default   [  73% ] 43/50 VUs  16m48.0s/23m00.0s
time="2025-11-20T19:46:12+01:00" level=info msg="VU 43: Attempting to get token for user: performance__user_43_browser" source=console

running (16m49.0s), 44/50 VUs, 3887 complete and 0 interrupted iterations
default   [  73% ] 44/50 VUs  16m49.0s/23m00.0s

running (16m50.0s), 44/50 VUs, 3891 complete and 0 interrupted iterations
default   [  73% ] 44/50 VUs  16m50.0s/23m00.0s

running (16m51.0s), 44/50 VUs, 3896 complete and 0 interrupted iterations
default   [  73% ] 44/50 VUs  16m51.0s/23m00.0s

running (16m52.0s), 44/50 VUs, 3900 complete and 0 interrupted iterations
default   [  73% ] 44/50 VUs  16m52.0s/23m00.0s

running (16m53.0s), 44/50 VUs, 3903 complete and 0 interrupted iterations
default   [  73% ] 44/50 VUs  16m53.0s/23m00.0s

running (16m54.0s), 44/50 VUs, 3909 complete and 0 interrupted iterations
default   [  73% ] 44/50 VUs  16m54.0s/23m00.0s

running (16m55.0s), 44/50 VUs, 3914 complete and 0 interrupted iterations
default   [  74% ] 44/50 VUs  16m55.0s/23m00.0s

running (16m56.0s), 44/50 VUs, 3918 complete and 0 interrupted iterations
default   [  74% ] 44/50 VUs  16m56.0s/23m00.0s

running (16m57.0s), 44/50 VUs, 3922 complete and 0 interrupted iterations
default   [  74% ] 44/50 VUs  16m57.0s/23m00.0s
time="2025-11-20T19:46:21+01:00" level=info msg="VU 43: Authenticated as 'performance__user_43_browser' with role 'library_admin'" source=console

running (16m58.0s), 44/50 VUs, 3926 complete and 0 interrupted iterations
default   [  74% ] 44/50 VUs  16m58.0s/23m00.0s

running (16m59.0s), 44/50 VUs, 3929 complete and 0 interrupted iterations
default   [  74% ] 44/50 VUs  16m59.0s/23m00.0s

running (17m00.0s), 44/50 VUs, 3933 complete and 0 interrupted iterations
default   [  74% ] 44/50 VUs  17m00.0s/23m00.0s
time="2025-11-20T19:46:24+01:00" level=info msg="VU 47: Attempting to get token for user: performance__user_47_browser" source=console

running (17m01.0s), 45/50 VUs, 3937 complete and 0 interrupted iterations
default   [  74% ] 45/50 VUs  17m01.0s/23m00.0s

running (17m02.0s), 45/50 VUs, 3941 complete and 0 interrupted iterations
default   [  74% ] 45/50 VUs  17m02.0s/23m00.0s

running (17m03.0s), 45/50 VUs, 3945 complete and 0 interrupted iterations
default   [  74% ] 45/50 VUs  17m03.0s/23m00.0s

running (17m04.0s), 45/50 VUs, 3949 complete and 0 interrupted iterations
default   [  74% ] 45/50 VUs  17m04.0s/23m00.0s

running (17m05.0s), 45/50 VUs, 3953 complete and 0 interrupted iterations
default   [  74% ] 45/50 VUs  17m05.0s/23m00.0s

running (17m06.0s), 45/50 VUs, 3957 complete and 0 interrupted iterations
default   [  74% ] 45/50 VUs  17m06.0s/23m00.0s

running (17m07.0s), 45/50 VUs, 3961 complete and 0 interrupted iterations
default   [  74% ] 45/50 VUs  17m07.0s/23m00.0s

running (17m08.0s), 45/50 VUs, 3965 complete and 0 interrupted iterations
default   [  74% ] 45/50 VUs  17m08.0s/23m00.0s

running (17m09.0s), 45/50 VUs, 3969 complete and 0 interrupted iterations
default   [  75% ] 45/50 VUs  17m09.0s/23m00.0s
time="2025-11-20T19:46:34+01:00" level=info msg="VU 47: Authenticated as 'performance__user_47_browser' with role 'library_author'" source=console

running (17m10.0s), 45/50 VUs, 3973 complete and 0 interrupted iterations
default   [  75% ] 45/50 VUs  17m10.0s/23m00.0s

running (17m11.0s), 45/50 VUs, 3977 complete and 0 interrupted iterations
default   [  75% ] 45/50 VUs  17m11.0s/23m00.0s

running (17m12.0s), 45/50 VUs, 3981 complete and 0 interrupted iterations
default   [  75% ] 45/50 VUs  17m12.0s/23m00.0s
time="2025-11-20T19:46:36+01:00" level=info msg="VU 50: Attempting to get token for user: performance__user_50_browser" source=console

running (17m13.0s), 46/50 VUs, 3985 complete and 0 interrupted iterations
default   [  75% ] 46/50 VUs  17m13.0s/23m00.0s

running (17m14.0s), 46/50 VUs, 3989 complete and 0 interrupted iterations
default   [  75% ] 46/50 VUs  17m14.0s/23m00.0s

running (17m15.0s), 46/50 VUs, 3994 complete and 0 interrupted iterations
default   [  75% ] 46/50 VUs  17m15.0s/23m00.0s

running (17m16.0s), 46/50 VUs, 3998 complete and 0 interrupted iterations
default   [  75% ] 46/50 VUs  17m16.0s/23m00.0s

running (17m17.0s), 46/50 VUs, 4002 complete and 0 interrupted iterations
default   [  75% ] 46/50 VUs  17m17.0s/23m00.0s

running (17m18.0s), 46/50 VUs, 4006 complete and 0 interrupted iterations
default   [  75% ] 46/50 VUs  17m18.0s/23m00.0s

running (17m19.0s), 46/50 VUs, 4010 complete and 0 interrupted iterations
default   [  75% ] 46/50 VUs  17m19.0s/23m00.0s

running (17m20.0s), 46/50 VUs, 4014 complete and 0 interrupted iterations
default   [  75% ] 46/50 VUs  17m20.0s/23m00.0s

running (17m21.0s), 46/50 VUs, 4018 complete and 0 interrupted iterations
default   [  75% ] 46/50 VUs  17m21.0s/23m00.0s
time="2025-11-20T19:46:46+01:00" level=info msg="VU 50: Authenticated as 'performance__user_50_browser' with role 'library_author'" source=console

running (17m22.0s), 46/50 VUs, 4022 complete and 0 interrupted iterations
default   [  76% ] 46/50 VUs  17m22.0s/23m00.0s

running (17m23.0s), 46/50 VUs, 4026 complete and 0 interrupted iterations
default   [  76% ] 46/50 VUs  17m23.0s/23m00.0s

running (17m24.0s), 46/50 VUs, 4030 complete and 0 interrupted iterations
default   [  76% ] 46/50 VUs  17m24.0s/23m00.0s
time="2025-11-20T19:46:48+01:00" level=info msg="VU 42: Attempting to get token for user: performance__user_42_browser" source=console

running (17m25.0s), 47/50 VUs, 4034 complete and 0 interrupted iterations
default   [  76% ] 47/50 VUs  17m25.0s/23m00.0s

running (17m26.0s), 47/50 VUs, 4038 complete and 0 interrupted iterations
default   [  76% ] 47/50 VUs  17m26.0s/23m00.0s

running (17m27.0s), 47/50 VUs, 4042 complete and 0 interrupted iterations
default   [  76% ] 47/50 VUs  17m27.0s/23m00.0s

running (17m28.0s), 47/50 VUs, 4046 complete and 0 interrupted iterations
default   [  76% ] 47/50 VUs  17m28.0s/23m00.0s

running (17m29.0s), 47/50 VUs, 4050 complete and 0 interrupted iterations
default   [  76% ] 47/50 VUs  17m29.0s/23m00.0s

running (17m30.0s), 47/50 VUs, 4054 complete and 0 interrupted iterations
default   [  76% ] 47/50 VUs  17m30.0s/23m00.0s

running (17m31.0s), 47/50 VUs, 4058 complete and 0 interrupted iterations
default   [  76% ] 47/50 VUs  17m31.0s/23m00.0s

running (17m32.0s), 47/50 VUs, 4062 complete and 0 interrupted iterations
default   [  76% ] 47/50 VUs  17m32.0s/23m00.0s

running (17m33.0s), 47/50 VUs, 4066 complete and 0 interrupted iterations
default   [  76% ] 47/50 VUs  17m33.0s/23m00.0s
time="2025-11-20T19:46:58+01:00" level=info msg="VU 42: Authenticated as 'performance__user_42_browser' with role 'library_user'" source=console

running (17m34.0s), 47/50 VUs, 4070 complete and 0 interrupted iterations
default   [  76% ] 47/50 VUs  17m34.0s/23m00.0s

running (17m35.0s), 47/50 VUs, 4073 complete and 0 interrupted iterations
default   [  76% ] 47/50 VUs  17m35.0s/23m00.0s

running (17m36.0s), 47/50 VUs, 4077 complete and 0 interrupted iterations
default   [  77% ] 47/50 VUs  17m36.0s/23m00.0s
time="2025-11-20T19:47:00+01:00" level=info msg="VU 46: Attempting to get token for user: performance__user_46_browser" source=console

running (17m37.0s), 48/50 VUs, 4081 complete and 0 interrupted iterations
default   [  77% ] 48/50 VUs  17m37.0s/23m00.0s

running (17m38.0s), 48/50 VUs, 4085 complete and 0 interrupted iterations
default   [  77% ] 48/50 VUs  17m38.0s/23m00.0s

running (17m39.0s), 48/50 VUs, 4089 complete and 0 interrupted iterations
default   [  77% ] 48/50 VUs  17m39.0s/23m00.0s

running (17m40.0s), 48/50 VUs, 4093 complete and 0 interrupted iterations
default   [  77% ] 48/50 VUs  17m40.0s/23m00.0s

running (17m41.0s), 48/50 VUs, 4097 complete and 0 interrupted iterations
default   [  77% ] 48/50 VUs  17m41.0s/23m00.0s

running (17m42.0s), 48/50 VUs, 4101 complete and 0 interrupted iterations
default   [  77% ] 48/50 VUs  17m42.0s/23m00.0s

running (17m43.0s), 48/50 VUs, 4105 complete and 0 interrupted iterations
default   [  77% ] 48/50 VUs  17m43.0s/23m00.0s

running (17m44.0s), 48/50 VUs, 4109 complete and 0 interrupted iterations
default   [  77% ] 48/50 VUs  17m44.0s/23m00.0s

running (17m45.0s), 48/50 VUs, 4113 complete and 0 interrupted iterations
default   [  77% ] 48/50 VUs  17m45.0s/23m00.0s

running (17m46.0s), 48/50 VUs, 4117 complete and 0 interrupted iterations
default   [  77% ] 48/50 VUs  17m46.0s/23m00.0s
time="2025-11-20T19:47:10+01:00" level=info msg="VU 46: Authenticated as 'performance__user_46_browser' with role 'library_admin'" source=console

running (17m47.0s), 48/50 VUs, 4121 complete and 0 interrupted iterations
default   [  77% ] 48/50 VUs  17m47.0s/23m00.0s

running (17m48.0s), 48/50 VUs, 4125 complete and 0 interrupted iterations
default   [  77% ] 48/50 VUs  17m48.0s/23m00.0s
time="2025-11-20T19:47:12+01:00" level=info msg="VU 48: Attempting to get token for user: performance__user_48_browser" source=console

running (17m49.0s), 49/50 VUs, 4129 complete and 0 interrupted iterations
default   [  77% ] 49/50 VUs  17m49.0s/23m00.0s

running (17m50.0s), 49/50 VUs, 4133 complete and 0 interrupted iterations
default   [  78% ] 49/50 VUs  17m50.0s/23m00.0s

running (17m51.0s), 49/50 VUs, 4137 complete and 0 interrupted iterations
default   [  78% ] 49/50 VUs  17m51.0s/23m00.0s

running (17m52.0s), 49/50 VUs, 4141 complete and 0 interrupted iterations
default   [  78% ] 49/50 VUs  17m52.0s/23m00.0s

running (17m53.0s), 49/50 VUs, 4145 complete and 0 interrupted iterations
default   [  78% ] 49/50 VUs  17m53.0s/23m00.0s

running (17m54.0s), 49/50 VUs, 4149 complete and 0 interrupted iterations
default   [  78% ] 49/50 VUs  17m54.0s/23m00.0s

running (17m55.0s), 49/50 VUs, 4152 complete and 0 interrupted iterations
default   [  78% ] 49/50 VUs  17m55.0s/23m00.0s

running (17m56.0s), 49/50 VUs, 4156 complete and 0 interrupted iterations
default   [  78% ] 49/50 VUs  17m56.0s/23m00.0s

running (17m57.0s), 49/50 VUs, 4160 complete and 0 interrupted iterations
default   [  78% ] 49/50 VUs  17m57.0s/23m00.0s

running (17m58.0s), 49/50 VUs, 4164 complete and 0 interrupted iterations
default   [  78% ] 49/50 VUs  17m58.0s/23m00.0s
time="2025-11-20T19:47:23+01:00" level=info msg="VU 48: Authenticated as 'performance__user_48_browser' with role 'library_user'" source=console

running (17m59.0s), 49/50 VUs, 4168 complete and 0 interrupted iterations
default   [  78% ] 49/50 VUs  17m59.0s/23m00.0s

running (18m00.0s), 49/50 VUs, 4172 complete and 0 interrupted iterations
default   [  78% ] 49/50 VUs  18m00.0s/23m00.0s
time="2025-11-20T19:47:24+01:00" level=info msg="VU 49: Attempting to get token for user: performance__user_49_browser" source=console

running (18m01.0s), 50/50 VUs, 4176 complete and 0 interrupted iterations
default   [  78% ] 50/50 VUs  18m01.0s/23m00.0s

running (18m02.0s), 50/50 VUs, 4180 complete and 0 interrupted iterations
default   [  78% ] 50/50 VUs  18m02.0s/23m00.0s

running (18m03.0s), 50/50 VUs, 4184 complete and 0 interrupted iterations
default   [  78% ] 50/50 VUs  18m03.0s/23m00.0s

running (18m04.0s), 50/50 VUs, 4188 complete and 0 interrupted iterations
default   [  79% ] 50/50 VUs  18m04.0s/23m00.0s

running (18m05.0s), 50/50 VUs, 4192 complete and 0 interrupted iterations
default   [  79% ] 50/50 VUs  18m05.0s/23m00.0s

running (18m06.0s), 50/50 VUs, 4196 complete and 0 interrupted iterations
default   [  79% ] 50/50 VUs  18m06.0s/23m00.0s

running (18m07.0s), 50/50 VUs, 4200 complete and 0 interrupted iterations
default   [  79% ] 50/50 VUs  18m07.0s/23m00.0s

running (18m08.0s), 50/50 VUs, 4205 complete and 0 interrupted iterations
default   [  79% ] 50/50 VUs  18m08.0s/23m00.0s

running (18m09.0s), 50/50 VUs, 4209 complete and 0 interrupted iterations
default   [  79% ] 50/50 VUs  18m09.0s/23m00.0s

running (18m10.0s), 50/50 VUs, 4213 complete and 0 interrupted iterations
default   [  79% ] 50/50 VUs  18m10.0s/23m00.0s

running (18m11.0s), 50/50 VUs, 4218 complete and 0 interrupted iterations
default   [  79% ] 50/50 VUs  18m11.0s/23m00.0s
time="2025-11-20T19:47:35+01:00" level=info msg="VU 49: Authenticated as 'performance__user_49_browser' with role 'library_admin'" source=console

running (18m12.0s), 50/50 VUs, 4222 complete and 0 interrupted iterations
default   [  79% ] 50/50 VUs  18m12.0s/23m00.0s

running (18m13.0s), 50/50 VUs, 4225 complete and 0 interrupted iterations
default   [  79% ] 50/50 VUs  18m13.0s/23m00.0s

running (18m14.0s), 50/50 VUs, 4229 complete and 0 interrupted iterations
default   [  79% ] 50/50 VUs  18m14.0s/23m00.0s

running (18m15.0s), 50/50 VUs, 4233 complete and 0 interrupted iterations
default   [  79% ] 50/50 VUs  18m15.0s/23m00.0s

running (18m16.0s), 50/50 VUs, 4237 complete and 0 interrupted iterations
default   [  79% ] 50/50 VUs  18m16.0s/23m00.0s

running (18m17.0s), 50/50 VUs, 4241 complete and 0 interrupted iterations
default   [  79% ] 50/50 VUs  18m17.0s/23m00.0s

running (18m18.0s), 50/50 VUs, 4245 complete and 0 interrupted iterations
default   [  80% ] 50/50 VUs  18m18.0s/23m00.0s

running (18m19.0s), 50/50 VUs, 4249 complete and 0 interrupted iterations
default   [  80% ] 50/50 VUs  18m19.0s/23m00.0s

running (18m20.0s), 50/50 VUs, 4253 complete and 0 interrupted iterations
default   [  80% ] 50/50 VUs  18m20.0s/23m00.0s

running (18m21.0s), 50/50 VUs, 4257 complete and 0 interrupted iterations
default   [  80% ] 50/50 VUs  18m21.0s/23m00.0s

running (18m22.0s), 50/50 VUs, 4261 complete and 0 interrupted iterations
default   [  80% ] 50/50 VUs  18m22.0s/23m00.0s

running (18m23.0s), 50/50 VUs, 4266 complete and 0 interrupted iterations
default   [  80% ] 50/50 VUs  18m23.0s/23m00.0s

running (18m24.0s), 50/50 VUs, 4271 complete and 0 interrupted iterations
default   [  80% ] 50/50 VUs  18m24.0s/23m00.0s

running (18m25.0s), 50/50 VUs, 4275 complete and 0 interrupted iterations
default   [  80% ] 50/50 VUs  18m25.0s/23m00.0s

running (18m26.0s), 50/50 VUs, 4279 complete and 0 interrupted iterations
default   [  80% ] 50/50 VUs  18m26.0s/23m00.0s

running (18m27.0s), 50/50 VUs, 4283 complete and 0 interrupted iterations
default   [  80% ] 50/50 VUs  18m27.0s/23m00.0s

running (18m28.0s), 50/50 VUs, 4287 complete and 0 interrupted iterations
default   [  80% ] 50/50 VUs  18m28.0s/23m00.0s

running (18m29.0s), 50/50 VUs, 4291 complete and 0 interrupted iterations
default   [  80% ] 50/50 VUs  18m29.0s/23m00.0s

running (18m30.0s), 50/50 VUs, 4295 complete and 0 interrupted iterations
default   [  80% ] 50/50 VUs  18m30.0s/23m00.0s

running (18m31.0s), 50/50 VUs, 4299 complete and 0 interrupted iterations
default   [  81% ] 50/50 VUs  18m31.0s/23m00.0s

running (18m32.0s), 50/50 VUs, 4303 complete and 0 interrupted iterations
default   [  81% ] 50/50 VUs  18m32.0s/23m00.0s

running (18m33.0s), 50/50 VUs, 4307 complete and 0 interrupted iterations
default   [  81% ] 50/50 VUs  18m33.0s/23m00.0s

running (18m34.0s), 50/50 VUs, 4311 complete and 0 interrupted iterations
default   [  81% ] 50/50 VUs  18m34.0s/23m00.0s

running (18m35.0s), 50/50 VUs, 4315 complete and 0 interrupted iterations
default   [  81% ] 50/50 VUs  18m35.0s/23m00.0s

running (18m36.0s), 50/50 VUs, 4319 complete and 0 interrupted iterations
default   [  81% ] 50/50 VUs  18m36.0s/23m00.0s

running (18m37.0s), 50/50 VUs, 4323 complete and 0 interrupted iterations
default   [  81% ] 50/50 VUs  18m37.0s/23m00.0s

running (18m38.0s), 50/50 VUs, 4327 complete and 0 interrupted iterations
default   [  81% ] 50/50 VUs  18m38.0s/23m00.0s

running (18m39.0s), 50/50 VUs, 4331 complete and 0 interrupted iterations
default   [  81% ] 50/50 VUs  18m39.0s/23m00.0s

running (18m40.0s), 50/50 VUs, 4335 complete and 0 interrupted iterations
default   [  81% ] 50/50 VUs  18m40.0s/23m00.0s

running (18m41.0s), 50/50 VUs, 4339 complete and 0 interrupted iterations
default   [  81% ] 50/50 VUs  18m41.0s/23m00.0s

running (18m42.0s), 50/50 VUs, 4343 complete and 0 interrupted iterations
default   [  81% ] 50/50 VUs  18m42.0s/23m00.0s

running (18m43.0s), 50/50 VUs, 4347 complete and 0 interrupted iterations
default   [  81% ] 50/50 VUs  18m43.0s/23m00.0s

running (18m44.0s), 50/50 VUs, 4351 complete and 0 interrupted iterations
default   [  81% ] 50/50 VUs  18m44.0s/23m00.0s

running (18m45.0s), 50/50 VUs, 4355 complete and 0 interrupted iterations
default   [  82% ] 50/50 VUs  18m45.0s/23m00.0s

running (18m46.0s), 50/50 VUs, 4359 complete and 0 interrupted iterations
default   [  82% ] 50/50 VUs  18m46.0s/23m00.0s

running (18m47.0s), 50/50 VUs, 4363 complete and 0 interrupted iterations
default   [  82% ] 50/50 VUs  18m47.0s/23m00.0s

running (18m48.0s), 50/50 VUs, 4367 complete and 0 interrupted iterations
default   [  82% ] 50/50 VUs  18m48.0s/23m00.0s

running (18m49.0s), 50/50 VUs, 4371 complete and 0 interrupted iterations
default   [  82% ] 50/50 VUs  18m49.0s/23m00.0s

running (18m50.0s), 50/50 VUs, 4375 complete and 0 interrupted iterations
default   [  82% ] 50/50 VUs  18m50.0s/23m00.0s

running (18m51.0s), 50/50 VUs, 4380 complete and 0 interrupted iterations
default   [  82% ] 50/50 VUs  18m51.0s/23m00.0s

running (18m52.0s), 50/50 VUs, 4384 complete and 0 interrupted iterations
default   [  82% ] 50/50 VUs  18m52.0s/23m00.0s

running (18m53.0s), 50/50 VUs, 4388 complete and 0 interrupted iterations
default   [  82% ] 50/50 VUs  18m53.0s/23m00.0s

running (18m54.0s), 50/50 VUs, 4392 complete and 0 interrupted iterations
default   [  82% ] 50/50 VUs  18m54.0s/23m00.0s

running (18m55.0s), 50/50 VUs, 4396 complete and 0 interrupted iterations
default   [  82% ] 50/50 VUs  18m55.0s/23m00.0s

running (18m56.0s), 50/50 VUs, 4400 complete and 0 interrupted iterations
default   [  82% ] 50/50 VUs  18m56.0s/23m00.0s

running (18m57.0s), 50/50 VUs, 4404 complete and 0 interrupted iterations
default   [  82% ] 50/50 VUs  18m57.0s/23m00.0s

running (18m58.0s), 50/50 VUs, 4408 complete and 0 interrupted iterations
default   [  82% ] 50/50 VUs  18m58.0s/23m00.0s

running (18m59.0s), 50/50 VUs, 4412 complete and 0 interrupted iterations
default   [  83% ] 50/50 VUs  18m59.0s/23m00.0s

running (19m00.0s), 50/50 VUs, 4416 complete and 0 interrupted iterations
default   [  83% ] 50/50 VUs  19m00.0s/23m00.0s

running (19m01.0s), 50/50 VUs, 4420 complete and 0 interrupted iterations
default   [  83% ] 50/50 VUs  19m01.0s/23m00.0s

running (19m02.0s), 50/50 VUs, 4424 complete and 0 interrupted iterations
default   [  83% ] 50/50 VUs  19m02.0s/23m00.0s

running (19m03.0s), 50/50 VUs, 4428 complete and 0 interrupted iterations
default   [  83% ] 50/50 VUs  19m03.0s/23m00.0s

running (19m04.0s), 50/50 VUs, 4432 complete and 0 interrupted iterations
default   [  83% ] 50/50 VUs  19m04.0s/23m00.0s

running (19m05.0s), 50/50 VUs, 4436 complete and 0 interrupted iterations
default   [  83% ] 50/50 VUs  19m05.0s/23m00.0s

running (19m06.0s), 50/50 VUs, 4440 complete and 0 interrupted iterations
default   [  83% ] 50/50 VUs  19m06.0s/23m00.0s

running (19m07.0s), 50/50 VUs, 4444 complete and 0 interrupted iterations
default   [  83% ] 50/50 VUs  19m07.0s/23m00.0s

running (19m08.0s), 50/50 VUs, 4448 complete and 0 interrupted iterations
default   [  83% ] 50/50 VUs  19m08.0s/23m00.0s

running (19m09.0s), 50/50 VUs, 4452 complete and 0 interrupted iterations
default   [  83% ] 50/50 VUs  19m09.0s/23m00.0s

running (19m10.0s), 50/50 VUs, 4456 complete and 0 interrupted iterations
default   [  83% ] 50/50 VUs  19m10.0s/23m00.0s

running (19m11.0s), 50/50 VUs, 4460 complete and 0 interrupted iterations
default   [  83% ] 50/50 VUs  19m11.0s/23m00.0s

running (19m12.0s), 50/50 VUs, 4464 complete and 0 interrupted iterations
default   [  83% ] 50/50 VUs  19m12.0s/23m00.0s

running (19m13.0s), 50/50 VUs, 4468 complete and 0 interrupted iterations
default   [  84% ] 50/50 VUs  19m13.0s/23m00.0s

running (19m14.0s), 50/50 VUs, 4472 complete and 0 interrupted iterations
default   [  84% ] 50/50 VUs  19m14.0s/23m00.0s

running (19m15.0s), 50/50 VUs, 4476 complete and 0 interrupted iterations
default   [  84% ] 50/50 VUs  19m15.0s/23m00.0s

running (19m16.0s), 50/50 VUs, 4480 complete and 0 interrupted iterations
default   [  84% ] 50/50 VUs  19m16.0s/23m00.0s

running (19m17.0s), 50/50 VUs, 4484 complete and 0 interrupted iterations
default   [  84% ] 50/50 VUs  19m17.0s/23m00.0s

running (19m18.0s), 50/50 VUs, 4488 complete and 0 interrupted iterations
default   [  84% ] 50/50 VUs  19m18.0s/23m00.0s

running (19m19.0s), 50/50 VUs, 4493 complete and 0 interrupted iterations
default   [  84% ] 50/50 VUs  19m19.0s/23m00.0s

running (19m20.0s), 50/50 VUs, 4497 complete and 0 interrupted iterations
default   [  84% ] 50/50 VUs  19m20.0s/23m00.0s

running (19m21.0s), 50/50 VUs, 4502 complete and 0 interrupted iterations
default   [  84% ] 50/50 VUs  19m21.0s/23m00.0s

running (19m22.0s), 50/50 VUs, 4506 complete and 0 interrupted iterations
default   [  84% ] 50/50 VUs  19m22.0s/23m00.0s

running (19m23.0s), 50/50 VUs, 4510 complete and 0 interrupted iterations
default   [  84% ] 50/50 VUs  19m23.0s/23m00.0s

running (19m24.0s), 50/50 VUs, 4515 complete and 0 interrupted iterations
default   [  84% ] 50/50 VUs  19m24.0s/23m00.0s

running (19m25.0s), 50/50 VUs, 4516 complete and 0 interrupted iterations
default   [  84% ] 50/50 VUs  19m25.0s/23m00.0s

running (19m26.0s), 50/50 VUs, 4521 complete and 0 interrupted iterations
default   [  84% ] 50/50 VUs  19m26.0s/23m00.0s

running (19m27.0s), 50/50 VUs, 4525 complete and 0 interrupted iterations
default   [  85% ] 50/50 VUs  19m27.0s/23m00.0s

running (19m28.0s), 50/50 VUs, 4529 complete and 0 interrupted iterations
default   [  85% ] 50/50 VUs  19m28.0s/23m00.0s

running (19m29.0s), 50/50 VUs, 4533 complete and 0 interrupted iterations
default   [  85% ] 50/50 VUs  19m29.0s/23m00.0s

running (19m30.0s), 50/50 VUs, 4537 complete and 0 interrupted iterations
default   [  85% ] 50/50 VUs  19m30.0s/23m00.0s

running (19m31.0s), 50/50 VUs, 4541 complete and 0 interrupted iterations
default   [  85% ] 50/50 VUs  19m31.0s/23m00.0s

running (19m32.0s), 50/50 VUs, 4545 complete and 0 interrupted iterations
default   [  85% ] 50/50 VUs  19m32.0s/23m00.0s

running (19m33.0s), 50/50 VUs, 4549 complete and 0 interrupted iterations
default   [  85% ] 50/50 VUs  19m33.0s/23m00.0s

running (19m34.0s), 50/50 VUs, 4554 complete and 0 interrupted iterations
default   [  85% ] 50/50 VUs  19m34.0s/23m00.0s

running (19m35.0s), 50/50 VUs, 4559 complete and 0 interrupted iterations
default   [  85% ] 50/50 VUs  19m35.0s/23m00.0s

running (19m36.0s), 50/50 VUs, 4560 complete and 0 interrupted iterations
default   [  85% ] 50/50 VUs  19m36.0s/23m00.0s

running (19m37.0s), 50/50 VUs, 4564 complete and 0 interrupted iterations
default   [  85% ] 50/50 VUs  19m37.0s/23m00.0s

running (19m38.0s), 50/50 VUs, 4569 complete and 0 interrupted iterations
default   [  85% ] 50/50 VUs  19m38.0s/23m00.0s

running (19m39.0s), 50/50 VUs, 4571 complete and 0 interrupted iterations
default   [  85% ] 50/50 VUs  19m39.0s/23m00.0s

running (19m40.0s), 50/50 VUs, 4577 complete and 0 interrupted iterations
default   [  86% ] 50/50 VUs  19m40.0s/23m00.0s

running (19m41.0s), 50/50 VUs, 4582 complete and 0 interrupted iterations
default   [  86% ] 50/50 VUs  19m41.0s/23m00.0s

running (19m42.0s), 50/50 VUs, 4586 complete and 0 interrupted iterations
default   [  86% ] 50/50 VUs  19m42.0s/23m00.0s

running (19m43.0s), 50/50 VUs, 4590 complete and 0 interrupted iterations
default   [  86% ] 50/50 VUs  19m43.0s/23m00.0s

running (19m44.0s), 50/50 VUs, 4594 complete and 0 interrupted iterations
default   [  86% ] 50/50 VUs  19m44.0s/23m00.0s

running (19m45.0s), 50/50 VUs, 4598 complete and 0 interrupted iterations
default   [  86% ] 50/50 VUs  19m45.0s/23m00.0s

running (19m46.0s), 50/50 VUs, 4602 complete and 0 interrupted iterations
default   [  86% ] 50/50 VUs  19m46.0s/23m00.0s

running (19m47.0s), 50/50 VUs, 4606 complete and 0 interrupted iterations
default   [  86% ] 50/50 VUs  19m47.0s/23m00.0s

running (19m48.0s), 50/50 VUs, 4610 complete and 0 interrupted iterations
default   [  86% ] 50/50 VUs  19m48.0s/23m00.0s

running (19m49.0s), 50/50 VUs, 4614 complete and 0 interrupted iterations
default   [  86% ] 50/50 VUs  19m49.0s/23m00.0s

running (19m50.0s), 50/50 VUs, 4618 complete and 0 interrupted iterations
default   [  86% ] 50/50 VUs  19m50.0s/23m00.0s

running (19m51.0s), 50/50 VUs, 4622 complete and 0 interrupted iterations
default   [  86% ] 50/50 VUs  19m51.0s/23m00.0s

running (19m52.0s), 50/50 VUs, 4626 complete and 0 interrupted iterations
default   [  86% ] 50/50 VUs  19m52.0s/23m00.0s

running (19m53.0s), 50/50 VUs, 4630 complete and 0 interrupted iterations
default   [  86% ] 50/50 VUs  19m53.0s/23m00.0s

running (19m54.0s), 50/50 VUs, 4634 complete and 0 interrupted iterations
default   [  87% ] 50/50 VUs  19m54.0s/23m00.0s

running (19m55.0s), 50/50 VUs, 4639 complete and 0 interrupted iterations
default   [  87% ] 50/50 VUs  19m55.0s/23m00.0s

running (19m56.0s), 50/50 VUs, 4643 complete and 0 interrupted iterations
default   [  87% ] 50/50 VUs  19m56.0s/23m00.0s

running (19m57.0s), 50/50 VUs, 4647 complete and 0 interrupted iterations
default   [  87% ] 50/50 VUs  19m57.0s/23m00.0s

running (19m58.0s), 50/50 VUs, 4651 complete and 0 interrupted iterations
default   [  87% ] 50/50 VUs  19m58.0s/23m00.0s

running (19m59.0s), 50/50 VUs, 4655 complete and 0 interrupted iterations
default   [  87% ] 50/50 VUs  19m59.0s/23m00.0s

running (20m00.0s), 50/50 VUs, 4659 complete and 0 interrupted iterations
default   [  87% ] 50/50 VUs  20m00.0s/23m00.0s

running (20m01.0s), 50/50 VUs, 4663 complete and 0 interrupted iterations
default   [  87% ] 50/50 VUs  20m01.0s/23m00.0s

running (20m02.0s), 50/50 VUs, 4667 complete and 0 interrupted iterations
default   [  87% ] 50/50 VUs  20m02.0s/23m00.0s

running (20m03.0s), 50/50 VUs, 4671 complete and 0 interrupted iterations
default   [  87% ] 50/50 VUs  20m03.0s/23m00.0s

running (20m04.0s), 50/50 VUs, 4675 complete and 0 interrupted iterations
default   [  87% ] 50/50 VUs  20m04.0s/23m00.0s

running (20m05.0s), 50/50 VUs, 4679 complete and 0 interrupted iterations
default   [  87% ] 50/50 VUs  20m05.0s/23m00.0s

running (20m06.0s), 50/50 VUs, 4683 complete and 0 interrupted iterations
default   [  87% ] 50/50 VUs  20m06.0s/23m00.0s

running (20m07.0s), 50/50 VUs, 4687 complete and 0 interrupted iterations
default   [  87% ] 50/50 VUs  20m07.0s/23m00.0s

running (20m08.0s), 50/50 VUs, 4691 complete and 0 interrupted iterations
default   [  88% ] 50/50 VUs  20m08.0s/23m00.0s

running (20m09.0s), 50/50 VUs, 4695 complete and 0 interrupted iterations
default   [  88% ] 50/50 VUs  20m09.0s/23m00.0s

running (20m10.0s), 50/50 VUs, 4699 complete and 0 interrupted iterations
default   [  88% ] 50/50 VUs  20m10.0s/23m00.0s

running (20m11.0s), 50/50 VUs, 4703 complete and 0 interrupted iterations
default   [  88% ] 50/50 VUs  20m11.0s/23m00.0s

running (20m12.0s), 50/50 VUs, 4707 complete and 0 interrupted iterations
default   [  88% ] 50/50 VUs  20m12.0s/23m00.0s

running (20m13.0s), 50/50 VUs, 4711 complete and 0 interrupted iterations
default   [  88% ] 50/50 VUs  20m13.0s/23m00.0s

running (20m14.0s), 50/50 VUs, 4715 complete and 0 interrupted iterations
default   [  88% ] 50/50 VUs  20m14.0s/23m00.0s

running (20m15.0s), 50/50 VUs, 4719 complete and 0 interrupted iterations
default   [  88% ] 50/50 VUs  20m15.0s/23m00.0s

running (20m16.0s), 50/50 VUs, 4723 complete and 0 interrupted iterations
default   [  88% ] 50/50 VUs  20m16.0s/23m00.0s

running (20m17.0s), 50/50 VUs, 4727 complete and 0 interrupted iterations
default   [  88% ] 50/50 VUs  20m17.0s/23m00.0s

running (20m18.0s), 50/50 VUs, 4731 complete and 0 interrupted iterations
default   [  88% ] 50/50 VUs  20m18.0s/23m00.0s

running (20m19.0s), 50/50 VUs, 4736 complete and 0 interrupted iterations
default   [  88% ] 50/50 VUs  20m19.0s/23m00.0s

running (20m20.0s), 50/50 VUs, 4740 complete and 0 interrupted iterations
default   [  88% ] 50/50 VUs  20m20.0s/23m00.0s

running (20m21.0s), 50/50 VUs, 4744 complete and 0 interrupted iterations
default   [  88% ] 50/50 VUs  20m21.0s/23m00.0s

running (20m22.0s), 50/50 VUs, 4748 complete and 0 interrupted iterations
default   [  89% ] 50/50 VUs  20m22.0s/23m00.0s

running (20m23.0s), 50/50 VUs, 4752 complete and 0 interrupted iterations
default   [  89% ] 50/50 VUs  20m23.0s/23m00.0s

running (20m24.0s), 50/50 VUs, 4756 complete and 0 interrupted iterations
default   [  89% ] 50/50 VUs  20m24.0s/23m00.0s

running (20m25.0s), 50/50 VUs, 4760 complete and 0 interrupted iterations
default   [  89% ] 50/50 VUs  20m25.0s/23m00.0s

running (20m26.0s), 50/50 VUs, 4764 complete and 0 interrupted iterations
default   [  89% ] 50/50 VUs  20m26.0s/23m00.0s

running (20m27.0s), 50/50 VUs, 4768 complete and 0 interrupted iterations
default   [  89% ] 50/50 VUs  20m27.0s/23m00.0s

running (20m28.0s), 50/50 VUs, 4772 complete and 0 interrupted iterations
default   [  89% ] 50/50 VUs  20m28.0s/23m00.0s

running (20m29.0s), 50/50 VUs, 4776 complete and 0 interrupted iterations
default   [  89% ] 50/50 VUs  20m29.0s/23m00.0s

running (20m30.0s), 50/50 VUs, 4780 complete and 0 interrupted iterations
default   [  89% ] 50/50 VUs  20m30.0s/23m00.0s

running (20m31.0s), 50/50 VUs, 4784 complete and 0 interrupted iterations
default   [  89% ] 50/50 VUs  20m31.0s/23m00.0s

running (20m32.0s), 50/50 VUs, 4788 complete and 0 interrupted iterations
default   [  89% ] 50/50 VUs  20m32.0s/23m00.0s

running (20m33.0s), 50/50 VUs, 4792 complete and 0 interrupted iterations
default   [  89% ] 50/50 VUs  20m33.0s/23m00.0s

running (20m34.0s), 50/50 VUs, 4796 complete and 0 interrupted iterations
default   [  89% ] 50/50 VUs  20m34.0s/23m00.0s

running (20m35.0s), 50/50 VUs, 4801 complete and 0 interrupted iterations
default   [  89% ] 50/50 VUs  20m35.0s/23m00.0s

running (20m36.0s), 50/50 VUs, 4805 complete and 0 interrupted iterations
default   [  90% ] 50/50 VUs  20m36.0s/23m00.0s

running (20m37.0s), 50/50 VUs, 4809 complete and 0 interrupted iterations
default   [  90% ] 50/50 VUs  20m37.0s/23m00.0s

running (20m38.0s), 50/50 VUs, 4813 complete and 0 interrupted iterations
default   [  90% ] 50/50 VUs  20m38.0s/23m00.0s

running (20m39.0s), 50/50 VUs, 4817 complete and 0 interrupted iterations
default   [  90% ] 50/50 VUs  20m39.0s/23m00.0s

running (20m40.0s), 50/50 VUs, 4821 complete and 0 interrupted iterations
default   [  90% ] 50/50 VUs  20m40.0s/23m00.0s

running (20m41.0s), 50/50 VUs, 4825 complete and 0 interrupted iterations
default   [  90% ] 50/50 VUs  20m41.0s/23m00.0s

running (20m42.0s), 50/50 VUs, 4829 complete and 0 interrupted iterations
default   [  90% ] 50/50 VUs  20m42.0s/23m00.0s

running (20m43.0s), 50/50 VUs, 4833 complete and 0 interrupted iterations
default   [  90% ] 50/50 VUs  20m43.0s/23m00.0s

running (20m44.0s), 50/50 VUs, 4837 complete and 0 interrupted iterations
default   [  90% ] 50/50 VUs  20m44.0s/23m00.0s

running (20m45.0s), 50/50 VUs, 4841 complete and 0 interrupted iterations
default   [  90% ] 50/50 VUs  20m45.0s/23m00.0s

running (20m46.0s), 50/50 VUs, 4845 complete and 0 interrupted iterations
default   [  90% ] 50/50 VUs  20m46.0s/23m00.0s

running (20m47.0s), 50/50 VUs, 4849 complete and 0 interrupted iterations
default   [  90% ] 50/50 VUs  20m47.0s/23m00.0s

running (20m48.0s), 50/50 VUs, 4853 complete and 0 interrupted iterations
default   [  90% ] 50/50 VUs  20m48.0s/23m00.0s

running (20m49.0s), 50/50 VUs, 4858 complete and 0 interrupted iterations
default   [  91% ] 50/50 VUs  20m49.0s/23m00.0s

running (20m50.0s), 50/50 VUs, 4861 complete and 0 interrupted iterations
default   [  91% ] 50/50 VUs  20m50.0s/23m00.0s

running (20m51.0s), 50/50 VUs, 4866 complete and 0 interrupted iterations
default   [  91% ] 50/50 VUs  20m51.0s/23m00.0s

running (20m52.0s), 50/50 VUs, 4870 complete and 0 interrupted iterations
default   [  91% ] 50/50 VUs  20m52.0s/23m00.0s

running (20m53.0s), 50/50 VUs, 4874 complete and 0 interrupted iterations
default   [  91% ] 50/50 VUs  20m53.0s/23m00.0s

running (20m54.0s), 50/50 VUs, 4878 complete and 0 interrupted iterations
default   [  91% ] 50/50 VUs  20m54.0s/23m00.0s

running (20m55.0s), 50/50 VUs, 4882 complete and 0 interrupted iterations
default   [  91% ] 50/50 VUs  20m55.0s/23m00.0s

running (20m56.0s), 50/50 VUs, 4886 complete and 0 interrupted iterations
default   [  91% ] 50/50 VUs  20m56.0s/23m00.0s

running (20m57.0s), 50/50 VUs, 4890 complete and 0 interrupted iterations
default   [  91% ] 50/50 VUs  20m57.0s/23m00.0s

running (20m58.0s), 50/50 VUs, 4894 complete and 0 interrupted iterations
default   [  91% ] 50/50 VUs  20m58.0s/23m00.0s

running (20m59.0s), 50/50 VUs, 4898 complete and 0 interrupted iterations
default   [  91% ] 50/50 VUs  20m59.0s/23m00.0s

running (21m00.0s), 50/50 VUs, 4902 complete and 0 interrupted iterations
default   [  91% ] 50/50 VUs  21m00.0s/23m00.0s

running (21m01.0s), 50/50 VUs, 4906 complete and 0 interrupted iterations
default   [  91% ] 50/50 VUs  21m01.0s/23m00.0s

running (21m02.0s), 50/50 VUs, 4911 complete and 0 interrupted iterations
default   [  91% ] 50/50 VUs  21m02.0s/23m00.0s

running (21m03.0s), 50/50 VUs, 4915 complete and 0 interrupted iterations
default   [  92% ] 50/50 VUs  21m03.0s/23m00.0s

running (21m04.0s), 50/50 VUs, 4919 complete and 0 interrupted iterations
default   [  92% ] 50/50 VUs  21m04.0s/23m00.0s

running (21m05.0s), 49/50 VUs, 4923 complete and 0 interrupted iterations
default   [  92% ] 49/50 VUs  21m05.0s/23m00.0s

running (21m06.0s), 48/50 VUs, 4927 complete and 0 interrupted iterations
default   [  92% ] 48/50 VUs  21m06.0s/23m00.0s

running (21m07.0s), 48/50 VUs, 4931 complete and 0 interrupted iterations
default   [  92% ] 48/50 VUs  21m07.0s/23m00.0s

running (21m08.0s), 48/50 VUs, 4935 complete and 0 interrupted iterations
default   [  92% ] 48/50 VUs  21m08.0s/23m00.0s

running (21m09.0s), 48/50 VUs, 4939 complete and 0 interrupted iterations
default   [  92% ] 48/50 VUs  21m09.0s/23m00.0s

running (21m10.0s), 48/50 VUs, 4943 complete and 0 interrupted iterations
default   [  92% ] 48/50 VUs  21m10.0s/23m00.0s

running (21m11.0s), 48/50 VUs, 4947 complete and 0 interrupted iterations
default   [  92% ] 48/50 VUs  21m11.0s/23m00.0s

running (21m12.0s), 48/50 VUs, 4951 complete and 0 interrupted iterations
default   [  92% ] 48/50 VUs  21m12.0s/23m00.0s

running (21m13.0s), 48/50 VUs, 4955 complete and 0 interrupted iterations
default   [  92% ] 48/50 VUs  21m13.0s/23m00.0s

running (21m14.0s), 48/50 VUs, 4959 complete and 0 interrupted iterations
default   [  92% ] 48/50 VUs  21m14.0s/23m00.0s

running (21m15.0s), 47/50 VUs, 4963 complete and 0 interrupted iterations
default   [  92% ] 47/50 VUs  21m15.0s/23m00.0s

running (21m16.0s), 45/50 VUs, 4967 complete and 0 interrupted iterations
default   [  92% ] 45/50 VUs  21m16.0s/23m00.0s

running (21m17.0s), 45/50 VUs, 4971 complete and 0 interrupted iterations
default   [  93% ] 45/50 VUs  21m17.0s/23m00.0s

running (21m18.0s), 45/50 VUs, 4975 complete and 0 interrupted iterations
default   [  93% ] 45/50 VUs  21m18.0s/23m00.0s

running (21m19.0s), 45/50 VUs, 4979 complete and 0 interrupted iterations
default   [  93% ] 45/50 VUs  21m19.0s/23m00.0s

running (21m20.0s), 45/50 VUs, 4983 complete and 0 interrupted iterations
default   [  93% ] 45/50 VUs  21m20.0s/23m00.0s

running (21m21.0s), 45/50 VUs, 4987 complete and 0 interrupted iterations
default   [  93% ] 45/50 VUs  21m21.0s/23m00.0s

running (21m22.0s), 44/50 VUs, 4991 complete and 0 interrupted iterations
default   [  93% ] 44/50 VUs  21m22.0s/23m00.0s

running (21m23.0s), 43/50 VUs, 4996 complete and 0 interrupted iterations
default   [  93% ] 43/50 VUs  21m23.0s/23m00.0s

running (21m24.0s), 43/50 VUs, 4999 complete and 0 interrupted iterations
default   [  93% ] 43/50 VUs  21m24.0s/23m00.0s

running (21m25.0s), 43/50 VUs, 5003 complete and 0 interrupted iterations
default   [  93% ] 43/50 VUs  21m25.0s/23m00.0s

running (21m26.0s), 42/50 VUs, 5008 complete and 0 interrupted iterations
default   [  93% ] 42/50 VUs  21m26.0s/23m00.0s

running (21m27.0s), 42/50 VUs, 5012 complete and 0 interrupted iterations
default   [  93% ] 42/50 VUs  21m27.0s/23m00.0s

running (21m28.0s), 42/50 VUs, 5016 complete and 0 interrupted iterations
default   [  93% ] 42/50 VUs  21m28.0s/23m00.0s

running (21m29.0s), 41/50 VUs, 5020 complete and 0 interrupted iterations
default   [  93% ] 41/50 VUs  21m29.0s/23m00.0s

running (21m30.0s), 41/50 VUs, 5024 complete and 0 interrupted iterations
default   [  93% ] 41/50 VUs  21m30.0s/23m00.0s

running (21m31.0s), 41/50 VUs, 5028 complete and 0 interrupted iterations
default   [  94% ] 41/50 VUs  21m31.0s/23m00.0s

running (21m32.0s), 39/50 VUs, 5032 complete and 0 interrupted iterations
default   [  94% ] 39/50 VUs  21m32.0s/23m00.0s

running (21m33.0s), 38/50 VUs, 5036 complete and 0 interrupted iterations
default   [  94% ] 38/50 VUs  21m33.0s/23m00.0s

running (21m34.0s), 38/50 VUs, 5040 complete and 0 interrupted iterations
default   [  94% ] 38/50 VUs  21m34.0s/23m00.0s

running (21m35.0s), 37/50 VUs, 5044 complete and 0 interrupted iterations
default   [  94% ] 37/50 VUs  21m35.0s/23m00.0s

running (21m36.0s), 37/50 VUs, 5048 complete and 0 interrupted iterations
default   [  94% ] 37/50 VUs  21m36.0s/23m00.0s

running (21m37.0s), 36/50 VUs, 5052 complete and 0 interrupted iterations
default   [  94% ] 36/50 VUs  21m37.0s/23m00.0s

running (21m38.0s), 36/50 VUs, 5056 complete and 0 interrupted iterations
default   [  94% ] 36/50 VUs  21m38.0s/23m00.0s

running (21m39.0s), 36/50 VUs, 5060 complete and 0 interrupted iterations
default   [  94% ] 36/50 VUs  21m39.0s/23m00.0s

running (21m40.0s), 36/50 VUs, 5064 complete and 0 interrupted iterations
default   [  94% ] 36/50 VUs  21m40.0s/23m00.0s

running (21m41.0s), 36/50 VUs, 5068 complete and 0 interrupted iterations
default   [  94% ] 36/50 VUs  21m41.0s/23m00.0s

running (21m42.0s), 36/50 VUs, 5072 complete and 0 interrupted iterations
default   [  94% ] 36/50 VUs  21m42.0s/23m00.0s

running (21m43.0s), 36/50 VUs, 5076 complete and 0 interrupted iterations
default   [  94% ] 36/50 VUs  21m43.0s/23m00.0s

running (21m44.0s), 36/50 VUs, 5080 complete and 0 interrupted iterations
default   [  94% ] 36/50 VUs  21m44.0s/23m00.0s

running (21m45.0s), 35/50 VUs, 5084 complete and 0 interrupted iterations
default   [  95% ] 35/50 VUs  21m45.0s/23m00.0s

running (21m46.0s), 33/50 VUs, 5088 complete and 0 interrupted iterations
default   [  95% ] 33/50 VUs  21m46.0s/23m00.0s

running (21m47.0s), 31/50 VUs, 5092 complete and 0 interrupted iterations
default   [  95% ] 31/50 VUs  21m47.0s/23m00.0s

running (21m48.0s), 31/50 VUs, 5096 complete and 0 interrupted iterations
default   [  95% ] 31/50 VUs  21m48.0s/23m00.0s

running (21m49.0s), 31/50 VUs, 5100 complete and 0 interrupted iterations
default   [  95% ] 31/50 VUs  21m49.0s/23m00.0s

running (21m50.0s), 31/50 VUs, 5104 complete and 0 interrupted iterations
default   [  95% ] 31/50 VUs  21m50.0s/23m00.0s

running (21m51.0s), 31/50 VUs, 5108 complete and 0 interrupted iterations
default   [  95% ] 31/50 VUs  21m51.0s/23m00.0s

running (21m52.0s), 31/50 VUs, 5112 complete and 0 interrupted iterations
default   [  95% ] 31/50 VUs  21m52.0s/23m00.0s

running (21m53.0s), 30/50 VUs, 5116 complete and 0 interrupted iterations
default   [  95% ] 30/50 VUs  21m53.0s/23m00.0s

running (21m54.0s), 29/50 VUs, 5121 complete and 0 interrupted iterations
default   [  95% ] 29/50 VUs  21m54.0s/23m00.0s

running (21m55.0s), 29/50 VUs, 5125 complete and 0 interrupted iterations
default   [  95% ] 29/50 VUs  21m55.0s/23m00.0s

running (21m56.0s), 29/50 VUs, 5129 complete and 0 interrupted iterations
default   [  95% ] 29/50 VUs  21m56.0s/23m00.0s

running (21m57.0s), 28/50 VUs, 5133 complete and 0 interrupted iterations
default   [  95% ] 28/50 VUs  21m57.0s/23m00.0s

running (21m58.0s), 28/50 VUs, 5137 complete and 0 interrupted iterations
default   [  96% ] 28/50 VUs  21m58.0s/23m00.0s

running (21m59.0s), 27/50 VUs, 5142 complete and 0 interrupted iterations
default   [  96% ] 27/50 VUs  21m59.0s/23m00.0s

running (22m00.0s), 27/50 VUs, 5146 complete and 0 interrupted iterations
default   [  96% ] 27/50 VUs  22m00.0s/23m00.0s

running (22m01.0s), 26/50 VUs, 5151 complete and 0 interrupted iterations
default   [  96% ] 26/50 VUs  22m01.0s/23m00.0s

running (22m02.0s), 26/50 VUs, 5155 complete and 0 interrupted iterations
default   [  96% ] 26/50 VUs  22m02.0s/23m00.0s

running (22m03.0s), 26/50 VUs, 5159 complete and 0 interrupted iterations
default   [  96% ] 26/50 VUs  22m03.0s/23m00.0s

running (22m04.0s), 25/50 VUs, 5163 complete and 0 interrupted iterations
default   [  96% ] 25/50 VUs  22m04.0s/23m00.0s

running (22m05.0s), 25/50 VUs, 5167 complete and 0 interrupted iterations
default   [  96% ] 25/50 VUs  22m05.0s/23m00.0s

running (22m06.0s), 24/50 VUs, 5171 complete and 0 interrupted iterations
default   [  96% ] 24/50 VUs  22m06.0s/23m00.0s

running (22m07.0s), 24/50 VUs, 5175 complete and 0 interrupted iterations
default   [  96% ] 24/50 VUs  22m07.0s/23m00.0s

running (22m08.0s), 24/50 VUs, 5179 complete and 0 interrupted iterations
default   [  96% ] 24/50 VUs  22m08.0s/23m00.0s

running (22m09.0s), 23/50 VUs, 5183 complete and 0 interrupted iterations
default   [  96% ] 23/50 VUs  22m09.0s/23m00.0s

running (22m10.0s), 23/50 VUs, 5187 complete and 0 interrupted iterations
default   [  96% ] 23/50 VUs  22m10.0s/23m00.0s

running (22m11.0s), 22/50 VUs, 5191 complete and 0 interrupted iterations
default   [  96% ] 22/50 VUs  22m11.0s/23m00.0s

running (22m12.0s), 22/50 VUs, 5195 complete and 0 interrupted iterations
default   [  97% ] 22/50 VUs  22m12.0s/23m00.0s

running (22m13.0s), 21/50 VUs, 5199 complete and 0 interrupted iterations
default   [  97% ] 21/50 VUs  22m13.0s/23m00.0s

running (22m14.0s), 21/50 VUs, 5203 complete and 0 interrupted iterations
default   [  97% ] 21/50 VUs  22m14.0s/23m00.0s

running (22m15.0s), 20/50 VUs, 5207 complete and 0 interrupted iterations
default   [  97% ] 20/50 VUs  22m15.0s/23m00.0s

running (22m16.0s), 20/50 VUs, 5211 complete and 0 interrupted iterations
default   [  97% ] 20/50 VUs  22m16.0s/23m00.0s

running (22m17.0s), 20/50 VUs, 5215 complete and 0 interrupted iterations
default   [  97% ] 20/50 VUs  22m17.0s/23m00.0s

running (22m18.0s), 19/50 VUs, 5220 complete and 0 interrupted iterations
default   [  97% ] 19/50 VUs  22m18.0s/23m00.0s

running (22m19.0s), 19/50 VUs, 5223 complete and 0 interrupted iterations
default   [  97% ] 19/50 VUs  22m19.0s/23m00.0s

running (22m20.0s), 19/50 VUs, 5228 complete and 0 interrupted iterations
default   [  97% ] 19/50 VUs  22m20.0s/23m00.0s

running (22m21.0s), 19/50 VUs, 5232 complete and 0 interrupted iterations
default   [  97% ] 19/50 VUs  22m21.0s/23m00.0s

running (22m22.0s), 17/50 VUs, 5236 complete and 0 interrupted iterations
default   [  97% ] 17/50 VUs  22m22.0s/23m00.0s

running (22m23.0s), 16/50 VUs, 5240 complete and 0 interrupted iterations
default   [  97% ] 16/50 VUs  22m23.0s/23m00.0s

running (22m24.0s), 16/50 VUs, 5244 complete and 0 interrupted iterations
default   [  97% ] 16/50 VUs  22m24.0s/23m00.0s

running (22m25.0s), 16/50 VUs, 5248 complete and 0 interrupted iterations
default   [  97% ] 16/50 VUs  22m25.0s/23m00.0s

running (22m26.0s), 15/50 VUs, 5252 complete and 0 interrupted iterations
default   [  98% ] 15/50 VUs  22m26.0s/23m00.0s

running (22m27.0s), 14/50 VUs, 5256 complete and 0 interrupted iterations
default   [  98% ] 14/50 VUs  22m27.0s/23m00.0s

running (22m28.0s), 14/50 VUs, 5260 complete and 0 interrupted iterations
default   [  98% ] 14/50 VUs  22m28.0s/23m00.0s

running (22m29.0s), 14/50 VUs, 5264 complete and 0 interrupted iterations
default   [  98% ] 14/50 VUs  22m29.0s/23m00.0s

running (22m30.0s), 13/50 VUs, 5268 complete and 0 interrupted iterations
default   [  98% ] 13/50 VUs  22m30.0s/23m00.0s

running (22m31.0s), 13/50 VUs, 5272 complete and 0 interrupted iterations
default   [  98% ] 13/50 VUs  22m31.0s/23m00.0s

running (22m32.0s), 13/50 VUs, 5276 complete and 0 interrupted iterations
default   [  98% ] 13/50 VUs  22m32.0s/23m00.0s

running (22m33.0s), 12/50 VUs, 5280 complete and 0 interrupted iterations
default   [  98% ] 12/50 VUs  22m33.0s/23m00.0s

running (22m34.0s), 12/50 VUs, 5284 complete and 0 interrupted iterations
default   [  98% ] 12/50 VUs  22m34.0s/23m00.0s

running (22m35.0s), 12/50 VUs, 5288 complete and 0 interrupted iterations
default   [  98% ] 12/50 VUs  22m35.0s/23m00.0s

running (22m36.0s), 12/50 VUs, 5292 complete and 0 interrupted iterations
default   [  98% ] 12/50 VUs  22m36.0s/23m00.0s

running (22m37.0s), 11/50 VUs, 5296 complete and 0 interrupted iterations
default   [  98% ] 11/50 VUs  22m37.0s/23m00.0s

running (22m38.0s), 11/50 VUs, 5300 complete and 0 interrupted iterations
default   [  98% ] 11/50 VUs  22m38.0s/23m00.0s

running (22m39.0s), 10/50 VUs, 5304 complete and 0 interrupted iterations
default   [  98% ] 10/50 VUs  22m39.0s/23m00.0s

running (22m40.0s), 09/50 VUs, 5308 complete and 0 interrupted iterations
default   [  99% ] 09/50 VUs  22m40.0s/23m00.0s

running (22m41.0s), 09/50 VUs, 5312 complete and 0 interrupted iterations
default   [  99% ] 09/50 VUs  22m41.0s/23m00.0s

running (22m42.0s), 09/50 VUs, 5316 complete and 0 interrupted iterations
default   [  99% ] 09/50 VUs  22m42.0s/23m00.0s

running (22m43.0s), 08/50 VUs, 5320 complete and 0 interrupted iterations
default   [  99% ] 08/50 VUs  22m43.0s/23m00.0s

running (22m44.0s), 07/50 VUs, 5324 complete and 0 interrupted iterations
default   [  99% ] 07/50 VUs  22m44.0s/23m00.0s

running (22m45.0s), 07/50 VUs, 5328 complete and 0 interrupted iterations
default   [  99% ] 07/50 VUs  22m45.0s/23m00.0s

running (22m46.0s), 07/50 VUs, 5331 complete and 0 interrupted iterations
default   [  99% ] 07/50 VUs  22m46.0s/23m00.0s

running (22m47.0s), 06/50 VUs, 5336 complete and 0 interrupted iterations
default   [  99% ] 06/50 VUs  22m47.0s/23m00.0s

running (22m48.0s), 06/50 VUs, 5339 complete and 0 interrupted iterations
default   [  99% ] 06/50 VUs  22m48.0s/23m00.0s

running (22m49.0s), 05/50 VUs, 5343 complete and 0 interrupted iterations
default   [  99% ] 05/50 VUs  22m49.0s/23m00.0s

running (22m50.0s), 05/50 VUs, 5345 complete and 0 interrupted iterations
default   [  99% ] 05/50 VUs  22m50.0s/23m00.0s

running (22m51.0s), 05/50 VUs, 5348 complete and 0 interrupted iterations
default   [  99% ] 05/50 VUs  22m51.0s/23m00.0s

running (22m52.0s), 04/50 VUs, 5350 complete and 0 interrupted iterations
default   [  99% ] 04/50 VUs  22m52.0s/23m00.0s

running (22m53.0s), 03/50 VUs, 5353 complete and 0 interrupted iterations
default   [  99% ] 03/50 VUs  22m53.0s/23m00.0s

running (22m54.0s), 03/50 VUs, 5354 complete and 0 interrupted iterations
default   [ 100% ] 03/50 VUs  22m54.0s/23m00.0s

running (22m55.0s), 03/50 VUs, 5356 complete and 0 interrupted iterations
default   [ 100% ] 03/50 VUs  22m55.0s/23m00.0s

running (22m56.0s), 03/50 VUs, 5357 complete and 0 interrupted iterations
default   [ 100% ] 03/50 VUs  22m56.0s/23m00.0s

running (22m57.0s), 02/50 VUs, 5359 complete and 0 interrupted iterations
default   [ 100% ] 02/50 VUs  22m57.0s/23m00.0s

running (22m58.0s), 02/50 VUs, 5360 complete and 0 interrupted iterations
default   [ 100% ] 02/50 VUs  22m58.0s/23m00.0s

running (22m59.0s), 01/50 VUs, 5362 complete and 0 interrupted iterations
default   [ 100% ] 01/50 VUs  22m59.0s/23m00.0s

running (23m00.0s), 01/50 VUs, 5363 complete and 0 interrupted iterations
default   [ 100% ] 01/50 VUs  23m00.0s/23m00.0s

running (23m01.0s), 01/50 VUs, 5363 complete and 0 interrupted iterations
default ↓ [ 100% ] 01/50 VUs  23m0s
time="2025-11-20T19:52:26+01:00" level=info msg="\n================================================================================" source=console
time="2025-11-20T19:52:26+01:00" level=info msg="LIBRARY PERMISSION VALIDATION PERFORMANCE TEST - SUMMARY" source=console
time="2025-11-20T19:52:26+01:00" level=info msg="================================================================================" source=console
time="2025-11-20T19:52:26+01:00" level=info msg="Test completed for library permission validation" source=console
time="2025-11-20T19:52:26+01:00" level=info msg="Load pattern: 10 → 25 → 50 → 75 → 100 concurrent users" source=console
time="2025-11-20T19:52:26+01:00" level=info msg="Permissions validated per request: 10" source=console
time="2025-11-20T19:52:26+01:00" level=info msg="Library scopes tested: 6" source=console
time="2025-11-20T19:52:26+01:00" level=info msg="\nUser & Role Configuration:" source=console
time="2025-11-20T19:52:26+01:00" level=info msg="  - Total users created: 0" source=console
time="2025-11-20T19:52:26+01:00" level=info msg="  - Roles assigned: library_admin, library_author, library_user" source=console
time="2025-11-20T19:52:26+01:00" level=info msg="  - Distribution: 0 users per role (approx.)" source=console
time="2025-11-20T19:52:26+01:00" level=info msg="\nTest Time Range:" source=console
time="2025-11-20T19:52:26+01:00" level=info msg="  - Start: 2025-11-20T18:29:24.599Z" source=console
time="2025-11-20T19:52:26+01:00" level=info msg="  - End:   2025-11-20T18:52:26.226Z" source=console
time="2025-11-20T19:52:26+01:00" level=info msg="  - Duration: 23 minutes" source=console
time="2025-11-20T19:52:26+01:00" level=info msg="\n📊 Grafana Dashboard (with 5min buffer):" source=console
time="2025-11-20T19:52:26+01:00" level=info msg="  https://vitals.singapore.edunext.cloud/grafana/d/openedxperformance/open-edx-performance?from=2025-11-20T18:24:24.599Z&to=2025-11-20T18:57:26.226Z&var-resolution=3m&refresh=5m" source=console
time="2025-11-20T19:52:26+01:00" level=info msg="\nKey Metrics:" source=console
time="2025-11-20T19:52:26+01:00" level=info msg="  - permission_validation_duration (custom metric)" source=console
time="2025-11-20T19:52:26+01:00" level=info msg="  - http_req_duration (overall response times)" source=console
time="2025-11-20T19:52:26+01:00" level=info msg="  - http_req_failed (error rates)" source=console
time="2025-11-20T19:52:26+01:00" level=info msg="\nTo save reports with timestamp:" source=console
time="2025-11-20T19:52:26+01:00" level=info msg="  ./run_authz_test.sh authz_small" source=console
time="2025-11-20T19:52:26+01:00" level=info msg="================================================================================\n" source=console
[32m     ✓ Authorization successful[0m
[32m     ✓ Access token received[0m
[31m     ✗ Validate permissions successful
      ↳  99% — ✓ 5364 / ✗ 2[0m
[31m     ✗ Permissions response is array
      ↳  99% — ✓ 5364 / ✗ 2[0m
[31m     ✗ All permissions have allowed field
      ↳  99% — ✓ 5364 / ✗ 2[0m

     checks[2m...........................:[0m [36m99.96%[0m [36;2m✓ 16192[0m    [36;2m✗ 6[0m   
     data_received[2m....................:[0m [36m7.2 MB[0m [36;2m5.2 kB/s[0m
     data_sent[2m........................:[0m [36m4.6 MB[0m [36;2m3.3 kB/s[0m
     http_req_blocked[2m.................:[0m min=[36m127ns[0m    avg=[36m2.61ms[0m      med=[36m965ns[0m    max=[36m522.61ms[0m p(90)=[36m1.65µs[0m   p(95)=[36m1.9µs[0m    p(99)=[36m23.73µs[0m  p(99.9)=[36m352.91ms[0m
     http_req_connecting[2m..............:[0m min=[36m0s[0m       avg=[36m1.21ms[0m      med=[36m0s[0m       max=[36m217.78ms[0m p(90)=[36m0s[0m       p(95)=[36m0s[0m       p(99)=[36m0s[0m       p(99.9)=[36m189.85ms[0m
   [31m✗[0m http_req_duration[2m................:[0m min=[36m331.99ms[0m avg=[36m6.36s[0m       med=[36m6.31s[0m    max=[36m12.84s[0m   p(90)=[36m11.15s[0m   p(95)=[36m11.4s[0m    p(99)=[36m11.74s[0m   p(99.9)=[36m11.96s[0m  
       { expected_response:true }[2m.....:[0m min=[36m331.99ms[0m avg=[36m6.36s[0m       med=[36m6.31s[0m    max=[36m12.84s[0m   p(90)=[36m11.15s[0m   p(95)=[36m11.4s[0m    p(99)=[36m11.74s[0m   p(99.9)=[36m11.96s[0m  
   [32m✓[0m http_req_failed[2m..................:[0m [36m0.03%[0m  [36;2m✓ 2[0m        [36;2m✗ 5414[0m
     http_req_receiving[2m...............:[0m min=[36m0s[0m       avg=[36m129.73µs[0m    med=[36m117.76µs[0m max=[36m2.2ms[0m    p(90)=[36m224.46µs[0m p(95)=[36m272.67µs[0m p(99)=[36m383.43µs[0m p(99.9)=[36m629.54µs[0m
     http_req_sending[2m.................:[0m min=[36m34.09µs[0m  avg=[36m244.64µs[0m    med=[36m242.38µs[0m max=[36m1.15ms[0m   p(90)=[36m388.2µs[0m  p(95)=[36m441.57µs[0m p(99)=[36m577.36µs[0m p(99.9)=[36m723.93µs[0m
     http_req_tls_handshaking[2m.........:[0m min=[36m0s[0m       avg=[36m1.26ms[0m      med=[36m0s[0m       max=[36m220.47ms[0m p(90)=[36m0s[0m       p(95)=[36m0s[0m       p(99)=[36m0s[0m       p(99.9)=[36m177.48ms[0m
     http_req_waiting[2m.................:[0m min=[36m331.36ms[0m avg=[36m6.36s[0m       med=[36m6.31s[0m    max=[36m12.84s[0m   p(90)=[36m11.15s[0m   p(95)=[36m11.4s[0m    p(99)=[36m11.74s[0m   p(99.9)=[36m11.96s[0m  
     http_reqs[2m........................:[0m [36m5416[0m   [36;2m3.920004/s[0m
     iteration_duration[2m...............:[0m min=[36m1.77s[0m    avg=[36m7.44s[0m       med=[36m7.52s[0m    max=[36m24.73s[0m   p(90)=[36m12.19s[0m   p(95)=[36m12.44s[0m   p(99)=[36m12.79s[0m   p(99.9)=[36m21.5s[0m   
     iterations[2m.......................:[0m [36m5364[0m   [36;2m3.882367/s[0m
   [31m✗[0m permission_validation_duration[2m...:[0m min=[36m772[0m      avg=[36m6384.910175[0m med=[36m6365[0m     max=[36m12844[0m    p(90)=[36m11159.5[0m  p(95)=[36m11406[0m    p(99)=[36m11749.1[0m  p(99.9)=[36m11969.05[0m
   [32m✓[0m permission_validation_errors[2m.....:[0m [36m0[0m      [36;2m0/s[0m
     vus[2m..............................:[0m [36m1[0m      [36;2mmin=1[0m      [36;2mmax=50[0m
     vus_max[2m..........................:[0m [36m50[0m     [36;2mmin=50[0m     [36;2mmax=50[0m
running (23m01.6s), 00/50 VUs, 5364 complete and 0 interrupted iterations
default ✓ [ 100% ] 00/50 VUs  23m0s
time="2025-11-20T19:52:26+01:00" level=error msg="thresholds on metrics 'http_req_duration, permission_validation_duration' have been crossed"
